ISO-10303-21;
HEADER;
FILE_DESCRIPTION (( 'STEP AP214' ),
    '1' );
FILE_NAME ('C0603.STEP',
    '2024-06-08T06:40:59',
    ( '' ),
    ( '' ),
    'SwSTEP 2.0',
    'SolidWorks 2022',
    '' );
FILE_SCHEMA (( 'AUTOMOTIVE_DESIGN' ));
ENDSEC;

DATA;
#1 = CARTESIAN_POINT ( 'NONE',  ( 0.1478736341426542811, 0.9009999999999999121, 0.03828274583643513640 ) ) ;
#2 = CARTESIAN_POINT ( 'NONE',  ( 0.07820383024967444974, 0.9010000000000003562, 0.006853463484889396606 ) ) ;
#3 = CARTESIAN_POINT ( 'NONE',  ( 0.1280111011512378993, 0.9010000000000000231, -0.03568168892996764069 ) ) ;
#4 = ORIENTED_EDGE ( 'NONE', *, *, #5524, .T. ) ;
#5 = CARTESIAN_POINT ( 'NONE',  ( 0.1553549453151499005, 0.8999999999999999112, 0.01767913261132480346 ) ) ;
#6 = DIRECTION ( 'NONE',  ( -1.000000000000000000, -0.000000000000000000, -0.000000000000000000 ) ) ;
#7 = SURFACE_SIDE_STYLE ('',( #4282 ) ) ;
#8 = ORIENTED_EDGE ( 'NONE', *, *, #5638, .T. ) ;
#9 = CARTESIAN_POINT ( 'NONE',  ( 0.1307331447605163954, 0.9000000000000003553, -0.03307506954330457355 ) ) ;
#10 = CARTESIAN_POINT ( 'NONE',  ( -0.06386207497362006436, 0.9009999999999998010, 0.01799888276115502173 ) ) ;
#11 = CARTESIAN_POINT ( 'NONE',  ( -0.1293472713381162154, 0.8999999999999996891, 0.04343766765440031791 ) ) ;
#12 = VERTEX_POINT ( 'NONE', #3936 ) ;
#13 = SURFACE_STYLE_USAGE ( .BOTH. , #4290 ) ;
#14 = LINE ( 'NONE', #5671, #3241 ) ;
#15 = CARTESIAN_POINT ( 'NONE',  ( 0.1111708220462978847, 0.9000000000000001332, 0.02866230110284088972 ) ) ;
#16 = CARTESIAN_POINT ( 'NONE',  ( 0.1292523457261196551, 0.9000000000000001332, 0.03048534464538246724 ) ) ;
#17 = CARTESIAN_POINT ( 'NONE',  ( 0.6484832003429489289, 0.000000000000000000, -0.3982548875554663970 ) ) ;
#18 = CARTESIAN_POINT ( 'NONE',  ( 0.1223020606997652776, 0.9000000000000001332, -0.05507727764508545815 ) ) ;
#19 = CARTESIAN_POINT ( 'NONE',  ( -0.1091682918643373246, 0.9010000000000000231, 0.05005092748311967821 ) ) ;
#20 = CARTESIAN_POINT ( 'NONE',  ( 0.1056902212991748247, 0.8999999999999996891, 0.01857150867026369570 ) ) ;
#21 = CARTESIAN_POINT ( 'NONE',  ( -0.06386207497362006436, 0.8999999999999998002, 0.01799888276115502173 ) ) ;
#22 = CARTESIAN_POINT ( 'NONE',  ( 0.1159450455191941565, 0.9010000000000002451, -0.05454242277509081804 ) ) ;
#23 = CARTESIAN_POINT ( 'NONE',  ( 0.05981246014614854251, 0.9010000000000001341, 0.01042244463013075086 ) ) ;
#24 = CARTESIAN_POINT ( 'NONE',  ( 0.05340082327956545416, 0.8999999999999998002, 0.02823865876485402715 ) ) ;
#25 = FILL_AREA_STYLE ('',( #2317 ) ) ;
#26 = CARTESIAN_POINT ( 'NONE',  ( -0.06264775432451645532, 0.9010000000000003562, 0.009740224526693942383 ) ) ;
#27 = ORIENTED_EDGE ( 'NONE', *, *, #3345, .T. ) ;
#28 =( GEOMETRIC_REPRESENTATION_CONTEXT ( 3 ) GLOBAL_UNCERTAINTY_ASSIGNED_CONTEXT ( ( #3113 ) ) GLOBAL_UNIT_ASSIGNED_CONTEXT ( ( #4450, #1306, #1657 ) ) REPRESENTATION_CONTEXT ( 'NONE', 'WORKASPACE' ) );
#29 = CARTESIAN_POINT ( 'NONE',  ( 0.1368205564865610513, 0.8999999999999996891, 0.02183340248994784100 ) ) ;
#30 = CARTESIAN_POINT ( 'NONE',  ( -0.1433630034027988664, 0.9010000000000000231, -0.001531604568162380853 ) ) ;
#31 = EDGE_CURVE ( 'NONE', #4791, #2128, #4436, .T. ) ;
#32 = CARTESIAN_POINT ( 'NONE',  ( 0.07313009921522002632, 0.9000000000000001332, 0.03120962677902499455 ) ) ;
#33 = CARTESIAN_POINT ( 'NONE',  ( 0.1221818683920729426, 0.8999999999999999112, -0.03712855969636751075 ) ) ;
#34 = CARTESIAN_POINT ( 'NONE',  ( -0.6495851312298107638, 0.8993101150641404917, -0.3995240195484534018 ) ) ;
#35 = AXIS2_PLACEMENT_3D ( 'NONE', #846, #1295, #3206 ) ;
#36 = ORIENTED_EDGE ( 'NONE', *, *, #5368, .T. ) ;
#37 = ORIENTED_EDGE ( 'NONE', *, *, #4053, .F. ) ;
#38 = DIRECTION ( 'NONE',  ( -0.000000000000000000, -1.000000000000000000, -0.000000000000000000 ) ) ;
#39 = CARTESIAN_POINT ( 'NONE',  ( -0.6494607962347298535, 0.0005534465387861813327, 0.3993811167605288426 ) ) ;
#40 = ORIENTED_EDGE ( 'NONE', *, *, #5390, .T. ) ;
#41 = VECTOR ( 'NONE', #2832, 1000.000000000000000 ) ;
#42 =( LENGTH_UNIT ( ) NAMED_UNIT ( * ) SI_UNIT ( .MILLI., .METRE. ) );
#43 = EDGE_CURVE ( 'NONE', #894, #3075, #3240, .T. ) ;
#44 = CARTESIAN_POINT ( 'NONE',  ( -0.06387582391561938411, 0.9010000000000001341, 0.01878089543183762353 ) ) ;
#45 =( NAMED_UNIT ( * ) PLANE_ANGLE_UNIT ( ) SI_UNIT ( $, .RADIAN. ) );
#46 = VERTEX_POINT ( 'NONE', #3965 ) ;
#47 = LINE ( 'NONE', #5699, #2548 ) ;
#48 = CARTESIAN_POINT ( 'NONE',  ( 0.01802851577523773702, 0.9009999999999998010, -0.04037444852957392666 ) ) ;
#49 =( LENGTH_UNIT ( ) NAMED_UNIT ( * ) SI_UNIT ( .MILLI., .METRE. ) );
#50 = CARTESIAN_POINT ( 'NONE',  ( 0.1374062273664319045, 0.9000000000000000222, 0.01749884414978634256 ) ) ;
#51 = UNCERTAINTY_MEASURE_WITH_UNIT (LENGTH_MEASURE( 1.000000000000000082E-05 ), #4245, 'distance_accuracy_value', 'NONE');
#52 = LINE ( 'NONE', #2495, #4029 ) ;
#53 = CARTESIAN_POINT ( 'NONE',  ( 0.03957000130286657952, 0.8999999999999998002, 0.03111449040325628759 ) ) ;
#54 = CARTESIAN_POINT ( 'NONE',  ( -0.6490108047624454368, 0.0001787810796609710516, 0.3988634594555445223 ) ) ;
#55 = FACE_OUTER_BOUND ( 'NONE', #4376, .T. ) ;
#56 = B_SPLINE_CURVE_WITH_KNOTS ( 'NONE', 3,
 ( #1534, #3885, #5785, #564, #4848, #4914, #3448, #5286, #4950, #1472, #1504, #627, #1101, #5419, #2552, #1977 ),
 .UNSPECIFIED., .F., .F.,
 ( 4, 3, 3, 3, 3, 4 ),
 ( 4.701032857261367484E-20, 5.535654255782849844E-07, 1.103371656382697729E-06, 1.847285420013703222E-06, 2.821060109827548233E-06, 3.653927284469131472E-06 ),
 .UNSPECIFIED. ) ;
#57 = CARTESIAN_POINT ( 'NONE',  ( -0.05673308842153384352, 0.9000000000000000222, -0.004363782507661531813 ) ) ;
#58 = CARTESIAN_POINT ( 'NONE',  ( 0.04003823405869161994, 0.9000000000000000222, -0.03639882694468773300 ) ) ;
#59 = B_SPLINE_SURFACE_WITH_KNOTS ( 'NONE', 3, 1, ( 
 ( #849, #3715 ),
 ( #985, #5204 ),
 ( #5704, #5611 ),
 ( #2835, #3743 ),
 ( #4295, #4201 ),
 ( #1331, #6104 ),
 ( #1358, #1421 ),
 ( #3334, #5642 ),
 ( #4739, #490 ),
 ( #3837, #459 ),
 ( #3279, #5172 ),
 ( #2367, #4257 ),
 ( #2400, #5145 ),
 ( #2899, #880 ),
 ( #2798, #6159 ),
 ( #1890, #426 ),
 ( #4801, #521 ),
 ( #2428, #4326 ),
 ( #5299, #3927 ) ),
 .UNSPECIFIED., .F., .F., .F.,
 ( 4, 1, 1, 1, 1, 1, 1, 1, 1, 1, 1, 1, 1, 1, 1, 1, 4 ),
 ( 2, 2 ),
 ( 0.000000000000000000, 0.06562092715322311032, 0.1297044336027829980, 0.1920084100512055025, 0.2531653825181657269, 0.3145900137962941989, 0.3765327730011645557, 0.4392867016490339394, 0.5037985290657704951, 0.5682839993040014193, 0.6306288907425713353, 0.6915128396476385442, 0.7519975911628823395, 0.8123768520713858798, 0.8735768952802431819, 0.9360266791627422922, 1.000000000000000000 ),
 ( 0.000000000000000000, 1.000000000000000000 ),
 .UNSPECIFIED. ) ;
#60 = CARTESIAN_POINT ( 'NONE',  ( 0.03464676565949404569, 0.8999999999999996891, 0.04878955970900834133 ) ) ;
#61 = CARTESIAN_POINT ( 'NONE',  ( -0.02033303510856055568, 0.9010000000000001341, 0.01693418905321183651 ) ) ;
#62 = CARTESIAN_POINT ( 'NONE',  ( -0.08762731372317122958, 0.8999999999999999112, 0.04188868003568389092 ) ) ;
#63 = CARTESIAN_POINT ( 'NONE',  ( -0.1392123269851533174, 0.9009999999999999121, 0.02885411966180112184 ) ) ;
#64 = CARTESIAN_POINT ( 'NONE',  ( 0.6497544626328463080, 0.0009767000808519603772, 0.3997183879874685042 ) ) ;
#65 = ORIENTED_EDGE ( 'NONE', *, *, #4071, .F. ) ;
#66 = CARTESIAN_POINT ( 'NONE',  ( 0.1219161333839868105, 0.9010000000000001341, 0.05002672230172770795 ) ) ;
#67 = CARTESIAN_POINT ( 'NONE',  ( 0.1325821184224073579, 0.9009999999999999121, 0.007286671030348888974 ) ) ;
#68 = CARTESIAN_POINT ( 'NONE',  ( -0.1433458788931446792, 0.9010000000000001341, -0.003749255005359788083 ) ) ;
#69 = SURFACE_STYLE_USAGE ( .BOTH. , #2004 ) ;
#70 = ADVANCED_FACE ( 'NONE', ( #2061 ), #4485, .T. ) ;
#71 = ORIENTED_EDGE ( 'NONE', *, *, #1332, .F. ) ;
#72 = ORIENTED_EDGE ( 'NONE', *, *, #4394, .T. ) ;
#73 = CARTESIAN_POINT ( 'NONE',  ( 0.1322780222382268223, 0.8999999999999999112, -0.02771349559380340694 ) ) ;
#74 = CARTESIAN_POINT ( 'NONE',  ( -0.6500000000000000222, 0.002000000000000048614, 0.4000000000000000222 ) ) ;
#75 = VERTEX_POINT ( 'NONE', #1211 ) ;
#76 = CARTESIAN_POINT ( 'NONE',  ( 0.7980000000000000426, 0.8979999999999999094, 0.3980000000000000204 ) ) ;
#77 = COLOUR_RGB ( '',0.7921568627450980005, 0.8196078431372548767, 0.9333333333333333481 ) ;
#78 = B_SPLINE_CURVE_WITH_KNOTS ( 'NONE', 3,
 ( #874, #3736, #5197, #4666, #6150, #5635, #4637, #3796, #5104, #4698, #419 ),
 .UNSPECIFIED., .F., .F.,
 ( 4, 1, 1, 1, 1, 1, 1, 1, 4 ),
 ( 0.000000000000000000, 0.1389342360692885081, 0.2723713666678135303, 0.4007019795223951131, 0.5249153332245818371, 0.6467750113322136007, 0.7657064925031568103, 0.8831152256608792994, 1.000000000000000000 ),
 .UNSPECIFIED. ) ;
#79 = VERTEX_POINT ( 'NONE', #790 ) ;
#80 = CARTESIAN_POINT ( 'NONE',  ( 0.01048315044335500212, 0.9010000000000001341, -0.001531604568162381070 ) ) ;
#81 = CARTESIAN_POINT ( 'NONE',  ( 0.01048315044335500039, 0.9010000000000000231, -0.001531604568162380853 ) ) ;
#82 = CARTESIAN_POINT ( 'NONE',  ( 0.09024937315542372329, 0.8999999999999999112, 0.03051270429638850562 ) ) ;
#83 = CARTESIAN_POINT ( 'NONE',  ( 0.04502582109370684843, 0.9010000000000002451, -0.05506438017631783838 ) ) ;
#84 =( NAMED_UNIT ( * ) PLANE_ANGLE_UNIT ( ) SI_UNIT ( $, .RADIAN. ) );
#85 = MANIFOLD_SOLID_BREP ( 'Fillet1', #2297 ) ;
#86 = CARTESIAN_POINT ( 'NONE',  ( -0.06214491033207505261, 0.8999999999999999112, 0.008060014470662782080 ) ) ;
#87 = CARTESIAN_POINT ( 'NONE',  ( 0.1223020606997652776, 0.9010000000000000231, -0.05507727764508545815 ) ) ;
#88 = CARTESIAN_POINT ( 'NONE',  ( -0.07598661486874927484, 0.9010000000000000231, 0.01114848166613261436 ) ) ;
#89 = CARTESIAN_POINT ( 'NONE',  ( -0.07541428545408090933, 0.9010000000000000231, -0.002473110978418791451 ) ) ;
#90 = CARTESIAN_POINT ( 'NONE',  ( -0.1195549849284054944, 0.9010000000000001341, -0.03218774024503709419 ) ) ;
#91 = CARTESIAN_POINT ( 'NONE',  ( -0.1118171681393183153, 0.8999999999999996891, 0.05000525472347360639 ) ) ;
#92 = CARTESIAN_POINT ( 'NONE',  ( -0.06355739415806824222, 0.9000000000000002442, 0.01408194306874738407 ) ) ;
#93 = ORIENTED_EDGE ( 'NONE', *, *, #5950, .T. ) ;
#94 = CARTESIAN_POINT ( 'NONE',  ( -0.1071120546812612262, 0.9000000000000003553, -0.05503902030677629981 ) ) ;
#95 = CARTESIAN_POINT ( 'NONE',  ( 0.1553549453151499005, 0.8999999999999999112, 0.01767913261132480346 ) ) ;
#96 = CARTESIAN_POINT ( 'NONE',  ( -0.6488050738202448819, 0.8998994340293755556, -0.3986262191057001747 ) ) ;
#97 = CARTESIAN_POINT ( 'NONE',  ( -0.03071989591601595113, 0.9010000000000004672, 0.03195215891091236771 ) ) ;
#98 = CARTESIAN_POINT ( 'NONE',  ( -0.1015211587278891242, 0.8999999999999998002, 0.04933696907557084954 ) ) ;
#99 = CARTESIAN_POINT ( 'NONE',  ( 0.1373493623960100607, 0.9010000000000002451, 0.01585714959585861686 ) ) ;
#100 = ORIENTED_EDGE ( 'NONE', *, *, #1790, .F. ) ;
#101 = VERTEX_POINT ( 'NONE', #3092 ) ;
#102 = VECTOR ( 'NONE', #6106, 1000.000000000000000 ) ;
#103 = CARTESIAN_POINT ( 'NONE',  ( -0.08953833609346018019, 0.9009999999999999121, -0.04828525652437167665 ) ) ;
#104 = EDGE_CURVE ( 'NONE', #2334, #4566, #5085, .T. ) ;
#105 = ORIENTED_EDGE ( 'NONE', *, *, #4879, .T. ) ;
#106 = CARTESIAN_POINT ( 'NONE',  ( -0.01570742555061303836, 0.9010000000000000231, -0.007700538078027017834 ) ) ;
#107 = PLANE ( 'NONE',  #1436 ) ;
#108 = DIRECTION ( 'NONE',  ( 0.000000000000000000, 0.000000000000000000, -1.000000000000000000 ) ) ;
#109 = CARTESIAN_POINT ( 'NONE',  ( -0.06313609509747117321, 0.9009999999999998010, 0.01172721697068503446 ) ) ;
#110 = PRESENTATION_LAYER_ASSIGNMENT (  '', '', ( #1200 ) ) ;
#111 = EDGE_CURVE ( 'NONE', #238, #6123, #1488, .T. ) ;
#112 = B_SPLINE_SURFACE_WITH_KNOTS ( 'NONE', 3, 1, ( 
 ( #2152, #2187 ),
 ( #4943, #767 ),
 ( #4089, #4060 ),
 ( #648, #3621 ),
 ( #2693, #5966 ),
 ( #3656, #3154 ),
 ( #2091, #2574 ),
 ( #1682, #3596 ),
 ( #4470, #3531 ),
 ( #197, #5439 ),
 ( #1156, #3069 ) ),
 .UNSPECIFIED., .F., .F., .F.,
 ( 4, 1, 1, 1, 1, 1, 1, 1, 4 ),
 ( 2, 2 ),
 ( 0.000000000000000000, 0.1323140339085642769, 0.2587000085531552251, 0.3809118214856530571, 0.5005348689728938982, 0.6209226176484481385, 0.7423757653984726090, 0.8682808341788561535, 0.9999999999999998890 ),
 ( 0.000000000000000000, 1.000000000000000000 ),
 .UNSPECIFIED. ) ;
#113 = STYLED_ITEM ( 'NONE', ( #2213 ), #1218 ) ;
#114 = EDGE_LOOP ( 'NONE', ( #1743, #2669, #4, #1325 ) ) ;
#115 = CARTESIAN_POINT ( 'NONE',  ( -0.1142761525432872821, 0.9010000000000002451, 0.03111449040325629453 ) ) ;
#116 = SURFACE_STYLE_USAGE ( .BOTH. , #664 ) ;
#117 = UNCERTAINTY_MEASURE_WITH_UNIT (LENGTH_MEASURE( 1.000000000000000082E-05 ), #5146, 'distance_accuracy_value', 'NONE');
#118 = CARTESIAN_POINT ( 'NONE',  ( 0.08915296505168605889, 0.9009999999999999121, 0.02734880639750923367 ) ) ;
#119 = FILL_AREA_STYLE ('',( #2021 ) ) ;
#120 = DIRECTION ( 'NONE',  ( -1.000000000000000000, -0.000000000000000000, -0.000000000000000000 ) ) ;
#121 = EDGE_CURVE ( 'NONE', #1951, #79, #1270, .T. ) ;
#122 = CARTESIAN_POINT ( 'NONE',  ( -0.06264775432451645532, 0.9000000000000002442, 0.009740224526693942383 ) ) ;
#123 = DIRECTION ( 'NONE',  ( -0.000000000000000000, -1.000000000000000000, -0.000000000000000000 ) ) ;
#124 = CARTESIAN_POINT ( 'NONE',  ( 0.03793141743643656250, 0.9010000000000001341, -0.03544193953851068613 ) ) ;
#125 = CARTESIAN_POINT ( 'NONE',  ( 0.01694972150391758567, 0.9009999999999999121, 0.03388616946846450401 ) ) ;
#126 = CARTESIAN_POINT ( 'NONE',  ( -0.02110698626011963536, 0.9010000000000001341, 0.01237626568601533396 ) ) ;
#127 = CARTESIAN_POINT ( 'NONE',  ( -0.1243347929176753242, 0.9010000000000002451, -0.01911985382351150120 ) ) ;
#128 = CARTESIAN_POINT ( 'NONE',  ( -0.1355943281889861740, 0.8999999999999999112, 0.03613718381239958838 ) ) ;
#129 = CARTESIAN_POINT ( 'NONE',  ( 0.6500000000000000222, 0.002000000000000048614, 0.4000000000000000222 ) ) ;
#130 = VERTEX_POINT ( 'NONE', #5117 ) ;
#131 = PRESENTATION_STYLE_ASSIGNMENT (( #4340 ) ) ;
#132 = CARTESIAN_POINT ( 'NONE',  ( 0.1368453299305345261, 0.9010000000000000231, -0.007901796875854688249 ) ) ;
#133 = CARTESIAN_POINT ( 'NONE',  ( -0.6495274362460350392, 0.8993848158228779921, -0.3994577499140557486 ) ) ;
#134 = CARTESIAN_POINT ( 'NONE',  ( -0.02826738363598399126, 0.8999999999999998002, 0.03117846460466699304 ) ) ;
#135 = CARTESIAN_POINT ( 'NONE',  ( -0.002337362377157837026, 0.8999999999999999112, 0.01892111979081198200 ) ) ;
#136 = B_SPLINE_CURVE_WITH_KNOTS ( 'NONE', 3,
 ( #2279, #3684, #1334, #5993, #1742, #3212, #4584, #1771, #1301, #1360, #3182, #4171, #6047, #397, #307, #3149, #5116, #3248, #820 ),
 .UNSPECIFIED., .F., .F.,
 ( 4, 1, 1, 1, 1, 1, 1, 1, 1, 1, 1, 1, 1, 1, 1, 1, 4 ),
 ( 0.000000000000000000, 0.06622147296504658776, 0.1301222241928454426, 0.1929218896442584374, 0.2547641743082541543, 0.3157567810544731901, 0.3763028430934008961, 0.4368144190490078627, 0.4981681590965026940, 0.5595162284808273823, 0.6202430211536017479, 0.6809698138263761136, 0.7423490653749127421, 0.8045838965925342645, 0.8681023975450437025, 0.9333073801795226387, 1.000000000000000000 ),
 .UNSPECIFIED. ) ;
#137 = ORIENTED_EDGE ( 'NONE', *, *, #571, .F. ) ;
#138 = VERTEX_POINT ( 'NONE', #4647 ) ;
#139 = STYLED_ITEM ( 'NONE', ( #5730 ), #4605 ) ;
#140 = B_SPLINE_CURVE_WITH_KNOTS ( 'NONE', 3,
 ( #3391, #4381, #2953, #3480, #9, #1104, #5289, #3018, #543, #2922, #1916 ),
 .UNSPECIFIED., .F., .F.,
 ( 4, 1, 1, 1, 1, 1, 1, 1, 4 ),
 ( 0.000000000000000000, 0.1262080809789268843, 0.2463314545173051484, 0.3634838183347864904, 0.4847544616601202616, 0.6083827567272828141, 0.7312142544154163204, 0.8609892746833422983, 1.000000000000000000 ),
 .UNSPECIFIED. ) ;
#141 = CARTESIAN_POINT ( 'NONE',  ( 0.05555526582797038621, 0.9000000000000000222, 0.02523121594465813772 ) ) ;
#142 = CARTESIAN_POINT ( 'NONE',  ( -0.01822745755058469141, 0.9010000000000001341, -0.009254051735940642745 ) ) ;
#143 =( NAMED_UNIT ( * ) SI_UNIT ( $, .STERADIAN. ) SOLID_ANGLE_UNIT ( ) );
#144 = CARTESIAN_POINT ( 'NONE',  ( 0.1502267401869447627, 0.9000000000000001332, -0.02885532251688032943 ) ) ;
#145 = CARTESIAN_POINT ( 'NONE',  ( 0.06923868151743722832, 0.9010000000000002451, -0.04289115402682275313 ) ) ;
#146 = MECHANICAL_DESIGN_GEOMETRIC_PRESENTATION_REPRESENTATION (  '', ( #3929 ), #4722 ) ;
#147 = PRESENTATION_LAYER_ASSIGNMENT (  '', '', ( #2136 ) ) ;
#148 = STYLED_ITEM ( 'NONE', ( #5614 ), #4972 ) ;
#149 = CARTESIAN_POINT ( 'NONE',  ( 0.09614397859980625127, 0.9000000000000003553, -0.04019130273948443716 ) ) ;
#150 = CARTESIAN_POINT ( 'NONE',  ( 0.09510283403057798179, 0.9009999999999996900, -0.03804901686015350198 ) ) ;
#151 = CARTESIAN_POINT ( 'NONE',  ( 0.1138760901889245003, 0.9010000000000002451, 0.04954358280627220446 ) ) ;
#152 = FACE_OUTER_BOUND ( 'NONE', #1349, .T. ) ;
#153 = CARTESIAN_POINT ( 'NONE',  ( 0.04117345110229053695, 0.8999999999999998002, 0.03168219816481541301 ) ) ;
#154 = AXIS2_PLACEMENT_3D ( 'NONE', #2987, #2522, #2050 ) ;
#155 = CARTESIAN_POINT ( 'NONE',  ( -0.01078447098244816708, 0.9010000000000001341, -0.003313056085772286830 ) ) ;
#156 = CYLINDRICAL_SURFACE ( 'NONE', #3130, 0.002000000000000048614 ) ;
#157 = CARTESIAN_POINT ( 'NONE',  ( 0.1165619668732292974, 0.9000000000000000222, -0.03576086714140705447 ) ) ;
#158 = CARTESIAN_POINT ( 'NONE',  ( 0.01463382686100055986, 0.9010000000000000231, 0.02885411966180115306 ) ) ;
#159 = CARTESIAN_POINT ( 'NONE',  ( 0.1104831504433550216, 0.9010000000000000231, -0.02815420072200854051 ) ) ;
#160 = CARTESIAN_POINT ( 'NONE',  ( 0.1111371681579148146, 0.9010000000000000231, -0.03005849693722792079 ) ) ;
#161 = CARTESIAN_POINT ( 'NONE',  ( -0.1059783743901110686, 0.9010000000000000231, 0.03171878295294837391 ) ) ;
#162 = VERTEX_POINT ( 'NONE', #5963 ) ;
#163 = CARTESIAN_POINT ( 'NONE',  ( 0.7980000000000000426, 0.002000000000000000042, 0.000000000000000000 ) ) ;
#164 = ADVANCED_FACE ( 'NONE', ( #6079 ), #3150, .T. ) ;
#165 = CARTESIAN_POINT ( 'NONE',  ( 0.1516040602789811287, 0.8999999999999998002, 0.003378715235055416120 ) ) ;
#166 = PRODUCT ( 'C0603', 'C0603', '', ( #1572 ) ) ;
#167 = LINE ( 'NONE', #1622, #2775 ) ;
#168 = PRESENTATION_STYLE_ASSIGNMENT (( #1188 ) ) ;
#169 = CARTESIAN_POINT ( 'NONE',  ( -0.04783416871818042121, 0.8999999999999999112, 0.04638749933042028012 ) ) ;
#170 = CARTESIAN_POINT ( 'NONE',  ( -0.002821585733402545877, 0.9009999999999999121, 0.01246281359427872659 ) ) ;
#171 = ORIENTED_EDGE ( 'NONE', *, *, #2401, .F. ) ;
#172 = CARTESIAN_POINT ( 'NONE',  ( -0.1021725059435788646, 0.9010000000000003562, -0.05434940545442304427 ) ) ;
#173 = CARTESIAN_POINT ( 'NONE',  ( 0.000000000000000000, 0.8979999999999999094, 0.3980000000000000204 ) ) ;
#174 = DIRECTION ( 'NONE',  ( 0.000000000000000000, 0.000000000000000000, 1.000000000000000000 ) ) ;
#175 = SURFACE_SIDE_STYLE ('',( #2617 ) ) ;
#176 = CARTESIAN_POINT ( 'NONE',  ( 0.1468528177310072513, 0.9000000000000003553, -0.01670608921637569202 ) ) ;
#177 = CARTESIAN_POINT ( 'NONE',  ( 0.6500000000000001332, 0.001815478191474308774, -0.4000000000000000222 ) ) ;
#178 = CARTESIAN_POINT ( 'NONE',  ( 0.06771593466594856559, 0.8999999999999999112, -0.04486961594020563021 ) ) ;
#179 = ORIENTED_EDGE ( 'NONE', *, *, #2710, .F. ) ;
#180 = CARTESIAN_POINT ( 'NONE',  ( 0.01501480317014374476, 0.9010000000000001341, -0.03422900812207960164 ) ) ;
#181 = DIRECTION ( 'NONE',  ( -0.000000000000000000, -1.000000000000000000, -0.000000000000000000 ) ) ;
#182 = CARTESIAN_POINT ( 'NONE',  ( 0.09866759577359511535, 0.9010000000000001341, -0.04408559839284963838 ) ) ;
#183 = UNCERTAINTY_MEASURE_WITH_UNIT (LENGTH_MEASURE( 1.000000000000000082E-05 ), #1969, 'distance_accuracy_value', 'NONE');
#184 = CARTESIAN_POINT ( 'NONE',  ( 0.04283257682590426579, 0.9000000000000000222, -0.05503319143535112534 ) ) ;
#185 = EDGE_CURVE ( 'NONE', #6039, #5161, #1863, .T. ) ;
#186 = CARTESIAN_POINT ( 'NONE',  ( 0.04401519271766411029, 0.9009999999999999121, 0.03207790524200764687 ) ) ;
#187 =( NAMED_UNIT ( * ) SI_UNIT ( $, .STERADIAN. ) SOLID_ANGLE_UNIT ( ) );
#188 = CARTESIAN_POINT ( 'NONE',  ( 0.04467786198181653706, 0.8999999999999998002, 0.05005092748311967821 ) ) ;
#189 = CARTESIAN_POINT ( 'NONE',  ( 0.01246933194599060893, 0.9010000000000002451, -0.02516093932430846919 ) ) ;
#190 = CARTESIAN_POINT ( 'NONE',  ( 0.03089616759096265597, 0.9009999999999999121, -0.02517263168873113896 ) ) ;
#191 = EDGE_CURVE ( 'NONE', #5755, #5316, #4330, .T. ) ;
#192 = CARTESIAN_POINT ( 'NONE',  ( -0.07859589652172999097, 0.9010000000000002451, 0.02558555698863765326 ) ) ;
#193 = CARTESIAN_POINT ( 'NONE',  ( -0.02028608032587578269, 0.9010000000000000231, 0.01789948517542736678 ) ) ;
#194 = CIRCLE ( 'NONE', #2686, 0.002000000000000048614 ) ;
#195 = CARTESIAN_POINT ( 'NONE',  ( -0.1138079197874622556, 0.9010000000000000231, -0.03639882694468771218 ) ) ;
#196 = CARTESIAN_POINT ( 'NONE',  ( 0.6484832003429488179, 0.000000000000000000, 0.3982548875554663415 ) ) ;
#197 = CARTESIAN_POINT ( 'NONE',  ( -0.1110135770202495681, 0.9009999999999998010, -0.05503319143535111840 ) ) ;
#198 = B_SPLINE_CURVE_WITH_KNOTS ( 'NONE', 3,
 ( #4883, #3415, #1069, #1945, #172, #4820, #2073, #2980, #596, #4447, #103, #2518, #3015, #4379, #4415, #3388, #1599, #2009, #2455, #3852, #5317, #3978, #2043, #5882, #3948, #3510, #4478 ),
 .UNSPECIFIED., .F., .F.,
 ( 4, 1, 1, 1, 1, 1, 1, 1, 1, 1, 1, 1, 1, 1, 1, 1, 1, 1, 1, 1, 1, 1, 1, 1, 4 ),
 ( 0.000000000000000000, 0.03663489025512731839, 0.07203398234778937703, 0.1066259706074960262, 0.1403056939382974211, 0.1736194704926824761, 0.2064256725696814176, 0.2390670061327424822, 0.2718828805625944645, 0.3048398888131204076, 0.3385290337045872011, 0.3726161878593847732, 0.4075482500265396046, 0.4437189059571693406, 0.4813115090919058980, 0.5201129981462018215, 0.5609129028334480793, 0.6040246006136038570, 0.6500745638656777459, 0.6995722277770578534, 0.7523625390892968445, 0.8087887173463874646, 0.8689542125204782197, 0.9326747199379386011, 1.000000000000000000 ),
 .UNSPECIFIED. ) ;
#199 = CARTESIAN_POINT ( 'NONE',  ( 0.1325821184224073579, 0.8999999999999999112, 0.007286671030348888974 ) ) ;
#200 = FILL_AREA_STYLE_COLOUR ( '', #3166 ) ;
#201 = CARTESIAN_POINT ( 'NONE',  ( -0.06046843192251432492, 0.8999999999999998002, 0.03307928641710486395 ) ) ;
#202 = CARTESIAN_POINT ( 'NONE',  ( -0.03616074893430133719, 0.9010000000000000231, 0.04998535090536614101 ) ) ;
#203 = EDGE_CURVE ( 'NONE', #1192, #2696, #5989, .T. ) ;
#204 = ORIENTED_EDGE ( 'NONE', *, *, #3419, .T. ) ;
#205 = CARTESIAN_POINT ( 'NONE',  ( -0.09341293221825144877, 0.9009999999999998010, 0.002096254690847113109 ) ) ;
#206 = CARTESIAN_POINT ( 'NONE',  ( 0.1449490554737691006, 0.8999999999999996891, -0.01408163950739839583 ) ) ;
#207 = CARTESIAN_POINT ( 'NONE',  ( 0.07682944008526020052, 0.9010000000000000231, -0.02367520802437588293 ) ) ;
#208 = CARTESIAN_POINT ( 'NONE',  ( 0.1368453299305345261, 0.8999999999999999112, -0.007901796875854688249 ) ) ;
#209 = COLOUR_RGB ( '',0.9019607843137255054, 0.7098039215686274828, 0.4392156862745097978 ) ;
#210 = CARTESIAN_POINT ( 'NONE',  ( 0.09732796606470117684, 0.9009999999999999121, -0.04220637961386865256 ) ) ;
#211 = CARTESIAN_POINT ( 'NONE',  ( -0.1014312905818814253, 0.8999999999999993561, -0.03421147205442881534 ) ) ;
#212 = CARTESIAN_POINT ( 'NONE',  ( 0.1515617158239220552, 0.8999999999999999112, 0.03303352793416490518 ) ) ;
#213 = CARTESIAN_POINT ( 'NONE',  ( -0.02986221561205548020, 0.9000000000000000222, 0.04997075455477222039 ) ) ;
#214 = B_SPLINE_CURVE_WITH_KNOTS ( 'NONE', 3,
 ( #2740, #1673, #2275, #3713, #5488, #3207, #3119, #6016, #3244, #331, #2659, #4135, #4643, #847, #4557, #4108, #816, #1238, #6044, #277, #2209, #1736, #363 ),
 .UNSPECIFIED., .F., .F.,
 ( 4, 1, 1, 1, 1, 1, 1, 1, 1, 1, 1, 1, 1, 1, 1, 1, 1, 1, 1, 1, 4 ),
 ( 0.000000000000000000, 0.05383370089591531932, 0.1055426304091389711, 0.1580541720958378582, 0.2119873357804051284, 0.2402068903290462965, 0.2697935103595449080, 0.3013430987966758678, 0.3346080613711936436, 0.3702844416648600756, 0.4080888380149468864, 0.4486813458099827567, 0.4920692965602024294, 0.5386641566662656588, 0.5903710538753826897, 0.6463877841547203129, 0.7071953757631239679, 0.7729467746818401430, 0.8436426012467374003, 0.9193083570571428664, 1.000000000000000000 ),
 .UNSPECIFIED. ) ;
#215 = AXIS2_PLACEMENT_3D ( 'NONE', #631, #4572, #292 ) ;
#216 = CARTESIAN_POINT ( 'NONE',  ( 0.01053331691496416263, 0.9010000000000002451, -0.008028240089001832669 ) ) ;
#217 = CARTESIAN_POINT ( 'NONE',  ( 0.04459773377668834610, 0.8999999999999998002, -0.03712855969636751075 ) ) ;
#218 = CARTESIAN_POINT ( 'NONE',  ( 0.1494295823655289457, 0.9000000000000003553, -0.02250685174673658709 ) ) ;
#219 = CARTESIAN_POINT ( 'NONE',  ( 0.01071200778105648246, 0.9010000000000000231, 0.007674721884922071184 ) ) ;
#220 =( NAMED_UNIT ( * ) PLANE_ANGLE_UNIT ( ) SI_UNIT ( $, .RADIAN. ) );
#221 = CARTESIAN_POINT ( 'NONE',  ( 0.1215315339852736237, 0.9009999999999998010, -0.03709654891773817020 ) ) ;
#222 = EDGE_LOOP ( 'NONE', ( #3854, #5023, #1587, #3129 ) ) ;
#223 = CARTESIAN_POINT ( 'NONE',  ( 0.6486282395424918246, 3.333684034433546624E-05, 0.3984223011851882879 ) ) ;
#224 = FACE_OUTER_BOUND ( 'NONE', #5101, .T. ) ;
#225 = CARTESIAN_POINT ( 'NONE',  ( 0.1130472530074575627, 0.9000000000000000222, -0.01533368790149571871 ) ) ;
#226 = CARTESIAN_POINT ( 'NONE',  ( 0.07840376162399319282, 0.9009999999999999121, 0.002283083064514541700 ) ) ;
#227 = CARTESIAN_POINT ( 'NONE',  ( -0.03328688160792706019, 0.9010000000000001341, 0.03210220953440172387 ) ) ;
#228 = CARTESIAN_POINT ( 'NONE',  ( -0.05039475505793126336, 0.9010000000000000231, 0.04473908899036329462 ) ) ;
#229 = CARTESIAN_POINT ( 'NONE',  ( -0.06335820104987009704, 0.9010000000000003562, 0.02474237120222437525 ) ) ;
#230 = ORIENTED_EDGE ( 'NONE', *, *, #5063, .T. ) ;
#231 = CARTESIAN_POINT ( 'NONE',  ( 0.01049260415206864153, 0.9010000000000001341, 6.449193210029845115E-05 ) ) ;
#232 = CARTESIAN_POINT ( 'NONE',  ( 0.03088064976687979538, 0.9010000000000000231, 0.02044542291170237808 ) ) ;
#233 = CARTESIAN_POINT ( 'NONE',  ( -0.02942796499762738785, 0.9009999999999999121, -0.01269042163678113337 ) ) ;
#234 = DIRECTION ( 'NONE',  ( 0.000000000000000000, 0.000000000000000000, -1.000000000000000000 ) ) ;
#235 = CARTESIAN_POINT ( 'NONE',  ( 0.05625521094010404316, 0.8999999999999998002, -0.05300480243248664042 ) ) ;
#236 = CARTESIAN_POINT ( 'NONE',  ( 0.07066233001635545408, 0.9000000000000001332, -0.04074124499085630957 ) ) ;
#237 = B_SPLINE_CURVE_WITH_KNOTS ( 'NONE', 3,
 ( #1048, #3365, #2898, #1988, #2866, #2959, #16, #4390, #1955, #5266, #983, #5298, #1923, #2019, #5702, #3836, #1482, #4799, #50 ),
 .UNSPECIFIED., .F., .F.,
 ( 4, 1, 1, 1, 1, 1, 1, 1, 1, 1, 1, 1, 1, 1, 1, 1, 4 ),
 ( 0.000000000000000000, 0.06940222273327741054, 0.1359434277415494940, 0.2010203772821971824, 0.2641806354860674610, 0.3259547982266983168, 0.3884537906252658601, 0.4508185688551888948, 0.5142656197867420120, 0.5774921763904646843, 0.6388352985771121872, 0.6986336447043979270, 0.7580571493169930841, 0.8170324353081861446, 0.8764147980799066318, 0.9372779555277138686, 1.000000000000000000 ),
 .UNSPECIFIED. ) ;
#238 = VERTEX_POINT ( 'NONE', #2342 ) ;
#239 = EDGE_CURVE ( 'NONE', #4625, #2605, #6163, .T. ) ;
#240 = VECTOR ( 'NONE', #1769, 1000.000000000000000 ) ;
#241 = CARTESIAN_POINT ( 'NONE',  ( -0.02033303510856055568, 0.9000000000000000222, 0.01693418905321183651 ) ) ;
#242 = DIRECTION ( 'NONE',  ( 0.000000000000000000, -2.435219723356120417E-14, -1.000000000000000000 ) ) ;
#243 = UNCERTAINTY_MEASURE_WITH_UNIT (LENGTH_MEASURE( 1.000000000000000082E-05 ), #1760, 'distance_accuracy_value', 'NONE');
#244 = CARTESIAN_POINT ( 'NONE',  ( 0.05496526041802058532, 0.9010000000000001341, -0.03138761580963363162 ) ) ;
#245 = CARTESIAN_POINT ( 'NONE',  ( 0.1403825337612052415, 0.9000000000000000222, 0.04480331686869635371 ) ) ;
#246 = CARTESIAN_POINT ( 'NONE',  ( -0.02395272079906845750, 0.9000000000000001332, 0.04881379370536739065 ) ) ;
#247 = EDGE_CURVE ( 'NONE', #5066, #765, #3809, .T. ) ;
#248 = COLOUR_RGB ( '',0.9019607843137255054, 0.7098039215686274828, 0.4392156862745097978 ) ;
#249 = DIRECTION ( 'NONE',  ( -1.000000000000000000, 0.000000000000000000, -0.000000000000000000 ) ) ;
#250 = CARTESIAN_POINT ( 'NONE',  ( 0.04381233820210077290, 0.9009999999999999121, -0.03709133350761327497 ) ) ;
#251 = SURFACE_SIDE_STYLE ('',( #2601 ) ) ;
#252 = PRODUCT_DEFINITION_FORMATION_WITH_SPECIFIED_SOURCE ( 'ANY', '', #166, .NOT_KNOWN. ) ;
#253 = VECTOR ( 'NONE', #1387, 1000.000000000000000 ) ;
#254 = LINE ( 'NONE', #850, #3631 ) ;
#255 = B_SPLINE_SURFACE_WITH_KNOTS ( 'NONE', 3, 1, ( 
 ( #4524, #217 ),
 ( #250, #5370 ),
 ( #584, #5461 ),
 ( #1055, #2965 ),
 ( #124, #3000 ),
 ( #1085, #2599 ),
 ( #4495, #2533 ),
 ( #2058, #2116 ),
 ( #4432, #1583 ),
 ( #4463, #3031 ),
 ( #5896, #643 ),
 ( #4026, #2568 ),
 ( #190, #2086 ),
 ( #3993, #1615 ),
 ( #3525, #5927 ),
 ( #2164, #3137 ),
 ( #2231, #5507 ),
 ( #4634, #3553 ),
 ( #2108, #1254 ),
 ( #4017, #1661 ),
 ( #5451, #1168 ),
 ( #3584, #724 ),
 ( #5477, #4070 ) ),
 .UNSPECIFIED., .F., .F., .F.,
 ( 4, 1, 1, 1, 1, 1, 1, 1, 1, 1, 1, 1, 1, 1, 1, 1, 1, 1, 1, 1, 4 ),
 ( 2, 2 ),
 ( 0.000000000000000000, 0.05383370089591531932, 0.1055426304091389711, 0.1580541720958378582, 0.2119873357804051284, 0.2402068903290462965, 0.2697935103595449080, 0.3013430987966758678, 0.3346080613711936436, 0.3702844416648600756, 0.4080888380149468864, 0.4486813458099827567, 0.4920692965602024294, 0.5386641566662656588, 0.5903710538753826897, 0.6463877841547203129, 0.7071953757631239679, 0.7729467746818401430, 0.8436426012467374003, 0.9193083570571428664, 1.000000000000000000 ),
 ( 0.000000000000000000, 1.000000000000000000 ),
 .UNSPECIFIED. ) ;
#256 = CARTESIAN_POINT ( 'NONE',  ( -0.1086858699732908828, 0.9009999999999998010, 0.03208557873180352404 ) ) ;
#257 = CARTESIAN_POINT ( 'NONE',  ( 0.6500000000002214007, 0.8981499154203740343, 0.4000000000002689182 ) ) ;
#258 = CARTESIAN_POINT ( 'NONE',  ( 0.6496535543390041800, 0.8992177678246285888, 0.3996025823641713437 ) ) ;
#259 = DIRECTION ( 'NONE',  ( 0.000000000000000000, 0.000000000000000000, -1.000000000000000000 ) ) ;
#260 = CARTESIAN_POINT ( 'NONE',  ( -0.06171236023889248995, 0.9000000000000000222, 0.03038687285390298184 ) ) ;
#261 = CARTESIAN_POINT ( 'NONE',  ( 0.1190756527609752591, 0.8999999999999998002, -0.05500801134452776298 ) ) ;
#262 = VERTEX_POINT ( 'NONE', #5707 ) ;
#263 = CARTESIAN_POINT ( 'NONE',  ( 0.02630175366790356295, 0.9009999999999998010, 0.04484735562173471773 ) ) ;
#264 = CARTESIAN_POINT ( 'NONE',  ( 0.1348847435641315484, 0.9010000000000000231, 0.02564919577235347595 ) ) ;
#265 = EDGE_CURVE ( 'NONE', #1451, #2416, #2404, .T. ) ;
#266 = CARTESIAN_POINT ( 'NONE',  ( 0.06621884012298266675, 0.9010000000000000231, 0.04188868003568389786 ) ) ;
#267 = CARTESIAN_POINT ( 'NONE',  ( 0.07066233001635545408, 0.9000000000000000222, -0.04074124499085630957 ) ) ;
#268 = CARTESIAN_POINT ( 'NONE',  ( 0.1130472530074575627, 0.8999999999999999112, -0.01533368790149571871 ) ) ;
#269 = EDGE_LOOP ( 'NONE', ( #3968, #2507, #3888, #2803, #778 ) ) ;
#270 = CARTESIAN_POINT ( 'NONE',  ( 0.02099087717810566023, 0.9010000000000000231, -0.04467211360022622924 ) ) ;
#271 = CARTESIAN_POINT ( 'NONE',  ( -0.1209935360155422607, 0.9010000000000001341, 0.02484074395873172095 ) ) ;
#272 = CARTESIAN_POINT ( 'NONE',  ( 0.06023093583533258716, 0.9010000000000000231, -0.01143877687389748335 ) ) ;
#273 = CARTESIAN_POINT ( 'NONE',  ( 0.1243376167762554746, 0.9010000000000000231, 0.04997932687706484189 ) ) ;
#274 = CARTESIAN_POINT ( 'NONE',  ( -0.002415830853445327751, 0.8999999999999999112, 0.02208552609784503185 ) ) ;
#275 = EDGE_LOOP ( 'NONE', ( #3242, #1435, #3908, #1162 ) ) ;
#276 = FACE_OUTER_BOUND ( 'NONE', #2216, .T. ) ;
#277 = CARTESIAN_POINT ( 'NONE',  ( 0.02853234868229008458, 0.9010000000000002451, -0.008090439956129289942 ) ) ;
#278 =( GEOMETRIC_REPRESENTATION_CONTEXT ( 3 ) GLOBAL_UNCERTAINTY_ASSIGNED_CONTEXT ( ( #4859 ) ) GLOBAL_UNIT_ASSIGNED_CONTEXT ( ( #1509, #3889, #2824 ) ) REPRESENTATION_CONTEXT ( 'NONE', 'WORKASPACE' ) );
#279 = CARTESIAN_POINT ( 'NONE',  ( -0.002363724413026379798, 0.9010000000000001341, 0.01998422432036872642 ) ) ;
#280 = CYLINDRICAL_SURFACE ( 'NONE', #4399, 0.001999999999999994404 ) ;
#281 = SURFACE_SIDE_STYLE ('',( #2280 ) ) ;
#282 = VECTOR ( 'NONE', #3760, 1000.000000000000000 ) ;
#283 = LINE ( 'NONE', #4532, #4535 ) ;
#284 = CARTESIAN_POINT ( 'NONE',  ( -0.7980000000000000426, 0.9000000000000000222, 0.3980000000000000204 ) ) ;
#285 = CARTESIAN_POINT ( 'NONE',  ( 0.1306466384419256443, 0.9010000000000002451, -0.05401506190712170030 ) ) ;
#286 = DIRECTION ( 'NONE',  ( -0.000000000000000000, -1.000000000000000000, -0.000000000000000000 ) ) ;
#287 = ORIENTED_EDGE ( 'NONE', *, *, #2332, .F. ) ;
#288 = CARTESIAN_POINT ( 'NONE',  ( -0.04592710596690142977, 0.8999999999999999112, 0.01789948517542736678 ) ) ;
#289 = CARTESIAN_POINT ( 'NONE',  ( 0.1248990954384159996, 0.9000000000000004663, 0.03186748849620516660 ) ) ;
#290 = CARTESIAN_POINT ( 'NONE',  ( -0.1092484200694655294, 0.9010000000000000231, 0.03210220953440172387 ) ) ;
#291 = CARTESIAN_POINT ( 'NONE',  ( 0.1449490554737691006, 0.9009999999999996900, -0.01408163950739839583 ) ) ;
#292 = DIRECTION ( 'NONE',  ( 0.000000000000000000, 0.000000000000000000, 1.000000000000000000 ) ) ;
#293 = CARTESIAN_POINT ( 'NONE',  ( -0.009039584288976915127, 0.9000000000000002442, -0.001381045802295746130 ) ) ;
#294 = ORIENTED_EDGE ( 'NONE', *, *, #1712, .T. ) ;
#295 = CARTESIAN_POINT ( 'NONE',  ( -0.02042396852773876309, 0.9010000000000000231, 0.01506478040315349654 ) ) ;
#296 = CARTESIAN_POINT ( 'NONE',  ( 0.1061223152995682401, 0.9009999999999998010, 0.02034502454148890555 ) ) ;
#297 = CARTESIAN_POINT ( 'NONE',  ( -0.09577690313019997237, 0.9009999999999998010, -0.02505884519767910545 ) ) ;
#298 = CARTESIAN_POINT ( 'NONE',  ( -0.04592710596690142977, 0.8999999999999999112, 0.01789948517542736678 ) ) ;
#299 = AXIS2_PLACEMENT_3D ( 'NONE', #2640, #4540, #2440 ) ;
#300 = EDGE_LOOP ( 'NONE', ( #3160, #5786, #5249, #1920 ) ) ;
#301 = CARTESIAN_POINT ( 'NONE',  ( 0.1294633625288037493, 0.9010000000000001341, 0.005004767288519759542 ) ) ;
#302 =( NAMED_UNIT ( * ) SI_UNIT ( $, .STERADIAN. ) SOLID_ANGLE_UNIT ( ) );
#303 = EDGE_CURVE ( 'NONE', #3139, #5538, #5148, .T. ) ;
#304 = LINE ( 'NONE', #2212, #240 ) ;
#305 = DIRECTION ( 'NONE',  ( 0.000000000000000000, 0.000000000000000000, -1.000000000000000000 ) ) ;
#306 = PRESENTATION_LAYER_ASSIGNMENT (  '', '', ( #3007 ) ) ;
#307 = CARTESIAN_POINT ( 'NONE',  ( 0.1547050852019053457, 0.9010000000000002451, 0.01109674178380970835 ) ) ;
#308 = FILL_AREA_STYLE_COLOUR ( '', #5482 ) ;
#309 = ORIENTED_EDGE ( 'NONE', *, *, #3239, .F. ) ;
#310 = CARTESIAN_POINT ( 'NONE',  ( -0.07955233121978194655, 0.9009999999999996900, -0.03322218005148537545 ) ) ;
#311 = SURFACE_STYLE_FILL_AREA ( #4588 ) ;
#312 = CARTESIAN_POINT ( 'NONE',  ( 0.6493908290821999163, 0.8995192807795505674, 0.3993006867082072864 ) ) ;
#313 = EDGE_CURVE ( 'NONE', #5294, #138, #4865, .T. ) ;
#314 = CARTESIAN_POINT ( 'NONE',  ( -0.03828980999300742039, 0.9010000000000002451, 0.004823432380191162300 ) ) ;
#315 = CARTESIAN_POINT ( 'NONE',  ( -0.1100634893770658512, 0.8999999999999998002, 0.05003549220544333681 ) ) ;
#316 = EDGE_LOOP ( 'NONE', ( #6037, #5908, #1791, #1409 ) ) ;
#317 = CARTESIAN_POINT ( 'NONE',  ( 0.01463382686100055986, 0.9010000000000000231, 0.02885411966180115306 ) ) ;
#318 = CARTESIAN_POINT ( 'NONE',  ( 0.1183540286887935500, 0.9010000000000002451, -0.03655893932867797236 ) ) ;
#319 = CARTESIAN_POINT ( 'NONE',  ( -0.1044595392515194759, 0.9000000000000001332, 0.03117538986780106491 ) ) ;
#320 = CARTESIAN_POINT ( 'NONE',  ( 0.1332142363339330338, 0.9009999999999998010, -0.05318706012173094605 ) ) ;
#321 = PLANE ( 'NONE',  #5404 ) ;
#322 = CARTESIAN_POINT ( 'NONE',  ( 0.000000000000000000, 0.9000000000000000222, -0.3980000000000000204 ) ) ;
#323 = ORIENTED_EDGE ( 'NONE', *, *, #3152, .T. ) ;
#324 =( LENGTH_UNIT ( ) NAMED_UNIT ( * ) SI_UNIT ( .MILLI., .METRE. ) );
#325 = SURFACE_STYLE_USAGE ( .BOTH. , #2330 ) ;
#326 = CARTESIAN_POINT ( 'NONE',  ( 0.04795773737532316866, 0.9009999999999998010, -0.03670556409641050760 ) ) ;
#327 = CARTESIAN_POINT ( 'NONE',  ( 0.07318819439833315621, 0.9009999999999999121, -0.03591469967808748331 ) ) ;
#328 = VERTEX_POINT ( 'NONE', #4773 ) ;
#329 = COLOUR_RGB ( '',0.9019607843137255054, 0.7098039215686274828, 0.4392156862745097978 ) ;
#330 = CARTESIAN_POINT ( 'NONE',  ( -0.1172236469202294351, 0.9000000000000002442, 0.02929533174978220592 ) ) ;
#331 = CARTESIAN_POINT ( 'NONE',  ( 0.03276906096840721122, 0.9009999999999999121, -0.02979219464340984030 ) ) ;
#332 = CARTESIAN_POINT ( 'NONE',  ( 0.1483755172761427599, 0.8999999999999995781, -0.01951704324108728336 ) ) ;
#333 = FILL_AREA_STYLE_COLOUR ( '', #1502 ) ;
#334 = CARTESIAN_POINT ( 'NONE',  ( 0.1206794645459190879, 0.9000000000000000222, 0.05005092748311967821 ) ) ;
#335 =( GEOMETRIC_REPRESENTATION_CONTEXT ( 3 ) GLOBAL_UNCERTAINTY_ASSIGNED_CONTEXT ( ( #1420 ) ) GLOBAL_UNIT_ASSIGNED_CONTEXT ( ( #4494, #3063, #5867 ) ) REPRESENTATION_CONTEXT ( 'NONE', 'WORKASPACE' ) );
#336 = CARTESIAN_POINT ( 'NONE',  ( -0.09341293221825144877, 0.8999999999999998002, 0.002096254690847113109 ) ) ;
#337 = PRESENTATION_LAYER_ASSIGNMENT (  '', '', ( #1228 ) ) ;
#338 = DIRECTION ( 'NONE',  ( -0.000000000000000000, -1.000000000000000000, -0.000000000000000000 ) ) ;
#339 = EDGE_LOOP ( 'NONE', ( #4826, #5211, #3576, #2396 ) ) ;
#340 = CARTESIAN_POINT ( 'NONE',  ( -0.1071120546812612262, 0.9000000000000001332, -0.05503902030677629981 ) ) ;
#341 = FACE_OUTER_BOUND ( 'NONE', #4842, .T. ) ;
#342 = ADVANCED_FACE ( 'NONE', ( #493 ), #987, .T. ) ;
#343 = VECTOR ( 'NONE', #2622, 1000.000000000000000 ) ;
#344 =( NAMED_UNIT ( * ) SI_UNIT ( $, .STERADIAN. ) SOLID_ANGLE_UNIT ( ) );
#345 = CARTESIAN_POINT ( 'NONE',  ( 0.04283257682590426579, 0.9010000000000000231, -0.05503319143535112534 ) ) ;
#346 = CARTESIAN_POINT ( 'NONE',  ( 0.1232712711068675998, 0.9010000000000000231, -0.05505439648655075652 ) ) ;
#347 = FILL_AREA_STYLE ('',( #4623 ) ) ;
#348 = CARTESIAN_POINT ( 'NONE',  ( -0.09698004493394642156, 0.8999999999999998002, 0.04803701660392661194 ) ) ;
#349 = ADVANCED_FACE ( 'NONE', ( #55 ), #5800, .T. ) ;
#350 = EDGE_LOOP ( 'NONE', ( #5608, #2821, #2952, #5349 ) ) ;
#351 = CARTESIAN_POINT ( 'NONE',  ( 0.05241486326427241549, 0.9010000000000000231, -0.03421147205442884309 ) ) ;
#352 = CARTESIAN_POINT ( 'NONE',  ( 0.6496535543390042911, 0.0007822321753715237276, -0.3996025823641713992 ) ) ;
#353 = B_SPLINE_CURVE_WITH_KNOTS ( 'NONE', 3,
 ( #5464, #279, #1181, #2277, #6075, #4084, #5990, #1706, #3618, #5235, #1830, #5734, #2339, #394, #5267, #948, #1455, #2766, #3806 ),
 .UNSPECIFIED., .F., .F.,
 ( 4, 1, 1, 1, 1, 1, 1, 1, 1, 1, 1, 1, 1, 1, 1, 1, 4 ),
 ( 0.000000000000000000, 0.06562092715322311032, 0.1297044336027829980, 0.1920084100512055025, 0.2531653825181657269, 0.3145900137962941989, 0.3765327730011645557, 0.4392867016490339394, 0.5037985290657704951, 0.5682839993040014193, 0.6306288907425713353, 0.6915128396476385442, 0.7519975911628823395, 0.8123768520713858798, 0.8735768952802431819, 0.9360266791627422922, 1.000000000000000000 ),
 .UNSPECIFIED. ) ;
#354 = EDGE_LOOP ( 'NONE', ( #3946, #4677, #6071, #4346 ) ) ;
#355 = SURFACE_SIDE_STYLE ('',( #4157 ) ) ;
#356 = CARTESIAN_POINT ( 'NONE',  ( 0.04557308365757199026, 0.9000000000000001332, 0.05003578430712354863 ) ) ;
#357 = ORIENTED_EDGE ( 'NONE', *, *, #4853, .F. ) ;
#358 = CARTESIAN_POINT ( 'NONE',  ( 0.09253443249463705333, 0.9010000000000000231, -0.02815420072200854051 ) ) ;
#359 = CARTESIAN_POINT ( 'NONE',  ( 0.000000000000000000, 0.8979999999999999094, -0.4000000000000000222 ) ) ;
#360 = DIRECTION ( 'NONE',  ( 0.000000000000000000, 1.000000000000000000, -0.000000000000000000 ) ) ;
#361 = ORIENTED_EDGE ( 'NONE', *, *, #2982, .F. ) ;
#362 = CARTESIAN_POINT ( 'NONE',  ( 0.7980000000000000426, 0.002000000000000000042, -0.4000000000000000222 ) ) ;
#363 = CARTESIAN_POINT ( 'NONE',  ( 0.02843186839207294259, 0.9010000000000000231, -0.001331284055341868094 ) ) ;
#364 = EDGE_CURVE ( 'NONE', #4149, #1694, #3426, .T. ) ;
#365 = PLANE ( 'NONE',  #4421 ) ;
#366 = CARTESIAN_POINT ( 'NONE',  ( 0.1379830504650176037, 0.9000000000000000222, -0.05075264209117547748 ) ) ;
#367 = CARTESIAN_POINT ( 'NONE',  ( 0.03804878679606268910, 0.9000000000000002442, 0.03032522652347440992 ) ) ;
#368 = FILL_AREA_STYLE_COLOUR ( '', #209 ) ;
#369 = ORIENTED_EDGE ( 'NONE', *, *, #5304, .F. ) ;
#370 = CARTESIAN_POINT ( 'NONE',  ( -0.1045960826406048677, 0.9009999999999994680, -0.05476435226409975127 ) ) ;
#371 = ADVANCED_FACE ( 'NONE', ( #2022 ), #4039, .T. ) ;
#372 = PLANE ( 'NONE',  #4217 ) ;
#373 = CARTESIAN_POINT ( 'NONE',  ( 0.02099087717810566023, 0.9010000000000000231, -0.04467211360022622924 ) ) ;
#374 = SURFACE_SIDE_STYLE ('',( #2720 ) ) ;
#375 = CARTESIAN_POINT ( 'NONE',  ( -0.03589353398978704923, 0.9010000000000000231, 0.004013886482805383710 ) ) ;
#376 = VECTOR ( 'NONE', #5160, 1000.000000000000000 ) ;
#377 = FACE_OUTER_BOUND ( 'NONE', #3414, .T. ) ;
#378 = ORIENTED_EDGE ( 'NONE', *, *, #2211, .F. ) ;
#379 = CARTESIAN_POINT ( 'NONE',  ( 0.05496526041802058532, 0.8999999999999999112, -0.03138761580963363162 ) ) ;
#380 = CARTESIAN_POINT ( 'NONE',  ( 0.1317776326779539209, 0.9000000000000001332, 0.02886913158716699138 ) ) ;
#381 = CARTESIAN_POINT ( 'NONE',  ( -0.1075844668344638627, 0.8999999999999999112, 0.03205301768824950215 ) ) ;
#382 = CARTESIAN_POINT ( 'NONE',  ( 0.1482650917880456443, 0.9009999999999998010, -0.03883421052760834685 ) ) ;
#383 = CARTESIAN_POINT ( 'NONE',  ( -0.04783416871818042121, 0.9000000000000000222, 0.04638749933042028012 ) ) ;
#384 = ORIENTED_EDGE ( 'NONE', *, *, #3211, .F. ) ;
#385 = CARTESIAN_POINT ( 'NONE',  ( 0.1409495269312579513, 0.8999999999999998002, -0.006302255237921646457 ) ) ;
#386 = CARTESIAN_POINT ( 'NONE',  ( -0.09703839552103453447, 0.8999999999999999112, 0.02294039184561323663 ) ) ;
#387 = VERTEX_POINT ( 'NONE', #4508 ) ;
#388 = LINE ( 'NONE', #358, #5331 ) ;
#389 = CARTESIAN_POINT ( 'NONE',  ( 0.1073364532122401405, 0.9009999999999999121, 0.02349725292308342192 ) ) ;
#390 = CARTESIAN_POINT ( 'NONE',  ( -0.1235934628094854243, 0.8999999999999998002, 0.04714262068267498218 ) ) ;
#391 = VERTEX_POINT ( 'NONE', #3041 ) ;
#392 = CARTESIAN_POINT ( 'NONE',  ( -0.7980000000000000426, 0.8979999999999999094, -0.4000000000000000222 ) ) ;
#393 = LINE ( 'NONE', #2338, #253 ) ;
#394 = CARTESIAN_POINT ( 'NONE',  ( -0.02116276177714435797, 0.9010000000000000231, 0.04784187996370220519 ) ) ;
#395 = CARTESIAN_POINT ( 'NONE',  ( 0.1002067081356627226, 0.9000000000000001332, -0.04578240585021366854 ) ) ;
#396 = CARTESIAN_POINT ( 'NONE',  ( 0.02903768077964494904, 0.9000000000000001332, 0.01113043878050293256 ) ) ;
#397 = CARTESIAN_POINT ( 'NONE',  ( 0.1541655707094783390, 0.9009999999999996900, 0.009045182717416900761 ) ) ;
#398 = STYLED_ITEM ( 'NONE', ( #3027 ), #342 ) ;
#399 = ORIENTED_EDGE ( 'NONE', *, *, #6134, .T. ) ;
#400 = CARTESIAN_POINT ( 'NONE',  ( -0.08953833609346018019, 0.8999999999999995781, -0.04828525652437167665 ) ) ;
#401 = CARTESIAN_POINT ( 'NONE',  ( 0.1368205564865610513, 0.9009999999999996900, 0.02183340248994784100 ) ) ;
#402 = CARTESIAN_POINT ( 'NONE',  ( -0.1168418650589180818, 0.9010000000000001341, 0.04933522291535231974 ) ) ;
#403 = CARTESIAN_POINT ( 'NONE',  ( 0.05680775832511933410, 0.9000000000000001332, 0.02294039184561322622 ) ) ;
#404 = CARTESIAN_POINT ( 'NONE',  ( 0.1502267401869447627, 0.9000000000000001332, -0.02885532251688032943 ) ) ;
#405 = CARTESIAN_POINT ( 'NONE',  ( -0.07598661486874927484, 0.8999999999999999112, 0.01114848166613261436 ) ) ;
#406 = CARTESIAN_POINT ( 'NONE',  ( -0.08192534564213553583, 0.9000000000000000222, 0.03370959116830481161 ) ) ;
#407 = ORIENTED_EDGE ( 'NONE', *, *, #893, .F. ) ;
#408 = EDGE_CURVE ( 'NONE', #2691, #4750, #2649, .T. ) ;
#409 = CARTESIAN_POINT ( 'NONE',  ( -0.03808131325791223876, 0.9000000000000001332, 0.03114619588807505599 ) ) ;
#410 = B_SPLINE_CURVE_WITH_KNOTS ( 'NONE', 3,
 ( #6072, #3712, #3243, #4671, #6102, #1827, #5640, #573, #3395, #3420, #1045 ),
 .UNSPECIFIED., .F., .F.,
 ( 4, 1, 1, 1, 1, 1, 1, 1, 4 ),
 ( 0.000000000000000000, 0.1354037467141837592, 0.2622251654516489783, 0.3858490677562557147, 0.5108573636088598047, 0.6349774647635284541, 0.7532990766584847231, 0.8739320409395670008, 1.000000000000000000 ),
 .UNSPECIFIED. ) ;
#411 = CARTESIAN_POINT ( 'NONE',  ( 0.6489175192122752511, 0.8998516726475159766, -0.3987558495093769251 ) ) ;
#412 = CARTESIAN_POINT ( 'NONE',  ( 0.07680797892842947117, 0.9010000000000000231, 0.01890897579672851797 ) ) ;
#413 = CARTESIAN_POINT ( 'NONE',  ( 0.1142370160232989984, 0.9009999999999999121, -0.01543501192663121295 ) ) ;
#414 = CARTESIAN_POINT ( 'NONE',  ( -0.04226894854200433788, 0.9000000000000001332, 0.04876587189489187124 ) ) ;
#415 = VERTEX_POINT ( 'NONE', #1066 ) ;
#416 = CARTESIAN_POINT ( 'NONE',  ( -0.1358176380709161246, 0.9010000000000000231, -0.04037444852957392666 ) ) ;
#417 = CARTESIAN_POINT ( 'NONE',  ( -0.09788645621464792113, 0.9010000000000001341, 0.02449150522857129406 ) ) ;
#418 = ORIENTED_EDGE ( 'NONE', *, *, #931, .F. ) ;
#419 = CARTESIAN_POINT ( 'NONE',  ( 0.1002067081356627226, 0.9010000000000000231, -0.04578240585021366854 ) ) ;
#420 = CARTESIAN_POINT ( 'NONE',  ( 1.108484219145106087, 0.000000000000000000, 8.924125261806806511E-17 ) ) ;
#421 = ORIENTED_EDGE ( 'NONE', *, *, #4475, .F. ) ;
#422 = EDGE_CURVE ( 'NONE', #3197, #12, #3101, .T. ) ;
#423 = VERTEX_POINT ( 'NONE', #4375 ) ;
#424 = CARTESIAN_POINT ( 'NONE',  ( -0.03094313160792706158, 0.9000000000000000222, -0.05507727764508545815 ) ) ;
#425 = CARTESIAN_POINT ( 'NONE',  ( -0.1428941049213635073, 0.8999999999999999112, -0.01421012942464640501 ) ) ;
#426 = CARTESIAN_POINT ( 'NONE',  ( -0.02684522717435595257, 0.9000000000000000222, 0.04954742021169246391 ) ) ;
#427 = SURFACE_SIDE_STYLE ('',( #1422 ) ) ;
#428 = CARTESIAN_POINT ( 'NONE',  ( -0.1254031625747702716, 0.8999999999999999112, -0.002506511678296997458 ) ) ;
#429 = DIRECTION ( 'NONE',  ( 0.000000000000000000, 0.000000000000000000, 1.000000000000000000 ) ) ;
#430 = COLOUR_RGB ( '',0.9411764705882352811, 0.9411764705882352811, 0.9411764705882352811 ) ;
#431 = PRESENTATION_STYLE_ASSIGNMENT (( #3747 ) ) ;
#432 = PRESENTATION_LAYER_ASSIGNMENT (  '', '', ( #3929 ) ) ;
#434 = CARTESIAN_POINT ( 'NONE',  ( -0.1392123269851533174, 0.9009999999999999121, 0.02885411966180112184 ) ) ;
#433 = STYLED_ITEM ( 'NONE', ( #4054 ), #5936 ) ;
#435 = CARTESIAN_POINT ( 'NONE',  ( 0.05981246014614854251, 0.9000000000000001332, 0.01042244463013075086 ) ) ;
#436 = DIRECTION ( 'NONE',  ( 0.000000000000000000, 0.000000000000000000, 1.000000000000000000 ) ) ;
#437 = LINE ( 'NONE', #4237, #4866 ) ;
#438 = ORIENTED_EDGE ( 'NONE', *, *, #1655, .T. ) ;
#439 = VECTOR ( 'NONE', #2877, 1000.000000000000000 ) ;
#440 = CARTESIAN_POINT ( 'NONE',  ( -0.09829088801818347543, 0.9000000000000000222, 0.02523121594465813772 ) ) ;
#441 = CARTESIAN_POINT ( 'NONE',  ( 0.1344678464413668340, 0.9010000000000002451, 0.04776594429724828617 ) ) ;
#442 = CARTESIAN_POINT ( 'NONE',  ( -0.1431341460650974173, 0.9009999999999999121, 0.007674721884922069449 ) ) ;
#443 = CARTESIAN_POINT ( 'NONE',  ( 0.07422903505129933854, 0.9009999999999999121, 0.02851237849927955662 ) ) ;
#444 = CARTESIAN_POINT ( 'NONE',  ( -0.1096891251976706561, 0.9000000000000000222, -0.05507727764508545815 ) ) ;
#445 = CIRCLE ( 'NONE', #5036, 0.002000000000000048614 ) ;
#446 = ORIENTED_EDGE ( 'NONE', *, *, #4420, .F. ) ;
#447 =( NAMED_UNIT ( * ) PLANE_ANGLE_UNIT ( ) SI_UNIT ( $, .RADIAN. ) );
#448 = CARTESIAN_POINT ( 'NONE',  ( 0.1316482202687332959, 0.9010000000000000231, -0.03145389591487036951 ) ) ;
#449 = EDGE_CURVE ( 'NONE', #1227, #4134, #4913, .T. ) ;
#450 = VERTEX_POINT ( 'NONE', #2096 ) ;
#451 = SURFACE_STYLE_USAGE ( .BOTH. , #941 ) ;
#452 = CARTESIAN_POINT ( 'NONE',  ( -0.06355739415806824222, 0.9010000000000001341, 0.01408194306874738407 ) ) ;
#453 = DIRECTION ( 'NONE',  ( 1.000000000000000000, -0.000000000000000000, 0.000000000000000000 ) ) ;
#454 = ORIENTED_EDGE ( 'NONE', *, *, #557, .T. ) ;
#455 = CARTESIAN_POINT ( 'NONE',  ( 0.6499767431879638346, 0.8983716655620603841, -0.3999733464888127754 ) ) ;
#456 = CARTESIAN_POINT ( 'NONE',  ( -0.1402606574164892428, 0.9000000000000000222, -0.02993969693113646482 ) ) ;
#457 = CARTESIAN_POINT ( 'NONE',  ( -0.1136040192306247143, 0.9010000000000000231, -0.05494696498555177999 ) ) ;
#458 = CARTESIAN_POINT ( 'NONE',  ( -0.03410770394805517913, 0.9010000000000000231, 0.03205242357217121668 ) ) ;
#459 = CARTESIAN_POINT ( 'NONE',  ( -0.01127787598082151919, 0.9000000000000000222, 0.04102967842286889266 ) ) ;
#460 = CARTESIAN_POINT ( 'NONE',  ( 0.01358549642966466395, 0.8999999999999998002, -0.02993969693113644748 ) ) ;
#461 = CARTESIAN_POINT ( 'NONE',  ( -0.1159147364097173061, 0.9000000000000001332, -0.03544193953851071388 ) ) ;
#462 = CARTESIAN_POINT ( 'NONE',  ( -0.6482627733115838842, 0.9000000000000000222, 0.3980000000000000204 ) ) ;
#463 = CARTESIAN_POINT ( 'NONE',  ( -0.07544032337707994029, 0.9000000000000000222, -0.007176082057569271692 ) ) ;
#464 = CARTESIAN_POINT ( 'NONE',  ( 0.1138760901889245003, 0.9010000000000002451, 0.04954358280627220446 ) ) ;
#465 = CARTESIAN_POINT ( 'NONE',  ( 0.02630175366790356295, 0.9009999999999998010, 0.04484735562173471773 ) ) ;
#466 = CARTESIAN_POINT ( 'NONE',  ( -0.07564232359647939108, 0.9009999999999999121, 0.006853463484889395739 ) ) ;
#467 = CARTESIAN_POINT ( 'NONE',  ( -0.1191993881866598021, 0.8999999999999999112, 0.04878955970900834826 ) ) ;
#468 = ORIENTED_EDGE ( 'NONE', *, *, #1975, .T. ) ;
#469 = FILL_AREA_STYLE_COLOUR ( '', #2648 ) ;
#470 = CARTESIAN_POINT ( 'NONE',  ( 0.6495851312298107638, 0.8993101150641404917, -0.3995240195484534018 ) ) ;
#471 = STYLED_ITEM ( 'NONE', ( #168 ), #3370 ) ;
#472 = CARTESIAN_POINT ( 'NONE',  ( 0.07192080820401830499, 0.8999999999999996891, 0.03370959116830480468 ) ) ;
#473 = CARTESIAN_POINT ( 'NONE',  ( 0.1261342914271748883, 0.9010000000000002451, -0.01829328161422361099 ) ) ;
#474 = CARTESIAN_POINT ( 'NONE',  ( -0.6499200829467803864, 0.8986268448232855865, -0.3999083835508946971 ) ) ;
#475 = EDGE_LOOP ( 'NONE', ( #486, #1797, #563, #3786 ) ) ;
#476 = CARTESIAN_POINT ( 'NONE',  ( 0.1428425459730585378, 0.9000000000000000222, -0.005312510858298571427 ) ) ;
#477 = STYLED_ITEM ( 'NONE', ( #1410 ), #1885 ) ;
#478 = EDGE_CURVE ( 'NONE', #5602, #5388, #3465, .T. ) ;
#479 = CARTESIAN_POINT ( 'NONE',  ( -0.09336300340279884979, 0.8999999999999999112, -0.002473110978418791451 ) ) ;
#480 = CYLINDRICAL_SURFACE ( 'NONE', #859, 0.001999999999999994404 ) ;
#481 = ORIENTED_EDGE ( 'NONE', *, *, #3589, .F. ) ;
#482 = CARTESIAN_POINT ( 'NONE',  ( 0.02364536631501566386, 0.8999999999999999112, -0.04744859719091565342 ) ) ;
#483 = CARTESIAN_POINT ( 'NONE',  ( -0.05946523175892196034, 0.9009999999999999121, 0.001425751830852350303 ) ) ;
#484 = DIRECTION ( 'NONE',  ( 0.000000000000000000, 0.000000000000000000, 1.000000000000000000 ) ) ;
#485 = COLOUR_RGB ( '',0.9411764705882352811, 0.9411764705882352811, 0.9411764705882352811 ) ;
#486 = ORIENTED_EDGE ( 'NONE', *, *, #2941, .F. ) ;
#487 = CARTESIAN_POINT ( 'NONE',  ( -0.03334697776177321382, 0.9010000000000000231, 0.003897081329273516161 ) ) ;
#488 = SURFACE_SIDE_STYLE ('',( #1419 ) ) ;
#489 = UNCERTAINTY_MEASURE_WITH_UNIT (LENGTH_MEASURE( 1.000000000000000082E-05 ), #3866, 'distance_accuracy_value', 'NONE');
#490 = CARTESIAN_POINT ( 'NONE',  ( -0.009189569986831002193, 0.8999999999999999112, 0.03872527550681500313 ) ) ;
#491 = CARTESIAN_POINT ( 'NONE',  ( 0.01501480317014374476, 0.9000000000000001332, -0.03422900812207960164 ) ) ;
#492 = CARTESIAN_POINT ( 'NONE',  ( -0.1253816096058105733, 0.8999999999999999112, -0.004783767752985838145 ) ) ;
#493 = FACE_OUTER_BOUND ( 'NONE', #6008, .T. ) ;
#494 = CARTESIAN_POINT ( 'NONE',  ( -0.07542312248097131355, 0.8999999999999995781, -0.004069255259697149990 ) ) ;
#495 = EDGE_CURVE ( 'NONE', #5418, #4107, #3159, .T. ) ;
#496 = SURFACE_SIDE_STYLE ('',( #4777 ) ) ;
#497 = EDGE_CURVE ( 'NONE', #1250, #101, #618, .T. ) ;
#498 = CARTESIAN_POINT ( 'NONE',  ( 0.02449888250803760811, 0.8999999999999998002, 0.04343766765440036648 ) ) ;
#499 = CARTESIAN_POINT ( 'NONE',  ( -0.08192534564213553583, 0.8999999999999999112, 0.03370959116830481161 ) ) ;
#500 = CARTESIAN_POINT ( 'NONE',  ( -0.1410553555008579873, 0.9010000000000001341, 0.02291271037115825970 ) ) ;
#501 = CARTESIAN_POINT ( 'NONE',  ( 0.7980000000000000426, 0.9000000000000000222, -0.3980000000000000204 ) ) ;
#502 = ORIENTED_EDGE ( 'NONE', *, *, #4377, .T. ) ;
#503 = DIRECTION ( 'NONE',  ( 0.000000000000000000, -0.000000000000000000, -1.000000000000000000 ) ) ;
#504 = EDGE_CURVE ( 'NONE', #928, #5310, #4265, .T. ) ;
#505 = PRESENTATION_LAYER_ASSIGNMENT (  '', '', ( #5486 ) ) ;
#506 = CARTESIAN_POINT ( 'NONE',  ( 0.6482627733115841062, 0.9000000000000000222, -0.3979999999999999094 ) ) ;
#507 = DIRECTION ( 'NONE',  ( -0.000000000000000000, -1.000000000000000000, -0.000000000000000000 ) ) ;
#508 = CARTESIAN_POINT ( 'NONE',  ( -0.1343734046074833155, 0.8999999999999999112, -0.04255720200933739428 ) ) ;
#509 = CARTESIAN_POINT ( 'NONE',  ( -0.6496986715062430529, 0.8991443325614261184, -0.3996543745754762567 ) ) ;
#510 = VERTEX_POINT ( 'NONE', #6054 ) ;
#511 = LINE ( 'NONE', #1319, #3337 ) ;
#512 =( NAMED_UNIT ( * ) PLANE_ANGLE_UNIT ( ) SI_UNIT ( $, .RADIAN. ) );
#513 = ORIENTED_EDGE ( 'NONE', *, *, #2218, .F. ) ;
#514 = CYLINDRICAL_SURFACE ( 'NONE', #2344, 0.6084470225131334287 ) ;
#515 = B_SPLINE_CURVE_WITH_KNOTS ( 'NONE', 3,
 ( #5584, #5115, #3099, #818, #2742, #3571, #5005, #5467, #4505, #2246, #2278 ),
 .UNSPECIFIED., .F., .F.,
 ( 4, 1, 1, 1, 1, 1, 1, 1, 4 ),
 ( 0.000000000000000000, 0.1240354330026179480, 0.2428459548115304567, 0.3603416824496163962, 0.4790424316556556317, 0.5993341100427882484, 0.7254884757708263132, 0.8585494285274629656, 1.000000000000000000 ),
 .UNSPECIFIED. ) ;
#516 = ORIENTED_EDGE ( 'NONE', *, *, #2333, .T. ) ;
#517 =( NAMED_UNIT ( * ) PLANE_ANGLE_UNIT ( ) SI_UNIT ( $, .RADIAN. ) );
#518 = CARTESIAN_POINT ( 'NONE',  ( 0.01358549642966466395, 0.8999999999999996891, -0.02993969693113644748 ) ) ;
#519 = FACE_OUTER_BOUND ( 'NONE', #5843, .T. ) ;
#520 =( NAMED_UNIT ( * ) PLANE_ANGLE_UNIT ( ) SI_UNIT ( $, .RADIAN. ) );
#521 = CARTESIAN_POINT ( 'NONE',  ( -0.02986221561205548020, 0.8999999999999999112, 0.04997075455477222039 ) ) ;
#522 = CARTESIAN_POINT ( 'NONE',  ( 0.03179542211794705864, 0.8999999999999996891, 0.02281589720855810299 ) ) ;
#523 = DIRECTION ( 'NONE',  ( 0.000000000000000000, -1.000000000000000000, 2.710505431213761085E-14 ) ) ;
#524 = CARTESIAN_POINT ( 'NONE',  ( -0.6496535543390041800, 0.8992177678246285888, 0.3996025823641713437 ) ) ;
#525 = CARTESIAN_POINT ( 'NONE',  ( -0.06029456929343916111, 0.9000000000000001332, 0.003321936098264535123 ) ) ;
#526 = CARTESIAN_POINT ( 'NONE',  ( 0.1101055616635366330, 0.9010000000000000231, -0.05279604689752829400 ) ) ;
#527 = CARTESIAN_POINT ( 'NONE',  ( -0.1235934628094854243, 0.9009999999999998010, 0.04714262068267498218 ) ) ;
#528 =( NAMED_UNIT ( * ) PLANE_ANGLE_UNIT ( ) SI_UNIT ( $, .RADIAN. ) );
#529 = DIRECTION ( 'NONE',  ( -0.000000000000000000, -1.000000000000000000, -0.000000000000000000 ) ) ;
#530 = EDGE_LOOP ( 'NONE', ( #2290, #2582, #2894, #2971, #5782 ) ) ;
#531 = SURFACE_SIDE_STYLE ('',( #1937 ) ) ;
#532 = PRESENTATION_LAYER_ASSIGNMENT (  '', '', ( #1723 ) ) ;
#533 = STYLED_ITEM ( 'NONE', ( #5735 ), #1283 ) ;
#534 = CARTESIAN_POINT ( 'NONE',  ( 0.1374062273664319045, 0.9000000000000000222, 0.01749884414978634256 ) ) ;
#535 = CARTESIAN_POINT ( 'NONE',  ( 0.06093381267673372848, 0.8999999999999996891, 0.04609433629878718908 ) ) ;
#536 = CARTESIAN_POINT ( 'NONE',  ( 0.1322780222382268223, 0.8999999999999999112, -0.02771349559380340694 ) ) ;
#537 = ORIENTED_EDGE ( 'NONE', *, *, #5943, .F. ) ;
#538 = PRESENTATION_LAYER_ASSIGNMENT (  '', '', ( #4322 ) ) ;
#539 = VERTEX_POINT ( 'NONE', #2695 ) ;
#540 = CARTESIAN_POINT ( 'NONE',  ( -0.1092484200694655294, 0.9000000000000000222, -0.03712855969636751075 ) ) ;
#541 = PRESENTATION_STYLE_ASSIGNMENT (( #1914 ) ) ;
#542 = ORIENTED_EDGE ( 'NONE', *, *, #5010, .F. ) ;
#543 = CARTESIAN_POINT ( 'NONE',  ( 0.1242867028555087183, 0.8999999999999999112, -0.03704897160494125680 ) ) ;
#544 = CARTESIAN_POINT ( 'NONE',  ( -0.1254142854540808982, 0.9010000000000000231, -0.001331284055341868094 ) ) ;
#545 = EDGE_LOOP ( 'NONE', ( #4969, #771, #2738, #1384 ) ) ;
#546 = CARTESIAN_POINT ( 'NONE',  ( 0.6482627733115838842, 0.000000000000000000, 0.3980000000000000204 ) ) ;
#547 = CARTESIAN_POINT ( 'NONE',  ( 0.1061223152995682401, 0.9009999999999998010, 0.02034502454148890555 ) ) ;
#548 = CARTESIAN_POINT ( 'NONE',  ( -0.04588264027536110429, 0.9010000000000000231, 0.01886566688431208158 ) ) ;
#549 = UNCERTAINTY_MEASURE_WITH_UNIT (LENGTH_MEASURE( 1.000000000000000082E-05 ), #822, 'distance_accuracy_value', 'NONE');
#550 = CARTESIAN_POINT ( 'NONE',  ( 0.09513923709199702261, 0.9009999999999999121, 0.03878399252164615313 ) ) ;
#551 = CARTESIAN_POINT ( 'NONE',  ( 0.05215385959582016784, 0.9009999999999999121, 0.02942924365035958986 ) ) ;
#552 = CARTESIAN_POINT ( 'NONE',  ( 0.1002067081356627226, 0.9010000000000000231, -0.04578240585021366854 ) ) ;
#553 = FILL_AREA_STYLE_COLOUR ( '', #726 ) ;
#554 = FACE_OUTER_BOUND ( 'NONE', #3647, .T. ) ;
#555 = CARTESIAN_POINT ( 'NONE',  ( 0.1121637881224738509, 0.9010000000000000231, -0.03177350851877618759 ) ) ;
#556 = CARTESIAN_POINT ( 'NONE',  ( -0.1368964323422363072, 0.9000000000000001332, 0.03388616946846450401 ) ) ;
#557 = EDGE_CURVE ( 'NONE', #5017, #1005, #5064, .T. ) ;
#558 = CARTESIAN_POINT ( 'NONE',  ( -0.05673308842153384352, 0.9010000000000001341, -0.004363782507661531813 ) ) ;
#559 = EDGE_LOOP ( 'NONE', ( #2010, #878, #1751 ) ) ;
#560 = DIRECTION ( 'NONE',  ( 0.000000000000000000, 1.000000000000000000, -0.000000000000000000 ) ) ;
#561 = CARTESIAN_POINT ( 'NONE',  ( 0.1373872138836271517, 0.9000000000000000222, 0.01694992394565763769 ) ) ;
#562 = CARTESIAN_POINT ( 'NONE',  ( -0.6497883585563698494, 0.8989549610486294862, -0.3997572847167403243 ) ) ;
#563 = ORIENTED_EDGE ( 'NONE', *, *, #2458, .T. ) ;
#564 = CARTESIAN_POINT ( 'NONE',  ( -0.6499341210850063666, 0.001455582122423635652, -0.3999244763379541934 ) ) ;
#565 = VECTOR ( 'NONE', #1823, 1000.000000000000000 ) ;
#566 = VERTEX_POINT ( 'NONE', #1309 ) ;
#567 = CARTESIAN_POINT ( 'NONE',  ( -0.02644415759604835242, 0.9009999999999999121, -0.01226605742458186134 ) ) ;
#568 = DIRECTION ( 'NONE',  ( -0.000000000000000000, -1.000000000000000000, -0.000000000000000000 ) ) ;
#569 = SURFACE_STYLE_USAGE ( .BOTH. , #2013 ) ;
#570 = LINE ( 'NONE', #2487, #6141 ) ;
#571 = EDGE_CURVE ( 'NONE', #2241, #928, #2722, .T. ) ;
#572 = PRESENTATION_LAYER_ASSIGNMENT (  '', '', ( #477 ) ) ;
#573 = CARTESIAN_POINT ( 'NONE',  ( -0.02817769429462230191, 0.9000000000000000222, 0.004813416952060254467 ) ) ;
#574 = AXIS2_PLACEMENT_3D ( 'NONE', #5736, #5084, #4110 ) ;
#575 = CARTESIAN_POINT ( 'NONE',  ( -0.1254142854540808982, 0.9010000000000000231, -0.001331284055341868094 ) ) ;
#576 = CARTESIAN_POINT ( 'NONE',  ( -0.1302007875311381735, 0.9010000000000000231, -0.04744859719091561873 ) ) ;
#577 = CARTESIAN_POINT ( 'NONE',  ( -0.03328688160792706019, 0.9010000000000001341, 0.03210220953440172387 ) ) ;
#578 = LINE ( 'NONE', #1611, #4216 ) ;
#579 = CARTESIAN_POINT ( 'NONE',  ( 0.06923868151743722832, 0.9010000000000002451, -0.04289115402682275313 ) ) ;
#580 = DIRECTION ( 'NONE',  ( 1.000000000000000000, 0.000000000000000000, 0.000000000000000000 ) ) ;
#581 = VECTOR ( 'NONE', #2576, 1000.000000000000000 ) ;
#582 = CARTESIAN_POINT ( 'NONE',  ( 0.04938661459463439957, 0.9010000000000004672, 0.03117538986780107879 ) ) ;
#583 = CARTESIAN_POINT ( 'NONE',  ( 0.04227254596277583987, 0.9000000000000000222, -0.03701835041680134192 ) ) ;
#584 = CARTESIAN_POINT ( 'NONE',  ( 0.04227254596277583987, 0.9010000000000000231, -0.03701835041680134192 ) ) ;
#585 = CARTESIAN_POINT ( 'NONE',  ( -0.07961711879485451615, 0.9010000000000000231, 0.02851237849927956008 ) ) ;
#586 = DIRECTION ( 'NONE',  ( -0.000000000000000000, -1.000000000000000000, -0.000000000000000000 ) ) ;
#587 = CARTESIAN_POINT ( 'NONE',  ( 0.1104831504433550216, 0.9010000000000000231, -0.02815420072200854051 ) ) ;
#588 = CARTESIAN_POINT ( 'NONE',  ( 0.08740622736643191559, 0.9010000000000000231, 0.01671759414978633840 ) ) ;
#589 = ORIENTED_EDGE ( 'NONE', *, *, #3975, .F. ) ;
#590 = CARTESIAN_POINT ( 'NONE',  ( -0.1021725059435788646, 0.9000000000000003553, -0.05434940545442304427 ) ) ;
#591 = CARTESIAN_POINT ( 'NONE',  ( -0.03242000044289682081, 0.9010000000000002451, 0.03205153684864665148 ) ) ;
#592 = CARTESIAN_POINT ( 'NONE',  ( -0.09918214098932318090, 0.9010000000000000231, 0.04879373029465090134 ) ) ;
#593 = CARTESIAN_POINT ( 'NONE',  ( 0.1210948884577786044, 0.9010000000000001341, 0.002037519422486437116 ) ) ;
#594 = EDGE_LOOP ( 'NONE', ( #171, #309, #3330, #3705 ) ) ;
#595 = EDGE_LOOP ( 'NONE', ( #4615, #1758, #2032, #5386 ) ) ;
#596 = CARTESIAN_POINT ( 'NONE',  ( -0.09338517988210826015, 0.9010000000000002451, -0.05097231666860020660 ) ) ;
#597 = CARTESIAN_POINT ( 'NONE',  ( -0.02359158217913823880, 0.9010000000000000231, -0.01153243345573000400 ) ) ;
#598 = CARTESIAN_POINT ( 'NONE',  ( 0.8000000000000001554, 0.002000000000000000042, 0.3980000000000000204 ) ) ;
#599 = CARTESIAN_POINT ( 'NONE',  ( 0.06430781775269366063, 0.8999999999999998002, -0.04828525652437166971 ) ) ;
#600 = VECTOR ( 'NONE', #586, 1000.000000000000000 ) ;
#601 = B_SPLINE_SURFACE_WITH_KNOTS ( 'NONE', 3, 1, ( 
 ( #132, #2066 ),
 ( #4001, #2475 ),
 ( #5844, #1621 ),
 ( #2035, #621 ),
 ( #3880, #1124 ),
 ( #4944, #5343 ),
 ( #1063, #1592 ),
 ( #2543, #3470 ),
 ( #2509, #5902 ),
 ( #4372, #3534 ),
 ( #4441, #165 ),
 ( #4408, #3943 ),
 ( #3970, #2944 ),
 ( #3410, #1528 ),
 ( #3037, #1157 ),
 ( #3910, #3070 ),
 ( #1497, #5873 ),
 ( #4876, #3503 ),
 ( #5413, #95 ) ),
 .UNSPECIFIED., .F., .F., .F.,
 ( 4, 1, 1, 1, 1, 1, 1, 1, 1, 1, 1, 1, 1, 1, 1, 1, 4 ),
 ( 2, 2 ),
 ( 0.000000000000000000, 0.06622147296504658776, 0.1301222241928454426, 0.1929218896442584374, 0.2547641743082541543, 0.3157567810544731901, 0.3763028430934008961, 0.4368144190490078627, 0.4981681590965026940, 0.5595162284808273823, 0.6202430211536017479, 0.6809698138263761136, 0.7423490653749127421, 0.8045838965925342645, 0.8681023975450437025, 0.9333073801795226387, 1.000000000000000000 ),
 ( 0.000000000000000000, 1.000000000000000000 ),
 .UNSPECIFIED. ) ;
#602 = ADVANCED_FACE ( 'NONE', ( #770 ), #830, .T. ) ;
#603 = CARTESIAN_POINT ( 'NONE',  ( -0.1185515894782982194, 0.9010000000000001341, 0.02802743762480509188 ) ) ;
#604 =( NAMED_UNIT ( * ) PLANE_ANGLE_UNIT ( ) SI_UNIT ( $, .RADIAN. ) );
#605 = CARTESIAN_POINT ( 'NONE',  ( 0.09350406578578641936, 0.9009999999999996900, -0.03335670842475401549 ) ) ;
#606 = UNCERTAINTY_MEASURE_WITH_UNIT (LENGTH_MEASURE( 1.000000000000000082E-05 ), #2844, 'distance_accuracy_value', 'NONE');
#607 = CARTESIAN_POINT ( 'NONE',  ( 0.08740622736643191559, 0.8999999999999999112, 0.01671759414978633840 ) ) ;
#608 =( NAMED_UNIT ( * ) SI_UNIT ( $, .STERADIAN. ) SOLID_ANGLE_UNIT ( ) );
#609 = CARTESIAN_POINT ( 'NONE',  ( 0.04459773377668834610, 0.8999999999999999112, 0.03210220953440172387 ) ) ;
#610 = CARTESIAN_POINT ( 'NONE',  ( -0.02084147635063435949, 0.8999999999999999112, -0.01056001686943724809 ) ) ;
#611 = ADVANCED_FACE ( 'NONE', ( #1400 ), #3751, .T. ) ;
#612 = CARTESIAN_POINT ( 'NONE',  ( -0.06387582391561938411, 0.9000000000000002442, 0.01878089543183762353 ) ) ;
#613 = DIRECTION ( 'NONE',  ( 1.000000000000000000, 0.000000000000000000, 0.000000000000000000 ) ) ;
#614 = DIRECTION ( 'NONE',  ( -0.4534572437205525164, 0.000000000000000000, 0.8912780307610860264 ) ) ;
#615 = CARTESIAN_POINT ( 'NONE',  ( 0.02116463192168956814, 0.8999999999999999112, 0.04012640489766581414 ) ) ;
#616 = CARTESIAN_POINT ( 'NONE',  ( -0.1159147364097173061, 0.9010000000000001341, -0.03544193953851071388 ) ) ;
#617 = CARTESIAN_POINT ( 'NONE',  ( -0.06029456929343916111, 0.9000000000000002442, 0.003321936098264535123 ) ) ;
#618 = B_SPLINE_CURVE_WITH_KNOTS ( 'NONE', 3,
 ( #3625, #3221, #5969, #3255, #1749, #5499, #1715, #1249, #261, #5592, #6086 ),
 .UNSPECIFIED., .F., .F.,
 ( 4, 1, 1, 1, 1, 1, 1, 1, 4 ),
 ( 0.000000000000000000, 0.1274068638107690998, 0.2511055387650941717, 0.3729077916389046954, 0.4944963015983252497, 0.6161714362084778074, 0.7405628981726766202, 0.8676048506052689291, 1.000000000000000000 ),
 .UNSPECIFIED. ) ;
#619 = VERTEX_POINT ( 'NONE', #1964 ) ;
#620 = CARTESIAN_POINT ( 'NONE',  ( 0.7980000000000000426, 0.8979999999999999094, 0.3980000000000000204 ) ) ;
#621 = CARTESIAN_POINT ( 'NONE',  ( 0.1409495269312579513, 0.8999999999999996891, -0.006302255237921646457 ) ) ;
#622 = CARTESIAN_POINT ( 'NONE',  ( -0.6493908290822002494, 0.8995192807795503454, -0.3993006867082074529 ) ) ;
#623 = CARTESIAN_POINT ( 'NONE',  ( 0.1048354436553894653, 0.9010000000000002451, -0.04987734265222906749 ) ) ;
#624 = CARTESIAN_POINT ( 'NONE',  ( -0.04511489503190705547, 0.9010000000000000231, 0.04771965636078286110 ) ) ;
#625 = ORIENTED_EDGE ( 'NONE', *, *, #191, .T. ) ;
#626 =( GEOMETRIC_REPRESENTATION_CONTEXT ( 3 ) GLOBAL_UNCERTAINTY_ASSIGNED_CONTEXT ( ( #5797 ) ) GLOBAL_UNIT_ASSIGNED_CONTEXT ( ( #2362, #45, #4794 ) ) REPRESENTATION_CONTEXT ( 'NONE', 'WORKASPACE' ) );
#627 = CARTESIAN_POINT ( 'NONE',  ( -0.6490108047624456589, 0.0001787810796609284967, -0.3988634594555445223 ) ) ;
#628 = CARTESIAN_POINT ( 'NONE',  ( 0.03662250692592445428, 0.9009999999999996900, 0.02929533174978218857 ) ) ;
#629 = DIRECTION ( 'NONE',  ( 1.000000000000000000, 0.000000000000000000, 0.000000000000000000 ) ) ;
#630 = CARTESIAN_POINT ( 'NONE',  ( 0.07682944008526020052, 0.8999999999999999112, -0.02367520802437588293 ) ) ;
#631 = CARTESIAN_POINT ( 'NONE',  ( -1.108484219145106087, 0.9000000000000000222, 8.924125261806806511E-17 ) ) ;
#632 = VECTOR ( 'NONE', #3603, 1000.000000000000000 ) ;
#633 = ADVANCED_FACE ( 'NONE', ( #1900 ), #636, .T. ) ;
#634 = VECTOR ( 'NONE', #2950, 1000.000000000000000 ) ;
#635 = CARTESIAN_POINT ( 'NONE',  ( 0.000000000000000000, 0.000000000000000000, 0.000000000000000000 ) ) ;
#636 = B_SPLINE_SURFACE_WITH_KNOTS ( 'NONE', 3, 1, ( 
 ( #2875, #3346 ),
 ( #3784, #3314 ),
 ( #5710, #5183 ),
 ( #466, #3815 ),
 ( #1932, #405 ),
 ( #891, #4335 ),
 ( #4682, #5680 ),
 ( #5652, #3288 ),
 ( #1432, #2409 ),
 ( #5276, #4809 ),
 ( #5246, #4781 ),
 ( #2378, #499 ),
 ( #4269, #4304 ),
 ( #5744, #860 ),
 ( #3375, #993 ),
 ( #3407, #62 ),
 ( #3875, #1493 ),
 ( #2778, #5219 ),
 ( #3824, #4788 ),
 ( #4312, #2947 ),
 ( #967, #1002 ),
 ( #592, #4344 ),
 ( #3913, #98 ),
 ( #3444, #5721 ),
 ( #934, #1909 ),
 ( #3791, #2479 ),
 ( #4277, #1441 ) ),
 .UNSPECIFIED., .F., .F., .F.,
 ( 4, 1, 1, 1, 1, 1, 1, 1, 1, 1, 1, 1, 1, 1, 1, 1, 1, 1, 1, 1, 1, 1, 1, 1, 4 ),
 ( 2, 2 ),
 ( 0.000000000000000000, 0.06849087449695398511, 0.1330765404908785254, 0.1938289871915770957, 0.2510828574460499674, 0.3044008371534407953, 0.3544083437255269309, 0.4012947817777443027, 0.4447006845454780088, 0.4856924920892443653, 0.5246764844274038886, 0.5623067591777589636, 0.5979465846525345851, 0.6324735490267262561, 0.6657520428969367909, 0.6979852995504441937, 0.7295862241486804622, 0.7608251968744890181, 0.7923550795612060993, 0.8243126039626630375, 0.8571562719790690732, 0.8909268871454048000, 0.9259604429162998640, 0.9620613229943376643, 1.000000000000000000 ),
 ( 0.000000000000000000, 1.000000000000000000 ),
 .UNSPECIFIED. ) ;
#637 = CARTESIAN_POINT ( 'NONE',  ( 0.09421511963170092763, 0.9000000000000002442, -0.03577217069382942344 ) ) ;
#638 = CARTESIAN_POINT ( 'NONE',  ( 0.1076738391727582594, 0.9000000000000000222, 0.04786476210976885887 ) ) ;
#639 = CARTESIAN_POINT ( 'NONE',  ( 0.1553206196471124401, 0.9010000000000000231, 0.01878870253809515611 ) ) ;
#640 =( NAMED_UNIT ( * ) SI_UNIT ( $, .STERADIAN. ) SOLID_ANGLE_UNIT ( ) );
#641 = SURFACE_STYLE_USAGE ( .BOTH. , #2962 ) ;
#642 = CARTESIAN_POINT ( 'NONE',  ( -0.6500000000000000222, 0.002000000000000048614, 0.4000000000000000222 ) ) ;
#643 = CARTESIAN_POINT ( 'NONE',  ( 0.03209497810415015695, 0.8999999999999999112, -0.02839128719109008589 ) ) ;
#644 = EDGE_CURVE ( 'NONE', #1694, #885, #696, .T. ) ;
#645 = CARTESIAN_POINT ( 'NONE',  ( -0.09487733538780504516, 0.9010000000000002451, 0.04716697732936905862 ) ) ;
#646 = CARTESIAN_POINT ( 'NONE',  ( 0.1107020109905144795, 0.9010000000000001341, -0.02879145457972266675 ) ) ;
#647 = CARTESIAN_POINT ( 'NONE',  ( -0.1004453305665883728, 0.9009999999999999121, 0.02823865876485404450 ) ) ;
#648 = CARTESIAN_POINT ( 'NONE',  ( -0.1302007875311381735, 0.9010000000000000231, -0.04744859719091561873 ) ) ;
#649 = CARTESIAN_POINT ( 'NONE',  ( -0.03328688160792706019, 0.9010000000000000231, 0.03210220953440172387 ) ) ;
#650 = CARTESIAN_POINT ( 'NONE',  ( -0.04221171306209693663, 0.9010000000000001341, 0.02805372420993976212 ) ) ;
#651 = FACE_OUTER_BOUND ( 'NONE', #1646, .T. ) ;
#652 = CYLINDRICAL_SURFACE ( 'NONE', #3800, 0.001999999999999994404 ) ;
#653 = CARTESIAN_POINT ( 'NONE',  ( -0.002821585733402545877, 0.8999999999999998002, 0.01246281359427872659 ) ) ;
#654 = ORIENTED_EDGE ( 'NONE', *, *, #3175, .T. ) ;
#655 = DIRECTION ( 'NONE',  ( 0.000000000000000000, 0.000000000000000000, 1.000000000000000000 ) ) ;
#656 = CARTESIAN_POINT ( 'NONE',  ( -0.6499848537858928799, 0.8983013211944569365, 0.3999826409444677822 ) ) ;
#657 = CARTESIAN_POINT ( 'NONE',  ( -0.002337362377157837026, 0.9010000000000000231, 0.01892111979081198200 ) ) ;
#658 = LINE ( 'NONE', #5393, #5068 ) ;
#659 = CARTESIAN_POINT ( 'NONE',  ( 0.6498916632236225732, 0.001283495497011658340, -0.3998757945051259477 ) ) ;
#660 = UNCERTAINTY_MEASURE_WITH_UNIT (LENGTH_MEASURE( 1.000000000000000082E-05 ), #1765, 'distance_accuracy_value', 'NONE');
#661 = CARTESIAN_POINT ( 'NONE',  ( 0.1322578657903355215, 0.9010000000000000231, -0.02720322731047087120 ) ) ;
#662 = ADVANCED_FACE ( 'NONE', ( #5689 ), #2387, .T. ) ;
#663 = CARTESIAN_POINT ( 'NONE',  ( -0.02042396852773876309, 0.8999999999999999112, 0.01506478040315349654 ) ) ;
#664 = SURFACE_SIDE_STYLE ('',( #2082 ) ) ;
#665 = CARTESIAN_POINT ( 'NONE',  ( -0.1243500864666059191, 0.9010000000000000231, 0.01459980522673835074 ) ) ;
#666 = UNCERTAINTY_MEASURE_WITH_UNIT (LENGTH_MEASURE( 1.000000000000000082E-05 ), #4928, 'distance_accuracy_value', 'NONE');
#667 = CARTESIAN_POINT ( 'NONE',  ( 0.09161678701536589420, 0.8999999999999999112, 0.03347257107866762754 ) ) ;
#668 = AXIS2_PLACEMENT_3D ( 'NONE', #2927, #4293, #3804 ) ;
#669 = CARTESIAN_POINT ( 'NONE',  ( 0.1515617158239220552, 0.9010000000000000231, 0.03303352793416490518 ) ) ;
#670 = CARTESIAN_POINT ( 'NONE',  ( 0.07429382262637194978, 0.9010000000000000231, -0.03322218005148539627 ) ) ;
#671 = CARTESIAN_POINT ( 'NONE',  ( 0.04732016135231521814, 0.8999999999999998002, 0.05000623150950152945 ) ) ;
#672 =( GEOMETRIC_REPRESENTATION_CONTEXT ( 3 ) GLOBAL_UNCERTAINTY_ASSIGNED_CONTEXT ( ( #4423 ) ) GLOBAL_UNIT_ASSIGNED_CONTEXT ( ( #4925, #2113, #608 ) ) REPRESENTATION_CONTEXT ( 'NONE', 'WORKASPACE' ) );
#673 = PRESENTATION_STYLE_ASSIGNMENT (( #5052 ) ) ;
#674 = CARTESIAN_POINT ( 'NONE',  ( 0.1183540286887935500, 0.9000000000000002442, -0.03655893932867797236 ) ) ;
#675 = CARTESIAN_POINT ( 'NONE',  ( 0.01575616677588616635, 0.8999999999999994671, 0.03145960887674529444 ) ) ;
#676 = SURFACE_STYLE_USAGE ( .BOTH. , #3495 ) ;
#677 = PRESENTATION_LAYER_ASSIGNMENT (  '', '', ( #6064 ) ) ;
#678 = CARTESIAN_POINT ( 'NONE',  ( -0.1175173355435908812, 0.9000000000000000222, -0.03429047515519517003 ) ) ;
#679 = ADVANCED_FACE ( 'NONE', ( #1036 ), #2550, .T. ) ;
#680 = CARTESIAN_POINT ( 'NONE',  ( 0.6489175192122750291, 0.0001483273524841123645, 0.3987558495093769806 ) ) ;
#681 = CARTESIAN_POINT ( 'NONE',  ( 0.6500000000000000222, 0.8979999999999999094, 0.4000000000000000222 ) ) ;
#682 = ADVANCED_FACE ( 'NONE', ( #2639 ), #652, .T. ) ;
#683 = CARTESIAN_POINT ( 'NONE',  ( 0.7980000000000000426, 0.8979999999999999094, 0.3980000000000000204 ) ) ;
#684 = CARTESIAN_POINT ( 'NONE',  ( 0.1502267401869447627, 0.9000000000000001332, -0.02885532251688032943 ) ) ;
#685 = CARTESIAN_POINT ( 'NONE',  ( -0.02116715699159457675, 0.9009999999999998010, 0.02351635601448927651 ) ) ;
#686 = CARTESIAN_POINT ( 'NONE',  ( -0.05893172514321852462, 0.9000000000000000222, 0.03567831928456167284 ) ) ;
#687 = CARTESIAN_POINT ( 'NONE',  ( 0.1294633625288037493, 0.9010000000000001341, 0.005004767288519759542 ) ) ;
#688 = ADVANCED_FACE ( 'NONE', ( #5877 ), #3593, .T. ) ;
#689 = ORIENTED_EDGE ( 'NONE', *, *, #1607, .F. ) ;
#690 = CARTESIAN_POINT ( 'NONE',  ( -0.09361491809752087168, 0.9010000000000001341, 0.006436198783255781160 ) ) ;
#691 = CARTESIAN_POINT ( 'NONE',  ( -0.6496986715062429418, 0.8991443325614261184, 0.3996543745754762567 ) ) ;
#692 = CARTESIAN_POINT ( 'NONE',  ( -0.005704939280941885224, 0.9010000000000000231, 0.003729378185441747668 ) ) ;
#693 = LINE ( 'NONE', #4887, #2590 ) ;
#694 = CARTESIAN_POINT ( 'NONE',  ( 0.06606036776863781490, 0.9000000000000000222, -0.04665863452239824016 ) ) ;
#695 = CARTESIAN_POINT ( 'NONE',  ( 0.07743228985439491729, 0.9000000000000001332, -0.01996003725395848957 ) ) ;
#696 = B_SPLINE_CURVE_WITH_KNOTS ( 'NONE', 3,
 ( #4878, #5750, #4411, #2852, #1469, #3353, #5253, #34, #509, #562, #5282, #474, #2514, #3322, #2885, #4374 ),
 .UNSPECIFIED., .F., .F.,
 ( 4, 3, 3, 3, 3, 4 ),
 ( 0.000000000000000000, 1.010940986815041520E-06, 1.933591621084591906E-06, 2.632595132266277644E-06, 3.201352646833985172E-06, 3.647884843224967309E-06 ),
 .UNSPECIFIED. ) ;
#697 = ORIENTED_EDGE ( 'NONE', *, *, #5906, .F. ) ;
#698 = AXIS2_PLACEMENT_3D ( 'NONE', #5332, #580, #5770 ) ;
#699 = FACE_OUTER_BOUND ( 'NONE', #5155, .T. ) ;
#700 = CARTESIAN_POINT ( 'NONE',  ( 0.09866759577359511535, 0.9000000000000001332, -0.04408559839284963838 ) ) ;
#701 = CARTESIAN_POINT ( 'NONE',  ( -0.1075434564100337526, 0.9010000000000001341, -0.03705893677448043877 ) ) ;
#702 = CARTESIAN_POINT ( 'NONE',  ( 0.1456135918546931640, 0.9010000000000001341, 0.04070014308304330947 ) ) ;
#703 = CARTESIAN_POINT ( 'NONE',  ( -0.03420821187711153150, 0.9000000000000000222, 0.003936584318432892818 ) ) ;
#704 = AXIS2_PLACEMENT_3D ( 'NONE', #2471, #5898, #1617 ) ;
#705 =( LENGTH_UNIT ( ) NAMED_UNIT ( * ) SI_UNIT ( .MILLI., .METRE. ) );
#706 = CARTESIAN_POINT ( 'NONE',  ( -0.01505771494126039757, 0.9010000000000000231, -0.04702439302970084362 ) ) ;
#707 = CARTESIAN_POINT ( 'NONE',  ( 0.1468528177310072513, 0.9000000000000002442, -0.01670608921637569202 ) ) ;
#708 = CARTESIAN_POINT ( 'NONE',  ( -0.1249253784879881118, 0.9010000000000005782, -0.01404035714097477856 ) ) ;
#709 = CARTESIAN_POINT ( 'NONE',  ( -0.03334697776177321382, 0.9010000000000000231, 0.003897081329273516161 ) ) ;
#710 = CARTESIAN_POINT ( 'NONE',  ( 0.6487064766444696762, 0.8999509574261742584, 0.3985126226412294415 ) ) ;
#711 = CARTESIAN_POINT ( 'NONE',  ( 0.1302190659186109045, 0.9000000000000000222, -0.02178924258978890555 ) ) ;
#712 = DIRECTION ( 'NONE',  ( -0.000000000000000000, -1.000000000000000000, -0.000000000000000000 ) ) ;
#713 = CARTESIAN_POINT ( 'NONE',  ( 0.1457168532091403512, 0.8999999999999999112, -0.04328046641319070048 ) ) ;
#714 = CARTESIAN_POINT ( 'NONE',  ( -0.06335820104987009704, 0.9010000000000003562, 0.02474237120222437525 ) ) ;
#715 = CARTESIAN_POINT ( 'NONE',  ( 0.1338983944867776221, 0.9010000000000000231, 0.008520054412672745797 ) ) ;
#716 = ADVANCED_FACE ( 'NONE', ( #3459 ), #3522, .F. ) ;
#717 = ORIENTED_EDGE ( 'NONE', *, *, #3697, .F. ) ;
#718 = CARTESIAN_POINT ( 'NONE',  ( 0.1552529364205414986, 0.8999999999999999112, 0.02097654845759605244 ) ) ;
#719 =( NAMED_UNIT ( * ) PLANE_ANGLE_UNIT ( ) SI_UNIT ( $, .RADIAN. ) );
#720 = EDGE_CURVE ( 'NONE', #2551, #5037, #902, .T. ) ;
#721 = CARTESIAN_POINT ( 'NONE',  ( 0.04732016135231521814, 0.9009999999999998010, 0.05000623150950152945 ) ) ;
#722 = CARTESIAN_POINT ( 'NONE',  ( 0.06242627933143992530, 0.9010000000000001341, -0.04971205330673833522 ) ) ;
#723 = CARTESIAN_POINT ( 'NONE',  ( 0.1322171868680274698, 0.9000000000000000222, -0.02617342464058107845 ) ) ;
#724 = CARTESIAN_POINT ( 'NONE',  ( 0.02844299127138357267, 0.8999999999999998002, -0.002506511678296995723 ) ) ;
#725 = ORIENTED_EDGE ( 'NONE', *, *, #1745, .F. ) ;
#726 = COLOUR_RGB ( '',0.9411764705882352811, 0.9411764705882352811, 0.9411764705882352811 ) ;
#727 = PRESENTATION_LAYER_ASSIGNMENT (  '', '', ( #1333 ) ) ;
#728 = AXIS2_PLACEMENT_3D ( 'NONE', #5236, #949, #4771 ) ;
#729 = CARTESIAN_POINT ( 'NONE',  ( -0.05634377263356808718, 0.9010000000000000231, -0.005157405850213663684 ) ) ;
#730 = UNCERTAINTY_MEASURE_WITH_UNIT (LENGTH_MEASURE( 1.000000000000000082E-05 ), #1179, 'distance_accuracy_value', 'NONE');
#731 = CARTESIAN_POINT ( 'NONE',  ( -0.1091682918643373246, 0.8999999999999999112, 0.05005092748311967821 ) ) ;
#732 = CARTESIAN_POINT ( 'NONE',  ( 0.1278851711104367628, 0.8999999999999998002, 0.04952721436369835611 ) ) ;
#733 = CARTESIAN_POINT ( 'NONE',  ( 0.07788794684315270000, 0.9010000000000002451, -0.01596909689922644884 ) ) ;
#734 = VECTOR ( 'NONE', #1959, 1000.000000000000000 ) ;
#735 = EDGE_LOOP ( 'NONE', ( #6149, #2265, #2732, #968 ) ) ;
#736 = CARTESIAN_POINT ( 'NONE',  ( 0.1130472530074575627, 0.9000000000000000222, 0.001332978765170955530 ) ) ;
#737 = CARTESIAN_POINT ( 'NONE',  ( -0.03334697776177321382, 0.9010000000000000231, 0.003897081329273516161 ) ) ;
#738 = CARTESIAN_POINT ( 'NONE',  ( -0.1253138051638637562, 0.9010000000000000231, -0.008090439956129283003 ) ) ;
#739 = CARTESIAN_POINT ( 'NONE',  ( 0.6493908290821999163, 0.0004807192204495632296, 0.3993006867082073974 ) ) ;
#740 = CARTESIAN_POINT ( 'NONE',  ( 0.6482627733115838842, 0.9000000000000000222, 0.3980000000000000204 ) ) ;
#741 = CARTESIAN_POINT ( 'NONE',  ( 0.1332142363339330338, 0.9009999999999998010, -0.05318706012173094605 ) ) ;
#742 = CARTESIAN_POINT ( 'NONE',  ( -0.05281822343934840930, 0.9009999999999998010, 0.04279260289393457817 ) ) ;
#743 = B_SPLINE_CURVE_WITH_KNOTS ( 'NONE', 3,
 ( #575, #3952, #4354, #2957, #5858, #5264, #3455, #4921, #4388, #2017, #1015, #603, #981, #2925, #115, #1953, #4856, #3925, #2560 ),
 .UNSPECIFIED., .F., .F.,
 ( 4, 1, 1, 1, 1, 1, 1, 1, 1, 1, 1, 1, 1, 1, 1, 1, 4 ),
 ( 0.000000000000000000, 0.1107342804863384322, 0.2123411929916478591, 0.3055021255634831623, 0.3898348410859878710, 0.4666904579461285674, 0.5352618542933010870, 0.5967629138889612994, 0.6510657189836183134, 0.7010355511102170922, 0.7478602709077568633, 0.7918333971357292000, 0.8342840069087867905, 0.8753338897746166802, 0.9160347492783127432, 0.9576522807232377144, 1.000000000000000000 ),
 .UNSPECIFIED. ) ;
#744 = CARTESIAN_POINT ( 'NONE',  ( -0.09666393046568247382, 0.9000000000000001332, -0.02752280458400070684 ) ) ;
#745 = VERTEX_POINT ( 'NONE', #782 ) ;
#746 = CARTESIAN_POINT ( 'NONE',  ( 0.1431036831357081485, 0.9000000000000000222, 0.04289793241576062705 ) ) ;
#747 = PRESENTATION_STYLE_ASSIGNMENT (( #1132 ) ) ;
#748 = DIRECTION ( 'NONE',  ( 1.000000000000000000, 0.000000000000000000, 0.000000000000000000 ) ) ;
#749 = CARTESIAN_POINT ( 'NONE',  ( 0.1142370160232989984, 0.9009999999999999121, -0.01543501192663121295 ) ) ;
#750 = CARTESIAN_POINT ( 'NONE',  ( -0.1433128369311897354, 0.9000000000000000222, -0.008028240089001834404 ) ) ;
#751 = EDGE_CURVE ( 'NONE', #262, #5315, #2596, .T. ) ;
#752 = VERTEX_POINT ( 'NONE', #4604 ) ;
#753 = CARTESIAN_POINT ( 'NONE',  ( -0.02394635127091755689, 0.8999999999999998002, 0.007853370818603745696 ) ) ;
#754 = PLANE ( 'NONE',  #855 ) ;
#755 = CARTESIAN_POINT ( 'NONE',  ( -0.09502449998746459459, 0.9010000000000001341, -0.02222262539735391645 ) ) ;
#756 = CARTESIAN_POINT ( 'NONE',  ( -0.04047467002701090472, 0.9000000000000000222, 0.006093408410241480354 ) ) ;
#757 = ORIENTED_EDGE ( 'NONE', *, *, #4879, .F. ) ;
#758 = FILL_AREA_STYLE ('',( #1177 ) ) ;
#759 = CARTESIAN_POINT ( 'NONE',  ( 0.1234514080223678284, 0.9010000000000003562, 0.002546613347195417036 ) ) ;
#760 = CIRCLE ( 'NONE', #5862, 0.002000000000000048614 ) ;
#761 = PRESENTATION_STYLE_ASSIGNMENT (( #1674 ) ) ;
#762 = FILL_AREA_STYLE_COLOUR ( '', #4115 ) ;
#763 = CARTESIAN_POINT ( 'NONE',  ( -0.1253138051638637562, 0.9000000000000000222, -0.008090439956129283003 ) ) ;
#764 =( GEOMETRIC_REPRESENTATION_CONTEXT ( 3 ) GLOBAL_UNCERTAINTY_ASSIGNED_CONTEXT ( ( #2867 ) ) GLOBAL_UNIT_ASSIGNED_CONTEXT ( ( #1569, #2078, #1603 ) ) REPRESENTATION_CONTEXT ( 'NONE', 'WORKASPACE' ) );
#765 = VERTEX_POINT ( 'NONE', #1205 ) ;
#766 = CARTESIAN_POINT ( 'NONE',  ( -0.03094313160792706158, 0.9010000000000000231, -0.05507727764508545815 ) ) ;
#767 = CARTESIAN_POINT ( 'NONE',  ( -0.1343734046074833155, 0.8999999999999999112, -0.04255720200933739428 ) ) ;
#768 = PRESENTATION_STYLE_ASSIGNMENT (( #2834 ) ) ;
#769 = CARTESIAN_POINT ( 'NONE',  ( 0.000000000000000000, 0.8979999999999999094, -0.3980000000000000204 ) ) ;
#770 = FACE_OUTER_BOUND ( 'NONE', #3543, .T. ) ;
#771 = ORIENTED_EDGE ( 'NONE', *, *, #1074, .F. ) ;
#772 = CARTESIAN_POINT ( 'NONE',  ( 0.01051096587973921956, 0.9010000000000000231, 0.003164554580687266045 ) ) ;
#773 = CARTESIAN_POINT ( 'NONE',  ( 0.1222158844248602549, 0.9010000000000001341, 0.03209269478947967408 ) ) ;
#774 = CARTESIAN_POINT ( 'NONE',  ( -0.02404606552789235671, 0.8999999999999998002, 0.02811371051209027652 ) ) ;
#775 = CARTESIAN_POINT ( 'NONE',  ( 0.1368453299305345261, 0.9010000000000000231, -0.007901796875854688249 ) ) ;
#776 = CARTESIAN_POINT ( 'NONE',  ( -0.05039475505793126336, 0.9000000000000000222, 0.04473908899036329462 ) ) ;
#777 = FACE_OUTER_BOUND ( 'NONE', #6101, .T. ) ;
#778 = ORIENTED_EDGE ( 'NONE', *, *, #3626, .T. ) ;
#779 = PRESENTATION_STYLE_ASSIGNMENT (( #4130 ) ) ;
#780 = CARTESIAN_POINT ( 'NONE',  ( 0.6500000000000001332, 0.8979999999999999094, -0.4000000000000000222 ) ) ;
#781 = CARTESIAN_POINT ( 'NONE',  ( -0.1028196660660438411, 0.9010000000000002451, -0.03529417692304604587 ) ) ;
#782 = CARTESIAN_POINT ( 'NONE',  ( -0.05634377263356808718, 0.9010000000000000231, -0.005157405850213663684 ) ) ;
#783 = PRESENTATION_LAYER_ASSIGNMENT (  '', '', ( #2902 ) ) ;
#784 = ORIENTED_EDGE ( 'NONE', *, *, #5285, .T. ) ;
#785 = DIRECTION ( 'NONE',  ( 1.000000000000000000, -0.000000000000000000, 0.000000000000000000 ) ) ;
#786 = CARTESIAN_POINT ( 'NONE',  ( 0.01694972150391758567, 0.8999999999999999112, 0.03388616946846450401 ) ) ;
#787 = EDGE_CURVE ( 'NONE', #4348, #5951, #1817, .T. ) ;
#788 = MECHANICAL_DESIGN_GEOMETRIC_PRESENTATION_REPRESENTATION (  '', ( #3002 ), #888 ) ;
#789 = CARTESIAN_POINT ( 'NONE',  ( -0.09403369370000531913, 0.8999999999999998002, 0.01042244463013075086 ) ) ;
#790 = CARTESIAN_POINT ( 'NONE',  ( 0.06048315044335499796, 0.9000000000000001332, -0.002473110978418791451 ) ) ;
#791 = B_SPLINE_CURVE_WITH_KNOTS ( 'NONE', 3,
 ( #1698, #4553, #5511, #272, #4023, #3202, #5483, #1668, #2681, #1232, #244, #2170, #4490, #2706, #1173, #326, #3611, #4077, #1260 ),
 .UNSPECIFIED., .F., .F.,
 ( 4, 1, 1, 1, 1, 1, 1, 1, 1, 1, 1, 1, 1, 1, 1, 1, 4 ),
 ( 0.000000000000000000, 0.1121147956622137731, 0.2158018426882338248, 0.3102026923156552263, 0.3959929252987143267, 0.4734102307422356493, 0.5427784203605524604, 0.6045480222829334727, 0.6593572656120959552, 0.7087643617117440620, 0.7553555059484816647, 0.7986869938006723180, 0.8400168391480739016, 0.8802034470065464022, 0.9197333482458337484, 0.9590486059010159270, 0.9999999999999998890 ),
 .UNSPECIFIED. ) ;
#792 = VERTEX_POINT ( 'NONE', #4079 ) ;
#793 = CARTESIAN_POINT ( 'NONE',  ( 0.1339976311798104502, 0.9009999999999999121, 0.02682785956393307983 ) ) ;
#794 = DIRECTION ( 'NONE',  ( -0.000000000000000000, 0.000000000000000000, 1.000000000000000000 ) ) ;
#795 = SURFACE_STYLE_FILL_AREA ( #1602 ) ;
#796 = CARTESIAN_POINT ( 'NONE',  ( -0.04588955147769741699, 0.9010000000000001341, 0.01693362510097122173 ) ) ;
#797 = DIRECTION ( 'NONE',  ( -0.000000000000000000, -1.000000000000000000, -0.000000000000000000 ) ) ;
#798 = CARTESIAN_POINT ( 'NONE',  ( -0.08322391405818603538, 0.9000000000000000222, 0.03601904295315424415 ) ) ;
#799 = ORIENTED_EDGE ( 'NONE', *, *, #3975, .T. ) ;
#800 = CARTESIAN_POINT ( 'NONE',  ( 0.1456135918546931640, 0.9000000000000001332, 0.04070014308304330947 ) ) ;
#801 = CARTESIAN_POINT ( 'NONE',  ( 0.1305467992618312700, 0.9000000000000001332, 0.02973801221860004201 ) ) ;
#802 = CARTESIAN_POINT ( 'NONE',  ( 0.06453654690714455411, 0.9009999999999999121, 0.04344869368045998353 ) ) ;
#803 = CARTESIAN_POINT ( 'NONE',  ( 0.1379830504650176037, 0.9010000000000000231, -0.05075264209117547748 ) ) ;
#804 = DIRECTION ( 'NONE',  ( 0.000000000000000000, 0.000000000000000000, 1.000000000000000000 ) ) ;
#805 = ORIENTED_EDGE ( 'NONE', *, *, #3697, .T. ) ;
#806 = CARTESIAN_POINT ( 'NONE',  ( 0.07422903505129933854, 0.8999999999999999112, 0.02851237849927955662 ) ) ;
#807 = ORIENTED_EDGE ( 'NONE', *, *, #4174, .T. ) ;
#808 = DIRECTION ( 'NONE',  ( 0.000000000000000000, 0.000000000000000000, 1.000000000000000000 ) ) ;
#809 = CARTESIAN_POINT ( 'NONE',  ( -0.01334657485218893568, 0.8999999999999999112, -0.005805861075406997321 ) ) ;
#810 = FACE_OUTER_BOUND ( 'NONE', #2810, .T. ) ;
#811 = CARTESIAN_POINT ( 'NONE',  ( 0.09024937315542372329, 0.9000000000000000222, 0.03051270429638850562 ) ) ;
#812 = EDGE_CURVE ( 'NONE', #4149, #6138, #4692, .T. ) ;
#813 = VERTEX_POINT ( 'NONE', #4994 ) ;
#814 = MECHANICAL_DESIGN_GEOMETRIC_PRESENTATION_REPRESENTATION (  '', ( #2229 ), #5915 ) ;
#815 = CARTESIAN_POINT ( 'NONE',  ( -0.1098309611284897652, 0.9000000000000001332, 0.03207790524200765381 ) ) ;
#816 = CARTESIAN_POINT ( 'NONE',  ( 0.02916344845652427825, 0.9010000000000000231, -0.01668914976313396609 ) ) ;
#817 = PRESENTATION_STYLE_ASSIGNMENT (( #2276 ) ) ;
#818 = CARTESIAN_POINT ( 'NONE',  ( -0.1059783743901110686, 0.9000000000000000222, 0.03171878295294837391 ) ) ;
#819 = COLOUR_RGB ( '',0.9411764705882352811, 0.9411764705882352811, 0.9411764705882352811 ) ;
#820 = CARTESIAN_POINT ( 'NONE',  ( 0.1553549453151499005, 0.9010000000000000231, 0.01767913261132480346 ) ) ;
#821 = CIRCLE ( 'NONE', #5623, 0.001999999999999994404 ) ;
#822 =( LENGTH_UNIT ( ) NAMED_UNIT ( * ) SI_UNIT ( .MILLI., .METRE. ) );
#823 = ORIENTED_EDGE ( 'NONE', *, *, #893, .T. ) ;
#824 = CARTESIAN_POINT ( 'NONE',  ( -0.08953833609346018019, 0.9009999999999999121, -0.04828525652437167665 ) ) ;
#825 = CARTESIAN_POINT ( 'NONE',  ( -0.1242265999309942193, 0.9010000000000000231, -0.05166421287777332727 ) ) ;
#826 = COLOUR_RGB ( '',0.7921568627450980005, 0.8196078431372548767, 0.9333333333333333481 ) ;
#827 = PRESENTATION_STYLE_ASSIGNMENT (( #6083 ) ) ;
#828 = SURFACE_STYLE_USAGE ( .BOTH. , #374 ) ;
#829 = CARTESIAN_POINT ( 'NONE',  ( -0.1351498623771578422, 0.9010000000000000231, -0.04147551482457263738 ) ) ;
#830 = CYLINDRICAL_SURFACE ( 'NONE', #299, 0.001999999999999994404 ) ;
#831 = CARTESIAN_POINT ( 'NONE',  ( -0.07541428545408090933, 0.9000000000000001332, -0.002473110978418791451 ) ) ;
#832 = ORIENTED_EDGE ( 'NONE', *, *, #720, .T. ) ;
#833 = CYLINDRICAL_SURFACE ( 'NONE', #2235, 0.002000000000000048614 ) ;
#834 = CARTESIAN_POINT ( 'NONE',  ( 0.1222158844248602549, 0.9000000000000001332, 0.03209269478947967408 ) ) ;
#835 = CARTESIAN_POINT ( 'NONE',  ( -0.1004453305665883728, 0.8999999999999999112, 0.02823865876485404450 ) ) ;
#836 = CARTESIAN_POINT ( 'NONE',  ( 0.1356418471000309101, 0.9010000000000005782, -0.05206042531072847812 ) ) ;
#837 = CARTESIAN_POINT ( 'NONE',  ( 0.07840583046907395603, 0.8999999999999999112, -0.007176082057569269958 ) ) ;
#838 = ORIENTED_EDGE ( 'NONE', *, *, #1220, .F. ) ;
#839 = SURFACE_STYLE_FILL_AREA ( #1788 ) ;
#840 = CARTESIAN_POINT ( 'NONE',  ( 0.04516028387286298573, 0.9000000000000000222, 0.03208557873180353098 ) ) ;
#841 = ORIENTED_EDGE ( 'NONE', *, *, #478, .T. ) ;
#842 = CARTESIAN_POINT ( 'NONE',  ( 0.1080396951087097546, 0.9009999999999998010, 0.02491040918850950109 ) ) ;
#843 = CARTESIAN_POINT ( 'NONE',  ( 0.06043322162790244756, 0.9000000000000000222, 0.002096254690847114844 ) ) ;
#844 = EDGE_CURVE ( 'NONE', #4134, #4821, #2539, .T. ) ;
#845 = ORIENTED_EDGE ( 'NONE', *, *, #5047, .T. ) ;
#846 = CARTESIAN_POINT ( 'NONE',  ( 0.000000000000000000, 0.9000000000000000222, -0.4000000000000000222 ) ) ;
#847 = CARTESIAN_POINT ( 'NONE',  ( 0.03036560403412021103, 0.9010000000000002451, -0.02334617179742431298 ) ) ;
#848 = DIRECTION ( 'NONE',  ( -1.000000000000000000, -0.000000000000000000, -0.000000000000000000 ) ) ;
#849 = CARTESIAN_POINT ( 'NONE',  ( -0.002337362377157837026, 0.9010000000000000231, 0.01892111979081198200 ) ) ;
#850 = CARTESIAN_POINT ( 'NONE',  ( -0.01505771494126039757, 0.9000000000000000222, -0.04702439302970084362 ) ) ;
#851 = CARTESIAN_POINT ( 'NONE',  ( 0.1130472530074575627, 0.9010000000000000231, -0.01533368790149571871 ) ) ;
#852 = CARTESIAN_POINT ( 'NONE',  ( -0.6500000000000000222, 0.8979999999999999094, 0.4000000000000000222 ) ) ;
#853 = ORIENTED_EDGE ( 'NONE', *, *, #5368, .F. ) ;
#854 = CARTESIAN_POINT ( 'NONE',  ( -0.09141987451471392245, 0.8999999999999994671, -0.04971205330673830747 ) ) ;
#855 = AXIS2_PLACEMENT_3D ( 'NONE', #2680, #3830, #4792 ) ;
#856 = CARTESIAN_POINT ( 'NONE',  ( 0.01048315044335500039, 0.9010000000000000231, -0.001531604568162380853 ) ) ;
#857 = CARTESIAN_POINT ( 'NONE',  ( 0.05555526582797038621, 0.9010000000000002451, 0.02523121594465813772 ) ) ;
#858 = CARTESIAN_POINT ( 'NONE',  ( 0.1497643444759731435, 0.9000000000000005773, -0.03400135775730344506 ) ) ;
#859 = AXIS2_PLACEMENT_3D ( 'NONE', #173, #5420, #1131 ) ;
#860 = CARTESIAN_POINT ( 'NONE',  ( -0.08458197463422613416, 0.9000000000000000222, 0.03817282335507568569 ) ) ;
#861 = ORIENTED_EDGE ( 'NONE', *, *, #5268, .F. ) ;
#862 = EDGE_CURVE ( 'NONE', #1378, #2128, #6166, .T. ) ;
#863 = CARTESIAN_POINT ( 'NONE',  ( 0.06047655485117372359, 0.9010000000000002451, -0.004049312164759481456 ) ) ;
#864 = STYLED_ITEM ( 'NONE', ( #4892 ), #2264 ) ;
#865 = CARTESIAN_POINT ( 'NONE',  ( 0.1356955000921907795, 0.9000000000000002442, 0.02445146269420372595 ) ) ;
#866 = CARTESIAN_POINT ( 'NONE',  ( 0.07843186839207294536, 0.8999999999999998002, -0.002473110978418791451 ) ) ;
#867 = CARTESIAN_POINT ( 'NONE',  ( 0.1422151178202767374, 0.9009999999999998010, -0.04733617602641596034 ) ) ;
#868 = CARTESIAN_POINT ( 'NONE',  ( -0.06268290196041036155, 0.8999999999999996891, 0.02760965809196498991 ) ) ;
#869 = ADVANCED_FACE ( 'NONE', ( #2135 ), #4988, .T. ) ;
#870 = VERTEX_POINT ( 'NONE', #208 ) ;
#871 = CARTESIAN_POINT ( 'NONE',  ( 0.7980000000000000426, 0.000000000000000000, 0.4000000000000000222 ) ) ;
#872 = CARTESIAN_POINT ( 'NONE',  ( 0.04938661459463439957, 0.9000000000000003553, 0.03117538986780107879 ) ) ;
#873 = ORIENTED_EDGE ( 'NONE', *, *, #185, .T. ) ;
#874 = CARTESIAN_POINT ( 'NONE',  ( 0.09253443249463705333, 0.9010000000000000231, -0.02815420072200854051 ) ) ;
#875 = SURFACE_STYLE_FILL_AREA ( #4602 ) ;
#876 = FACE_OUTER_BOUND ( 'NONE', #979, .T. ) ;
#877 = ORIENTED_EDGE ( 'NONE', *, *, #5956, .T. ) ;
#878 = ORIENTED_EDGE ( 'NONE', *, *, #1473, .T. ) ;
#879 = CARTESIAN_POINT ( 'NONE',  ( 0.6482627733115838842, 0.9000000000000000222, 0.3980000000000000204 ) ) ;
#880 = CARTESIAN_POINT ( 'NONE',  ( -0.02116276177714435797, 0.8999999999999999112, 0.04784187996370220519 ) ) ;
#881 = DIRECTION ( 'NONE',  ( 0.000000000000000000, 0.000000000000000000, 1.000000000000000000 ) ) ;
#882 = CARTESIAN_POINT ( 'NONE',  ( 0.03957000130286657952, 0.8999999999999999112, 0.03111449040325628759 ) ) ;
#883 = DIRECTION ( 'NONE',  ( 0.000000000000000000, 1.000000000000000000, -0.000000000000000000 ) ) ;
#884 = AXIS2_PLACEMENT_3D ( 'NONE', #4748, #2808, #436 ) ;
#885 = VERTEX_POINT ( 'NONE', #2675 ) ;
#886 = SURFACE_STYLE_FILL_AREA ( #4710 ) ;
#887 = PLANE ( 'NONE',  #5924 ) ;
#888 =( GEOMETRIC_REPRESENTATION_CONTEXT ( 3 ) GLOBAL_UNCERTAINTY_ASSIGNED_CONTEXT ( ( #3366 ) ) GLOBAL_UNIT_ASSIGNED_CONTEXT ( ( #2667, #5905, #5848 ) ) REPRESENTATION_CONTEXT ( 'NONE', 'WORKASPACE' ) );
#889 = CARTESIAN_POINT ( 'NONE',  ( -0.1293472713381162154, 0.9009999999999996900, 0.04343766765440031791 ) ) ;
#890 = CARTESIAN_POINT ( 'NONE',  ( 0.04459773377668834610, 0.8999999999999999112, 0.03210220953440172387 ) ) ;
#891 = CARTESIAN_POINT ( 'NONE',  ( -0.07643036230800094588, 0.9010000000000000231, 0.01516769326465639695 ) ) ;
#892 = CARTESIAN_POINT ( 'NONE',  ( -0.07564232359647939108, 0.8999999999999999112, 0.006853463484889395739 ) ) ;
#893 = EDGE_CURVE ( 'NONE', #6087, #6155, #1003, .T. ) ;
#894 = VERTEX_POINT ( 'NONE', #4099 ) ;
#895 = CARTESIAN_POINT ( 'NONE',  ( 0.05372851976355686593, 0.8999999999999998002, -0.03291091642285882968 ) ) ;
#896 = CARTESIAN_POINT ( 'NONE',  ( 0.1553549453151499005, 0.9010000000000000231, 0.01767913261132480346 ) ) ;
#897 = CARTESIAN_POINT ( 'NONE',  ( 0.07785953897740456597, 0.8999999999999994671, 0.01114848166613261263 ) ) ;
#898 = DIRECTION ( 'NONE',  ( -1.000000000000000000, 0.000000000000000000, 0.000000000000000000 ) ) ;
#899 = SURFACE_STYLE_USAGE ( .BOTH. , #6144 ) ;
#900 = ORIENTED_EDGE ( 'NONE', *, *, #265, .T. ) ;
#901 = CARTESIAN_POINT ( 'NONE',  ( -0.1402606574164892428, 0.8999999999999998002, -0.02993969693113646482 ) ) ;
#902 = B_SPLINE_CURVE_WITH_KNOTS ( 'NONE', 3,
 ( #4360, #83, #1145, #5364, #3896, #1514, #3425, #5329, #5832, #1546, #1051, #2961, #4862, #579, #1175, #2707, #327, #670, #3085, #3143, #3558, #4025, #733, #5050, #4133, #5022, #3676 ),
 .UNSPECIFIED., .F., .F.,
 ( 4, 1, 1, 1, 1, 1, 1, 1, 1, 1, 1, 1, 1, 1, 1, 1, 1, 1, 1, 1, 1, 1, 1, 1, 4 ),
 ( 0.000000000000000000, 0.03663489025512712410, 0.07203398234778957132, 0.1066259706074962205, 0.1403056939382972546, 0.1736194704926826704, 0.2064256725696816119, 0.2390670061327423435, 0.2718828805625946310, 0.3048398888131204076, 0.3385290337045873676, 0.3726161878593849397, 0.4075482500265395491, 0.4437189059571695071, 0.4813115090919060091, 0.5201129981462018215, 0.5609129028334483014, 0.6040246006136038570, 0.6500745638656778569, 0.6995722277770579645, 0.7523625390892969556, 0.8087887173463875756, 0.8689542125204782197, 0.9326747199379386011, 1.000000000000000000 ),
 .UNSPECIFIED. ) ;
#903 = CARTESIAN_POINT ( 'NONE',  ( -0.09361491809752087168, 0.9000000000000000222, 0.006436198783255781160 ) ) ;
#904 = ORIENTED_EDGE ( 'NONE', *, *, #1153, .F. ) ;
#905 = EDGE_CURVE ( 'NONE', #391, #4550, #2232, .T. ) ;
#906 = CARTESIAN_POINT ( 'NONE',  ( 0.1358733312168720342, 0.9000000000000002442, 0.01126209793773976474 ) ) ;
#907 = CARTESIAN_POINT ( 'NONE',  ( -0.1210770928777465949, 0.9009999999999996900, -0.02979219464340983337 ) ) ;
#908 = CARTESIAN_POINT ( 'NONE',  ( -0.1433351879664146178, 0.9000000000000000222, 0.003164554580687270816 ) ) ;
#909 = ORIENTED_EDGE ( 'NONE', *, *, #2536, .T. ) ;
#910 = CARTESIAN_POINT ( 'NONE',  ( -0.1142761525432872821, 0.9000000000000002442, 0.03111449040325629453 ) ) ;
#911 = LINE ( 'NONE', #3278, #4541 ) ;
#912 = CARTESIAN_POINT ( 'NONE',  ( 0.1061223152995682401, 0.8999999999999998002, 0.02034502454148890555 ) ) ;
#913 = CARTESIAN_POINT ( 'NONE',  ( 0.6482627733115838842, 0.9000000000000000222, 0.3980000000000000204 ) ) ;
#914 = UNCERTAINTY_MEASURE_WITH_UNIT (LENGTH_MEASURE( 1.000000000000000082E-05 ), #3215, 'distance_accuracy_value', 'NONE');
#915 = CARTESIAN_POINT ( 'NONE',  ( 0.6499200829467804974, 0.001373155176714513717, -0.3999083835508948082 ) ) ;
#916 = CARTESIAN_POINT ( 'NONE',  ( 0.01156664131268520836, 0.9000000000000001332, -0.01992421525497816218 ) ) ;
#917 = CARTESIAN_POINT ( 'NONE',  ( -0.6500000000000000222, 0.002000000000000048614, 0.4000000000000000222 ) ) ;
#918 = DIRECTION ( 'NONE',  ( -0.000000000000000000, 0.000000000000000000, 1.000000000000000000 ) ) ;
#919 = AXIS2_PLACEMENT_3D ( 'NONE', #4651, #4044, #234 ) ;
#920 = B_SPLINE_CURVE_WITH_KNOTS ( 'NONE', 3,
 ( #5171, #6015, #2242, #5670, #2337, #4227, #3679, #4607, #1735, #5201, #1327, #1858, #330, #1385, #910, #3648, #5109, #815, #2739 ),
 .UNSPECIFIED., .F., .F.,
 ( 4, 1, 1, 1, 1, 1, 1, 1, 1, 1, 1, 1, 1, 1, 1, 1, 4 ),
 ( 0.000000000000000000, 0.1107342804863384322, 0.2123411929916478591, 0.3055021255634831623, 0.3898348410859878710, 0.4666904579461285674, 0.5352618542933010870, 0.5967629138889612994, 0.6510657189836183134, 0.7010355511102170922, 0.7478602709077568633, 0.7918333971357292000, 0.8342840069087867905, 0.8753338897746166802, 0.9160347492783127432, 0.9576522807232377144, 1.000000000000000000 ),
 .UNSPECIFIED. ) ;
#921 = CARTESIAN_POINT ( 'NONE',  ( 0.07843186839207294536, 0.9010000000000000231, -0.002473110978418791451 ) ) ;
#922 = CARTESIAN_POINT ( 'NONE',  ( 0.1371421373218577322, 0.9010000000000003562, 0.02043475188418769628 ) ) ;
#924 = CARTESIAN_POINT ( 'NONE',  ( 0.03239982441446347117, 0.9010000000000001341, 0.04803869090871935865 ) ) ;
#923 = VECTOR ( 'NONE', #123, 1000.000000000000000 ) ;
#925 = EDGE_CURVE ( 'NONE', #3476, #6127, #5893, .T. ) ;
#926 = SURFACE_STYLE_FILL_AREA ( #25 ) ;
#927 = CARTESIAN_POINT ( 'NONE',  ( -0.1091682918643373246, 0.8999999999999999112, 0.05005092748311967821 ) ) ;
#928 = VERTEX_POINT ( 'NONE', #3758 ) ;
#929 = CARTESIAN_POINT ( 'NONE',  ( 0.02843186839207294259, 0.8999999999999999112, -0.001331284055341868094 ) ) ;
#930 = CARTESIAN_POINT ( 'NONE',  ( -0.7980000000000000426, 0.002000000000000000042, 0.3980000000000000204 ) ) ;
#931 = EDGE_CURVE ( 'NONE', #4821, #5137, #1035, .T. ) ;
#932 = CARTESIAN_POINT ( 'NONE',  ( 0.04732016135231521814, 0.8999999999999995781, 0.05000623150950152945 ) ) ;
#933 = CARTESIAN_POINT ( 'NONE',  ( -0.1209262603760421217, 0.9000000000000003553, -0.05325541046488356522 ) ) ;
#934 = CARTESIAN_POINT ( 'NONE',  ( -0.1065259924938386366, 0.9010000000000001341, 0.05000623150950153639 ) ) ;
#935 = PRESENTATION_LAYER_ASSIGNMENT (  '', '', ( #3639 ) ) ;
#936 = VERTEX_POINT ( 'NONE', #3295 ) ;
#937 = CARTESIAN_POINT ( 'NONE',  ( 0.1504713095928882360, 0.9000000000000002442, 0.001636461194484833915 ) ) ;
#938 = CARTESIAN_POINT ( 'NONE',  ( -0.6489175192122752511, 0.0001483273524840350338, -0.3987558495093769251 ) ) ;
#939 = EDGE_LOOP ( 'NONE', ( #4120, #2064, #2008, #1846 ) ) ;
#940 = B_SPLINE_CURVE_WITH_KNOTS ( 'NONE', 3,
 ( #1628, #3545, #2616, #3979, #1164, #2101, #4511, #232, #2130, #5944, #4915, #4448, #628, #4933, #2500, #3493, #5407, #3087, #4902 ),
 .UNSPECIFIED., .F., .F.,
 ( 4, 1, 1, 1, 1, 1, 1, 1, 1, 1, 1, 1, 1, 1, 1, 1, 4 ),
 ( 0.000000000000000000, 0.1107342804863384184, 0.2123411929916478313, 0.3055021255634831068, 0.3898348410859879265, 0.4666904579461285674, 0.5352618542933007539, 0.5967629138889610774, 0.6510657189836183134, 0.7010355511102169812, 0.7478602709077569743, 0.7918333971357293111, 0.8342840069087864574, 0.8753338897746163472, 0.9160347492783124101, 0.9576522807232377144, 1.000000000000000000 ),
 .UNSPECIFIED. ) ;
#941 = SURFACE_SIDE_STYLE ('',( #5224 ) ) ;
#942 = CARTESIAN_POINT ( 'NONE',  ( 0.06046607573160150961, 0.9000000000000000222, -0.0009104742326478405378 ) ) ;
#943 = B_SPLINE_CURVE_WITH_KNOTS ( 'NONE', 3,
 ( #1681, #196, #4088, #680, #4940, #1710, #3595, #5994, #2090, #4059, #5059, #5002, #3068, #4032, #2634, #5900 ),
 .UNSPECIFIED., .F., .F.,
 ( 4, 3, 3, 3, 3, 4 ),
 ( 0.000000000000000000, 1.010940986815004886E-06, 1.933591621084591906E-06, 2.632595132266194211E-06, 3.201352646833833553E-06, 3.647884843224889806E-06 ),
 .UNSPECIFIED. ) ;
#944 = EDGE_CURVE ( 'NONE', #3117, #3468, #3104, .T. ) ;
#945 = ORIENTED_EDGE ( 'NONE', *, *, #2569, .T. ) ;
#946 = CARTESIAN_POINT ( 'NONE',  ( -0.1413768219001632631, 0.9000000000000003553, -0.02516093932430845531 ) ) ;
#947 = CARTESIAN_POINT ( 'NONE',  ( 0.1054686844691369307, 0.9009999999999999121, 0.01734651682594107527 ) ) ;
#948 = CARTESIAN_POINT ( 'NONE',  ( -0.02684522717435595257, 0.9010000000000001341, 0.04954742021169246391 ) ) ;
#949 = DIRECTION ( 'NONE',  ( -0.000000000000000000, -1.000000000000000000, 0.000000000000000000 ) ) ;
#950 = CARTESIAN_POINT ( 'NONE',  ( -0.1203632194484504925, 0.9000000000000000222, -0.03107301951204746726 ) ) ;
#951 = CARTESIAN_POINT ( 'NONE',  ( -0.6495274362460348172, 0.8993848158228781031, 0.3994577499140556376 ) ) ;
#952 = ADVANCED_FACE ( 'NONE', ( #5191 ), #321, .F. ) ;
#953 = DIRECTION ( 'NONE',  ( 0.8912780307610860264, -0.000000000000000000, 0.4534572437205525719 ) ) ;
#954 = CARTESIAN_POINT ( 'NONE',  ( 0.03143619596110377307, 0.9000000000000001332, -0.02686393787373946712 ) ) ;
#955 = CARTESIAN_POINT ( 'NONE',  ( 0.03945598580818196477, 0.9000000000000000222, 0.04976978246409322071 ) ) ;
#956 = CARTESIAN_POINT ( 'NONE',  ( 0.05555526582797038621, 0.8999999999999999112, 0.02523121594465813772 ) ) ;
#957 = SURFACE_SIDE_STYLE ('',( #926 ) ) ;
#958 = CARTESIAN_POINT ( 'NONE',  ( -0.1326815219244642796, 0.8999999999999998002, 0.04012640489766579333 ) ) ;
#959 = CARTESIAN_POINT ( 'NONE',  ( 0.6500000000000000222, 0.001815478191474357563, 0.4000000000000000222 ) ) ;
#960 = ORIENTED_EDGE ( 'NONE', *, *, #5879, .T. ) ;
#961 = CARTESIAN_POINT ( 'NONE',  ( 0.05943212107049544723, 0.8999999999999996891, -0.01900855553905306597 ) ) ;
#962 = CARTESIAN_POINT ( 'NONE',  ( 0.6499848537858929909, 0.8983013211944569365, -0.3999826409444677822 ) ) ;
#963 = CIRCLE ( 'NONE', #5959, 0.001999999999999994404 ) ;
#964 = CARTESIAN_POINT ( 'NONE',  ( -0.1433535496940852028, 0.8999999999999999112, 6.449193210029902036E-05 ) ) ;
#965 = CARTESIAN_POINT ( 'NONE',  ( 0.07609614587195498436, 0.9000000000000001332, 0.02238201666804671627 ) ) ;
#966 = CARTESIAN_POINT ( 'NONE',  ( 0.1316482202687332959, 0.9010000000000000231, -0.03145389591487036951 ) ) ;
#967 = CARTESIAN_POINT ( 'NONE',  ( -0.09698004493394642156, 0.9009999999999998010, 0.04803701660392661194 ) ) ;
#968 = ORIENTED_EDGE ( 'NONE', *, *, #4929, .T. ) ;
#969 = FACE_OUTER_BOUND ( 'NONE', #5530, .T. ) ;
#970 = CIRCLE ( 'NONE', #5663, 0.001999999999999994404 ) ;
#971 = CARTESIAN_POINT ( 'NONE',  ( -0.6496986715062431639, 0.0008556674385738982863, -0.3996543745754763677 ) ) ;
#972 = CARTESIAN_POINT ( 'NONE',  ( -0.6498614298910189158, 0.001199326879951510437, 0.3998411293895272056 ) ) ;
#973 = ORIENTED_EDGE ( 'NONE', *, *, #812, .T. ) ;
#974 = CIRCLE ( 'NONE', #2380, 0.001999999999999994404 ) ;
#975 = SURFACE_SIDE_STYLE ('',( #2520 ) ) ;
#976 = PRESENTATION_STYLE_ASSIGNMENT (( #4351 ) ) ;
#977 = CIRCLE ( 'NONE', #574, 0.001999999999999994404 ) ;
#978 = EDGE_CURVE ( 'NONE', #2979, #1533, #1317, .T. ) ;
#979 = EDGE_LOOP ( 'NONE', ( #5594, #3300, #1029 ) ) ;
#980 =( LENGTH_UNIT ( ) NAMED_UNIT ( * ) SI_UNIT ( .MILLI., .METRE. ) );
#981 = CARTESIAN_POINT ( 'NONE',  ( -0.1172236469202294351, 0.9010000000000002451, 0.02929533174978220592 ) ) ;
#982 = DIRECTION ( 'NONE',  ( 1.000000000000000000, 0.000000000000000000, 0.000000000000000000 ) ) ;
#983 = CARTESIAN_POINT ( 'NONE',  ( 0.1339976311798104502, 0.8999999999999999112, 0.02682785956393307983 ) ) ;
#984 = UNCERTAINTY_MEASURE_WITH_UNIT (LENGTH_MEASURE( 1.000000000000000082E-05 ), #2990, 'distance_accuracy_value', 'NONE');
#985 = CARTESIAN_POINT ( 'NONE',  ( -0.002363724413026379798, 0.9010000000000001341, 0.01998422432036872642 ) ) ;
#986 = DIRECTION ( 'NONE',  ( 1.000000000000000000, 0.000000000000000000, 0.000000000000000000 ) ) ;
#987 = CYLINDRICAL_SURFACE ( 'NONE', #6082, 0.001999999999999994404 ) ;
#988 = CARTESIAN_POINT ( 'NONE',  ( 0.04459773377668834610, 0.9010000000000000231, 0.03210220953440172387 ) ) ;
#989 = CARTESIAN_POINT ( 'NONE',  ( 0.1190756527609752591, 0.9009999999999998010, -0.05500801134452776298 ) ) ;
#990 = CARTESIAN_POINT ( 'NONE',  ( 0.05778913562418708239, 0.9009999999999999121, 0.02032294584786754552 ) ) ;
#991 = CARTESIAN_POINT ( 'NONE',  ( 0.04786777945604277218, 0.8999999999999996891, 0.03171878295294837391 ) ) ;
#992 = PRESENTATION_LAYER_ASSIGNMENT (  '', '', ( #5778 ) ) ;
#993 = CARTESIAN_POINT ( 'NONE',  ( -0.08607398124505478976, 0.8999999999999998002, 0.04010744002157060062 ) ) ;
#994 = LINE ( 'NONE', #2506, #4828 ) ;
#995 = EDGE_LOOP ( 'NONE', ( #27, #4987, #5192, #2363 ) ) ;
#996 = CARTESIAN_POINT ( 'NONE',  ( -0.07544032337707994029, 0.9000000000000003553, -0.007176082057569271692 ) ) ;
#997 = CARTESIAN_POINT ( 'NONE',  ( 0.1368205564865610513, 0.9009999999999996900, 0.02183340248994784100 ) ) ;
#998 = CARTESIAN_POINT ( 'NONE',  ( 0.01869629146899603328, 0.9010000000000000231, -0.04147551482457263738 ) ) ;
#999 = B_SPLINE_SURFACE_WITH_KNOTS ( 'NONE', 3, 1, ( 
 ( #2084, #3520 ),
 ( #5400, #1018 ),
 ( #1142, #4424 ),
 ( #151, #3399 ),
 ( #4924, #1576 ),
 ( #5328, #638 ),
 ( #2564, #1050 ),
 ( #4458, #1484 ),
 ( #3989, #4391 ),
 ( #4832, #5428 ),
 ( #550, #1956 ),
 ( #3059, #4894 ),
 ( #1079, #667 ),
 ( #2594, #82 ),
 ( #118, #2465 ),
 ( #1990, #3894 ),
 ( #3423, #2960 ),
 ( #1544, #5361 ),
 ( #2992, #607 ) ),
 .UNSPECIFIED., .F., .F., .F.,
 ( 4, 1, 1, 1, 1, 1, 1, 1, 1, 1, 1, 1, 1, 1, 1, 1, 4 ),
 ( 2, 2 ),
 ( 0.000000000000000000, 0.06665904530593298738, 0.1303429423273791965, 0.1919362235456412158, 0.2519958016206854112, 0.3111219432316444933, 0.3697547996986371155, 0.4286022079335121693, 0.4884358451551540914, 0.5485243594721667115, 0.6086610699182971596, 0.6692357986109764845, 0.7308807993874661957, 0.7941962717216975998, 0.8598304060149956074, 0.9285334661023540992, 1.000000000000000000 ),
 ( 0.000000000000000000, 1.000000000000000000 ),
 .UNSPECIFIED. ) ;
#1000 = CARTESIAN_POINT ( 'NONE',  ( 0.04732016135231521814, 0.9009999999999998010, 0.05000623150950152945 ) ) ;
#1001 = CARTESIAN_POINT ( 'NONE',  ( 0.1321753719026536877, 0.8999999999999998002, -0.02963524828149501078 ) ) ;
#1002 = CARTESIAN_POINT ( 'NONE',  ( -0.09698004493394642156, 0.8999999999999996891, 0.04803701660392661194 ) ) ;
#1003 = CIRCLE ( 'NONE', #215, 0.6084470225131334287 ) ;
#1004 = EDGE_LOOP ( 'NONE', ( #4320, #3151, #3044, #3190 ) ) ;
#1005 = VERTEX_POINT ( 'NONE', #4909 ) ;
#1006 = B_SPLINE_CURVE_WITH_KNOTS ( 'NONE', 3,
 ( #5772, #5303, #583, #58, #2933, #5242, #5369, #1489, #2407, #1428, #5740, #954, #1084, #5836, #3900, #4836, #2964, #2873, #2499, #1459, #1549, #4396, #5273 ),
 .UNSPECIFIED., .F., .F.,
 ( 4, 1, 1, 1, 1, 1, 1, 1, 1, 1, 1, 1, 1, 1, 1, 1, 1, 1, 1, 1, 4 ),
 ( 0.000000000000000000, 0.05383370089591531932, 0.1055426304091389711, 0.1580541720958378582, 0.2119873357804051284, 0.2402068903290462965, 0.2697935103595449080, 0.3013430987966758678, 0.3346080613711936436, 0.3702844416648600756, 0.4080888380149468864, 0.4486813458099827567, 0.4920692965602024294, 0.5386641566662656588, 0.5903710538753826897, 0.6463877841547203129, 0.7071953757631239679, 0.7729467746818401430, 0.8436426012467374003, 0.9193083570571428664, 1.000000000000000000 ),
 .UNSPECIFIED. ) ;
#1007 = CARTESIAN_POINT ( 'NONE',  ( 0.05340082327956545416, 0.8999999999999999112, 0.02823865876485402715 ) ) ;
#1008 = CARTESIAN_POINT ( 'NONE',  ( -0.6500000000002214007, 0.001850084579625940447, 0.4000000000002689182 ) ) ;
#1009 = ORIENTED_EDGE ( 'NONE', *, *, #1180, .F. ) ;
#1010 = FILL_AREA_STYLE_COLOUR ( '', #2139 ) ;
#1011 = CARTESIAN_POINT ( 'NONE',  ( -0.1234805498120336298, 0.9010000000000000231, -0.02334617179742430604 ) ) ;
#1012 = ADVANCED_FACE ( 'NONE', ( #1593 ), #2577, .T. ) ;
#1013 = ORIENTED_EDGE ( 'NONE', *, *, #1792, .F. ) ;
#1014 = DIRECTION ( 'NONE',  ( -0.000000000000000000, -1.000000000000000000, -0.000000000000000000 ) ) ;
#1015 = CARTESIAN_POINT ( 'NONE',  ( -0.1198226441288689353, 0.9009999999999999121, 0.02656327688198252199 ) ) ;
#1016 = CARTESIAN_POINT ( 'NONE',  ( 0.1088893794878892513, 0.9010000000000002451, 0.02616936667796914903 ) ) ;
#1017 = CARTESIAN_POINT ( 'NONE',  ( -0.1253608736877139807, 0.9000000000000000222, 0.003110909882816257407 ) ) ;
#1018 = CARTESIAN_POINT ( 'NONE',  ( 0.1195095957710018142, 0.8999999999999999112, 0.05002540721166547077 ) ) ;
#1019 = ADVANCED_FACE ( 'NONE', ( #1307 ), #1586, .T. ) ;
#1020 =( NAMED_UNIT ( * ) PLANE_ANGLE_UNIT ( ) SI_UNIT ( $, .RADIAN. ) );
#1021 = ADVANCED_FACE ( 'NONE', ( #1367 ), #3091, .T. ) ;
#1022 = CARTESIAN_POINT ( 'NONE',  ( -0.05634377263356808718, 0.9000000000000001332, -0.005157405850213663684 ) ) ;
#1023 = LINE ( 'NONE', #1517, #4723 ) ;
#1024 = CARTESIAN_POINT ( 'NONE',  ( -0.1091682918643373246, 0.9010000000000000231, 0.05005092748311967821 ) ) ;
#1025 = CARTESIAN_POINT ( 'NONE',  ( -0.02817769429462230191, 0.9010000000000000231, 0.004813416952060254467 ) ) ;
#1026 = CARTESIAN_POINT ( 'NONE',  ( -0.1224099578850500886, 0.9010000000000001341, -0.02686393787373946018 ) ) ;
#1027 = EDGE_CURVE ( 'NONE', #5046, #1451, #1330, .T. ) ;
#1028 = CARTESIAN_POINT ( 'NONE',  ( -0.06383450055734651851, 0.9010000000000000231, 0.01643050441511978085 ) ) ;
#1029 = ORIENTED_EDGE ( 'NONE', *, *, #3345, .F. ) ;
#1030 = CARTESIAN_POINT ( 'NONE',  ( -0.07595820700300122408, 0.9000000000000003553, -0.01596909689922644884 ) ) ;
#1031 = AXIS2_PLACEMENT_3D ( 'NONE', #1994, #5334, #2024 ) ;
#1032 = CARTESIAN_POINT ( 'NONE',  ( 0.1553549453151499005, 0.8999999999999999112, 0.01767913261132480346 ) ) ;
#1033 = CARTESIAN_POINT ( 'NONE',  ( 0.1374062273664319045, 0.9010000000000000231, 0.01749884414978634256 ) ) ;
#1034 = CARTESIAN_POINT ( 'NONE',  ( -0.1273488845628316657, 0.9000000000000000222, -0.04982318191645693922 ) ) ;
#1035 = B_SPLINE_CURVE_WITH_KNOTS ( 'NONE', 3,
 ( #1878, #4691, #4187, #5628, #414, #1786, #383, #776, #5660, #5564, #2263, #3263, #4155, #2325, #868, #2729, #2756, #3228, #4215 ),
 .UNSPECIFIED., .F., .F.,
 ( 4, 1, 1, 1, 1, 1, 1, 1, 1, 1, 1, 1, 1, 1, 1, 1, 4 ),
 ( 0.000000000000000000, 0.06648593787487795670, 0.1307356009388769558, 0.1932868395043466914, 0.2552914267067074028, 0.3165376028954670629, 0.3788667103911644296, 0.4418772064706728009, 0.5071174914664497990, 0.5722713919203373800, 0.6354271335389659603, 0.6968172524575666493, 0.7573566333814836238, 0.8172651168318800785, 0.8771342994595141551, 0.9380198203164550330, 1.000000000000000000 ),
 .UNSPECIFIED. ) ;
#1036 = FACE_OUTER_BOUND ( 'NONE', #3282, .T. ) ;
#1037 = MECHANICAL_DESIGN_GEOMETRIC_PRESENTATION_REPRESENTATION (  '', ( #1333 ), #5622 ) ;
#1038 = ORIENTED_EDGE ( 'NONE', *, *, #3710, .T. ) ;
#1039 = MECHANICAL_DESIGN_GEOMETRIC_PRESENTATION_REPRESENTATION (  '', ( #4322 ), #4121 ) ;
#1040 = CARTESIAN_POINT ( 'NONE',  ( -0.09829088801818347543, 0.9009999999999999121, 0.02523121594465813772 ) ) ;
#1041 = ORIENTED_EDGE ( 'NONE', *, *, #2651, .F. ) ;
#1042 = VECTOR ( 'NONE', #2254, 1000.000000000000000 ) ;
#1043 =( NAMED_UNIT ( * ) SI_UNIT ( $, .STERADIAN. ) SOLID_ANGLE_UNIT ( ) );
#1044 = CARTESIAN_POINT ( 'NONE',  ( -0.1253816096058105733, 0.9009999999999999121, -0.004783767752985838145 ) ) ;
#1045 = CARTESIAN_POINT ( 'NONE',  ( -0.03334697776177321382, 0.8999999999999999112, 0.003897081329273516161 ) ) ;
#1046 = CARTESIAN_POINT ( 'NONE',  ( 0.01053331691496416263, 0.9000000000000001332, -0.008028240089001832669 ) ) ;
#1047 = DIRECTION ( 'NONE',  ( -0.000000000000000000, 1.000000000000000000, -0.000000000000000000 ) ) ;
#1048 = CARTESIAN_POINT ( 'NONE',  ( 0.1216610350587396111, 0.9000000000000001332, 0.03210220953440172387 ) ) ;
#1049 = UNCERTAINTY_MEASURE_WITH_UNIT (LENGTH_MEASURE( 1.000000000000000082E-05 ), #3036, 'distance_accuracy_value', 'NONE');
#1050 = CARTESIAN_POINT ( 'NONE',  ( 0.1048211473267459809, 0.8999999999999999112, 0.04659115399771873028 ) ) ;
#1051 = CARTESIAN_POINT ( 'NONE',  ( 0.06430781775269366063, 0.9009999999999999121, -0.04828525652437166971 ) ) ;
#1052 = CARTESIAN_POINT ( 'NONE',  ( -0.02942796499762738785, 0.9009999999999999121, -0.01269042163678113337 ) ) ;
#1053 = CARTESIAN_POINT ( 'NONE',  ( -0.7980000000000000426, 0.002000000000000048614, 0.3980000000000000204 ) ) ;
#1054 = B_SPLINE_SURFACE_WITH_KNOTS ( 'NONE', 3, 1, ( 
 ( #5646, #6132 ),
 ( #6022, #1744 ),
 ( #3746, #340 ),
 ( #370, #5150 ),
 ( #2745, #3250 ),
 ( #3185, #4233 ),
 ( #2250, #1303 ),
 ( #4141, #2282 ),
 ( #2804, #1775 ),
 ( #4175, #854 ),
 ( #824, #400 ),
 ( #5207, #1394 ),
 ( #5587, #2312 ),
 ( #3686, #1363 ),
 ( #3283, #1864 ),
 ( #3779, #5677 ),
 ( #2692, #4587 ),
 ( #310, #4775 ),
 ( #4864, #1895 ),
 ( #1548, #1487 ),
 ( #3371, #5302 ),
 ( #2932, #4835 ),
 ( #1458, #3842 ),
 ( #3339, #3810 ),
 ( #5272, #463 ),
 ( #1993, #494 ),
 ( #2372, #5241 ) ),
 .UNSPECIFIED., .F., .F., .F.,
 ( 4, 1, 1, 1, 1, 1, 1, 1, 1, 1, 1, 1, 1, 1, 1, 1, 1, 1, 1, 1, 1, 1, 1, 1, 4 ),
 ( 2, 2 ),
 ( 0.000000000000000000, 0.03663489025512731839, 0.07203398234778937703, 0.1066259706074960262, 0.1403056939382974211, 0.1736194704926824761, 0.2064256725696814176, 0.2390670061327424822, 0.2718828805625944645, 0.3048398888131204076, 0.3385290337045872011, 0.3726161878593847732, 0.4075482500265396046, 0.4437189059571693406, 0.4813115090919058980, 0.5201129981462018215, 0.5609129028334480793, 0.6040246006136038570, 0.6500745638656777459, 0.6995722277770578534, 0.7523625390892968445, 0.8087887173463874646, 0.8689542125204782197, 0.9326747199379386011, 1.000000000000000000 ),
 ( 0.000000000000000000, 1.000000000000000000 ),
 .UNSPECIFIED. ) ;
#1055 = CARTESIAN_POINT ( 'NONE',  ( 0.04003823405869161994, 0.9010000000000000231, -0.03639882694468773300 ) ) ;
#1056 = CARTESIAN_POINT ( 'NONE',  ( 0.01279079834529587428, 0.8999999999999996891, 0.02291271037115827011 ) ) ;
#1057 = ADVANCED_FACE ( 'NONE', ( #4838 ), #1520, .T. ) ;
#1058 = LINE ( 'NONE', #89, #600 ) ;
#1059 = CARTESIAN_POINT ( 'NONE',  ( -0.1229499862551911987, 0.9000000000000001332, -0.02517263168873114243 ) ) ;
#1060 = CARTESIAN_POINT ( 'NONE',  ( -0.06313609509747117321, 0.9009999999999999121, 0.01172721697068503446 ) ) ;
#1061 = ORIENTED_EDGE ( 'NONE', *, *, #3564, .T. ) ;
#1062 = CARTESIAN_POINT ( 'NONE',  ( -0.08778578607751608143, 0.9000000000000001332, -0.04665863452239823322 ) ) ;
#1063 = CARTESIAN_POINT ( 'NONE',  ( 0.1462549949873704069, 0.9010000000000000231, -0.002899282750661264039 ) ) ;
#1064 = CARTESIAN_POINT ( 'NONE',  ( -0.03410770394805517913, 0.8999999999999999112, 0.03205242357217121668 ) ) ;
#1065 = CARTESIAN_POINT ( 'NONE',  ( -0.02116715699159457675, 0.8999999999999996891, 0.02351635601448927651 ) ) ;
#1066 = CARTESIAN_POINT ( 'NONE',  ( 0.7980000000000000426, 0.8979999999999999094, 0.4000000000000000222 ) ) ;
#1067 = ADVANCED_FACE ( 'NONE', ( #554 ), #2088, .T. ) ;
#1068 = ORIENTED_EDGE ( 'NONE', *, *, #5712, .T. ) ;
#1069 = CARTESIAN_POINT ( 'NONE',  ( -0.1071120546812612262, 0.9010000000000004672, -0.05503902030677629981 ) ) ;
#1070 = MECHANICAL_DESIGN_GEOMETRIC_PRESENTATION_REPRESENTATION (  '', ( #2165 ), #278 ) ;
#1071 = CARTESIAN_POINT ( 'NONE',  ( 0.01071200778105648246, 0.9000000000000000222, 0.007674721884922071184 ) ) ;
#1072 =( LENGTH_UNIT ( ) NAMED_UNIT ( * ) SI_UNIT ( .MILLI., .METRE. ) );
#1073 = CARTESIAN_POINT ( 'NONE',  ( 0.1501850548967328669, 0.9000000000000000222, -0.02777011761658656000 ) ) ;
#1074 = EDGE_CURVE ( 'NONE', #792, #5850, #1058, .T. ) ;
#1075 = CARTESIAN_POINT ( 'NONE',  ( -0.05673308842153384352, 0.9010000000000000231, -0.004363782507661531813 ) ) ;
#1076 = EDGE_LOOP ( 'NONE', ( #4064, #5586, #5809, #3326 ) ) ;
#1077 = CARTESIAN_POINT ( 'NONE',  ( 0.01664196492044439299, 0.9010000000000003562, -0.03808822513632294932 ) ) ;
#1078 = CARTESIAN_POINT ( 'NONE',  ( -0.04221171306209693663, 0.9010000000000000231, 0.02805372420993976212 ) ) ;
#1079 = CARTESIAN_POINT ( 'NONE',  ( 0.09161678701536589420, 0.9010000000000000231, 0.03347257107866762754 ) ) ;
#1080 = CARTESIAN_POINT ( 'NONE',  ( 0.1219161333839868105, 0.9010000000000001341, 0.05002672230172770795 ) ) ;
#1081 = SURFACE_SIDE_STYLE ('',( #4392 ) ) ;
#1082 = SURFACE_STYLE_USAGE ( .BOTH. , #3490 ) ;
#1083 = CARTESIAN_POINT ( 'NONE',  ( 0.07609614587195498436, 0.9000000000000003553, 0.02238201666804671627 ) ) ;
#1084 = CARTESIAN_POINT ( 'NONE',  ( 0.03089616759096265597, 0.8999999999999999112, -0.02517263168873113896 ) ) ;
#1085 = CARTESIAN_POINT ( 'NONE',  ( 0.03632881830256298739, 0.9009999999999999121, -0.03429047515519519085 ) ) ;
#1086 = CARTESIAN_POINT ( 'NONE',  ( -0.08762731372317122958, 0.9010000000000000231, 0.04188868003568389092 ) ) ;
#1087 =( LENGTH_UNIT ( ) NAMED_UNIT ( * ) SI_UNIT ( .MILLI., .METRE. ) );
#1088 = CARTESIAN_POINT ( 'NONE',  ( -0.1243347929176753242, 0.9000000000000002442, -0.01911985382351150120 ) ) ;
#1089 = CARTESIAN_POINT ( 'NONE',  ( -0.1433630034027988664, 0.9010000000000000231, -0.001531604568162380853 ) ) ;
#1090 = VERTEX_POINT ( 'NONE', #2967 ) ;
#1091 =( NAMED_UNIT ( * ) SI_UNIT ( $, .STERADIAN. ) SOLID_ANGLE_UNIT ( ) );
#1092 =( NAMED_UNIT ( * ) SI_UNIT ( $, .STERADIAN. ) SOLID_ANGLE_UNIT ( ) );
#1093 = CARTESIAN_POINT ( 'NONE',  ( 0.1365517396959527174, 0.9009999999999998010, 0.01272852697754398368 ) ) ;
#1094 = CARTESIAN_POINT ( 'NONE',  ( -0.03242000044289682081, 0.9000000000000001332, 0.03205153684864665148 ) ) ;
#1095 = CARTESIAN_POINT ( 'NONE',  ( 0.000000000000000000, 0.002000000000000000042, -0.3980000000000000204 ) ) ;
#1096 = EDGE_CURVE ( 'NONE', #5826, #5066, #5992, .T. ) ;
#1097 = CARTESIAN_POINT ( 'NONE',  ( -0.002365494402216769543, 0.8999999999999996891, 0.01781824486401964100 ) ) ;
#1098 = ORIENTED_EDGE ( 'NONE', *, *, #422, .F. ) ;
#1099 = ORIENTED_EDGE ( 'NONE', *, *, #4802, .F. ) ;
#1100 = COLOUR_RGB ( '',0.9411764705882352811, 0.9411764705882352811, 0.9411764705882352811 ) ;
#1101 = CARTESIAN_POINT ( 'NONE',  ( -0.6488050738202447709, 0.0001005659706242759507, -0.3986262191057001192 ) ) ;
#1102 = CARTESIAN_POINT ( 'NONE',  ( 0.01049260415206864153, 0.9000000000000001332, 6.449193210029845115E-05 ) ) ;
#1103 = FILL_AREA_STYLE_COLOUR ( '', #5271 ) ;
#1104 = CARTESIAN_POINT ( 'NONE',  ( 0.1295061891827128941, 0.8999999999999999112, -0.03449535776333498976 ) ) ;
#1105 = CARTESIAN_POINT ( 'NONE',  ( 0.1501029893764364576, 0.8999999999999999112, -0.02563368281385003389 ) ) ;
#1106 = CARTESIAN_POINT ( 'NONE',  ( 0.07819506882651491853, 0.9000000000000001332, -0.01170503834104716194 ) ) ;
#1107 = COLOUR_RGB ( '',0.9411764705882352811, 0.9411764705882352811, 0.9411764705882352811 ) ;
#1108 = CARTESIAN_POINT ( 'NONE',  ( 0.1195523720079947755, 0.9010000000000003562, -0.01606785517955037351 ) ) ;
#1109 = B_SPLINE_SURFACE_WITH_KNOTS ( 'NONE', 3, 1, ( 
 ( #3650, #3208 ),
 ( #3180, #2688 ),
 ( #2117, #4083 ),
 ( #1738, #218 ),
 ( #4998, #332 ),
 ( #4496, #707 ),
 ( #5463, #4027 ),
 ( #5988, #4136 ),
 ( #5928, #1643 ),
 ( #4109, #2630 ),
 ( #2660, #5054 ) ),
 .UNSPECIFIED., .F., .F., .F.,
 ( 4, 1, 1, 1, 1, 1, 1, 1, 4 ),
 ( 2, 2 ),
 ( 0.000000000000000000, 0.1241007034540099335, 0.2443161303745126356, 0.3644659408319804172, 0.4858539930671595952, 0.6089147941772744543, 0.7343009187589540909, 0.8639428169458325257, 1.000000000000000000 ),
 ( 0.000000000000000000, 1.000000000000000000 ),
 .UNSPECIFIED. ) ;
#1110 = EDGE_CURVE ( 'NONE', #2886, #1005, #1152, .T. ) ;
#1111 = APPLICATION_PROTOCOL_DEFINITION ( 'draft international standard', 'automotive_design', 1998, #4780 ) ;
#1112 = CARTESIAN_POINT ( 'NONE',  ( 0.01050027495300924485, 0.9000000000000000222, -0.003749255005359788083 ) ) ;
#1113 =( NAMED_UNIT ( * ) SI_UNIT ( $, .STERADIAN. ) SOLID_ANGLE_UNIT ( ) );
#1114 = PLANE ( 'NONE',  #4764 ) ;
#1115 = UNCERTAINTY_MEASURE_WITH_UNIT (LENGTH_MEASURE( 1.000000000000000082E-05 ), #6007, 'distance_accuracy_value', 'NONE');
#1116 = CARTESIAN_POINT ( 'NONE',  ( -0.03334697776177321382, 0.8999999999999999112, 0.003897081329273516161 ) ) ;
#1117 = DIRECTION ( 'NONE',  ( 0.000000000000000000, 0.000000000000000000, 1.000000000000000000 ) ) ;
#1118 = CARTESIAN_POINT ( 'NONE',  ( 0.07741579153815290881, 0.9000000000000001332, 0.01516769326465640562 ) ) ;
#1119 = CARTESIAN_POINT ( 'NONE',  ( 0.1149019944265814025, 0.9000000000000003553, -0.03466037262701119476 ) ) ;
#1120 = CARTESIAN_POINT ( 'NONE',  ( 0.01966169670463408653, 0.8999999999999993561, 0.03820937448549744514 ) ) ;
#1121 = CARTESIAN_POINT ( 'NONE',  ( -0.02404606552789235671, 0.9009999999999998010, 0.02811371051209027652 ) ) ;
#1122 = CARTESIAN_POINT ( 'NONE',  ( 0.6488050738202445489, 0.0001005659706243229373, 0.3986262191057001192 ) ) ;
#1123 =( NAMED_UNIT ( * ) PLANE_ANGLE_UNIT ( ) SI_UNIT ( $, .RADIAN. ) );
#1124 = CARTESIAN_POINT ( 'NONE',  ( 0.1428425459730585378, 0.8999999999999999112, -0.005312510858298571427 ) ) ;
#1125 = FACE_OUTER_BOUND ( 'NONE', #1463, .T. ) ;
#1126 = CARTESIAN_POINT ( 'NONE',  ( -0.06384980299756001787, 0.9000000000000000222, 0.01979074799024193101 ) ) ;
#1127 = CARTESIAN_POINT ( 'NONE',  ( 0.1256193757177496428, 0.9009999999999999121, 0.003243635187116144115 ) ) ;
#1128 = ORIENTED_EDGE ( 'NONE', *, *, #1405, .F. ) ;
#1129 = VECTOR ( 'NONE', #5981, 1000.000000000000000 ) ;
#1130 = CARTESIAN_POINT ( 'NONE',  ( -0.7980000000000000426, 0.9000000000000000222, 0.3980000000000000204 ) ) ;
#1131 = DIRECTION ( 'NONE',  ( 0.000000000000000000, 0.000000000000000000, 1.000000000000000000 ) ) ;
#1132 = SURFACE_STYLE_USAGE ( .BOTH. , #1601 ) ;
#1133 = SURFACE_SIDE_STYLE ('',( #795 ) ) ;
#1134 = CARTESIAN_POINT ( 'NONE',  ( 0.6499767431879638346, 0.001628334437939614205, -0.3999733464888127754 ) ) ;
#1135 = CARTESIAN_POINT ( 'NONE',  ( 0.1142370160232989984, 0.8999999999999998002, -0.01543501192663121295 ) ) ;
#1136 = MECHANICAL_DESIGN_GEOMETRIC_PRESENTATION_REPRESENTATION (  '', ( #1834 ), #3235 ) ;
#1137 = MECHANICAL_DESIGN_GEOMETRIC_PRESENTATION_REPRESENTATION (  '', ( #4126 ), #2444 ) ;
#1138 = VECTOR ( 'NONE', #848, 1000.000000000000000 ) ;
#1139 = CARTESIAN_POINT ( 'NONE',  ( -0.03334697776177321382, 0.8999999999999999112, 0.003897081329273516161 ) ) ;
#1140 = CARTESIAN_POINT ( 'NONE',  ( -0.1096891251976706561, 0.9010000000000000231, -0.05507727764508545815 ) ) ;
#1141 = CARTESIAN_POINT ( 'NONE',  ( -0.1229655040792740628, 0.9010000000000000231, 0.02044542291170237114 ) ) ;
#1142 = CARTESIAN_POINT ( 'NONE',  ( 0.1172220721864707660, 0.9009999999999999121, 0.04997550569784886543 ) ) ;
#1143 = CARTESIAN_POINT ( 'NONE',  ( 0.1552529364205414986, 0.9009999999999999121, 0.02097654845759605244 ) ) ;
#1144 = EDGE_CURVE ( 'NONE', #1451, #4500, #2827, .T. ) ;
#1145 = CARTESIAN_POINT ( 'NONE',  ( 0.04673409916489266319, 0.9010000000000002451, -0.05503902030677628593 ) ) ;
#1146 = CARTESIAN_POINT ( 'NONE',  ( -0.02942796499762738785, 0.8999999999999998002, -0.01269042163678113337 ) ) ;
#1147 = ADVANCED_FACE ( 'NONE', ( #4560 ), #280, .T. ) ;
#1148 = CARTESIAN_POINT ( 'NONE',  ( 0.06453654690714455411, 0.8999999999999999112, 0.04344869368045998353 ) ) ;
#1149 = SURFACE_SIDE_STYLE ('',( #5024 ) ) ;
#1150 = CARTESIAN_POINT ( 'NONE',  ( 0.1111371681579148146, 0.9000000000000000222, -0.03005849693722792079 ) ) ;
#1151 = CARTESIAN_POINT ( 'NONE',  ( 0.01150809846929348214, 0.9009999999999998010, 0.01585329471277370852 ) ) ;
#1152 = LINE ( 'NONE', #4401, #2201 ) ;
#1153 = EDGE_CURVE ( 'NONE', #2752, #1825, #1741, .T. ) ;
#1154 = CARTESIAN_POINT ( 'NONE',  ( -0.1210770928777465949, 0.8999999999999996891, -0.02979219464340983337 ) ) ;
#1155 = CARTESIAN_POINT ( 'NONE',  ( -0.1030325472557836047, 0.9009999999999998010, 0.03040672219967175890 ) ) ;
#1156 = CARTESIAN_POINT ( 'NONE',  ( -0.1096891251976706561, 0.9010000000000000231, -0.05507727764508545815 ) ) ;
#1157 = CARTESIAN_POINT ( 'NONE',  ( 0.1547050852019053457, 0.9000000000000001332, 0.01109674178380970835 ) ) ;
#1158 = CARTESIAN_POINT ( 'NONE',  ( -0.03808131325791223876, 0.9000000000000000222, 0.03114619588807505599 ) ) ;
#1159 = CARTESIAN_POINT ( 'NONE',  ( -0.02234448135969154328, 0.9000000000000003553, 0.02599648859591740038 ) ) ;
#1160 = CARTESIAN_POINT ( 'NONE',  ( -0.06379822072815714840, 0.9009999999999998010, 0.02179261766316717766 ) ) ;
#1161 = CARTESIAN_POINT ( 'NONE',  ( -0.005704939280941885224, 0.9010000000000000231, 0.003729378185441747668 ) ) ;
#1162 = ORIENTED_EDGE ( 'NONE', *, *, #4531, .F. ) ;
#1163 = CARTESIAN_POINT ( 'NONE',  ( -0.09336300340279884979, 0.9010000000000000231, -0.002473110978418791451 ) ) ;
#1164 = CARTESIAN_POINT ( 'NONE',  ( 0.02903768077964494904, 0.9010000000000002451, 0.01113043878050293256 ) ) ;
#1165 = PRESENTATION_STYLE_ASSIGNMENT (( #3579 ) ) ;
#1166 = CARTESIAN_POINT ( 'NONE',  ( 0.07743228985439491729, 0.9000000000000000222, -0.01996003725395848957 ) ) ;
#1167 = CARTESIAN_POINT ( 'NONE',  ( 0.1302190659186109045, 0.8999999999999999112, -0.02178924258978890555 ) ) ;
#1168 = CARTESIAN_POINT ( 'NONE',  ( 0.02846454424034329869, 0.8999999999999998002, -0.004783767752985832941 ) ) ;
#1169 = B_SPLINE_CURVE_WITH_KNOTS ( 'NONE', 3,
 ( #5136, #840, #2758, #1820, #872, #2788, #5389, #1007, #5818, #3045, #141 ),
 .UNSPECIFIED., .F., .F.,
 ( 4, 1, 1, 1, 1, 1, 1, 1, 4 ),
 ( 0.000000000000000000, 0.1240354330026170737, 0.2428459548115287636, 0.3603416824496157300, 0.4790424316556542439, 0.5993341100427885815, 0.7254884757708253140, 0.8585494285274634096, 0.9999999999999998890 ),
 .UNSPECIFIED. ) ;
#1170 = CARTESIAN_POINT ( 'NONE',  ( -0.03244618569827752153, 0.8999999999999999112, 0.003937069110888776098 ) ) ;
#1171 =( NAMED_UNIT ( * ) PLANE_ANGLE_UNIT ( ) SI_UNIT ( $, .RADIAN. ) );
#1172 = CARTESIAN_POINT ( 'NONE',  ( -0.6500000000000000222, 0.002000000000000048614, 0.4000000000000000222 ) ) ;
#1173 = CARTESIAN_POINT ( 'NONE',  ( 0.04953125887741578748, 0.9010000000000003562, -0.03612144464661386223 ) ) ;
#1174 = CARTESIAN_POINT ( 'NONE',  ( 0.1478736341426542811, 0.8999999999999998002, 0.03828274583643513640 ) ) ;
#1175 = CARTESIAN_POINT ( 'NONE',  ( 0.07066233001635545408, 0.9010000000000001341, -0.04074124499085630957 ) ) ;
#1176 = EDGE_CURVE ( 'NONE', #4406, #6039, #3903, .T. ) ;
#1177 = FILL_AREA_STYLE_COLOUR ( '', #4930 ) ;
#1178 = FACE_OUTER_BOUND ( 'NONE', #1943, .T. ) ;
#1179 =( LENGTH_UNIT ( ) NAMED_UNIT ( * ) SI_UNIT ( .MILLI., .METRE. ) );
#1180 = EDGE_CURVE ( 'NONE', #1598, #2540, #5114, .T. ) ;
#1181 = CARTESIAN_POINT ( 'NONE',  ( -0.002415830853445327751, 0.9009999999999999121, 0.02208552609784503185 ) ) ;
#1182 = CYLINDRICAL_SURFACE ( 'NONE', #4725, 0.001999999999999994404 ) ;
#1183 =( LENGTH_UNIT ( ) NAMED_UNIT ( * ) SI_UNIT ( .MILLI., .METRE. ) );
#1184 = CARTESIAN_POINT ( 'NONE',  ( -0.09666393046568247382, 0.9010000000000001341, -0.02752280458400070684 ) ) ;
#1185 = CARTESIAN_POINT ( 'NONE',  ( 0.6498614298910189158, 0.8988006731200485211, 0.3998411293895272611 ) ) ;
#1186 = CYLINDRICAL_SURFACE ( 'NONE', #3669, 0.001999999999999994404 ) ;
#1187 = LINE ( 'NONE', #4170, #1828 ) ;
#1188 = SURFACE_STYLE_USAGE ( .BOTH. , #5468 ) ;
#1189 = CARTESIAN_POINT ( 'NONE',  ( -0.03927863115389810394, 0.8999999999999998002, 0.04949860300472256475 ) ) ;
#1190 = CARTESIAN_POINT ( 'NONE',  ( -0.06379822072815714840, 0.9009999999999998010, 0.02179261766316717766 ) ) ;
#1191 = B_SPLINE_SURFACE_WITH_KNOTS ( 'NONE', 3, 1, ( 
 ( #2385, #866 ),
 ( #2414, #2916 ),
 ( #6142, #5251 ),
 ( #2, #2783 ),
 ( #4310, #897 ),
 ( #5626, #4816 ),
 ( #412, #3293 ),
 ( #1815, #965 ),
 ( #3351, #3261 ),
 ( #443, #4786 ),
 ( #3756, #32 ),
 ( #2814, #472 ),
 ( #2323, #4719 ),
 ( #3728, #4241 ),
 ( #6118, #3822 ),
 ( #3383, #1849 ),
 ( #2353, #1876 ),
 ( #1939, #3789 ),
 ( #4185, #535 ),
 ( #3848, #5658 ),
 ( #1375, #5687 ),
 ( #5748, #1406 ),
 ( #3320, #4275 ),
 ( #5280, #5217 ),
 ( #1000, #932 ),
 ( #2850, #4753 ),
 ( #1907, #5719 ) ),
 .UNSPECIFIED., .F., .F., .F.,
 ( 4, 1, 1, 1, 1, 1, 1, 1, 1, 1, 1, 1, 1, 1, 1, 1, 1, 1, 1, 1, 1, 1, 1, 1, 4 ),
 ( 2, 2 ),
 ( 0.000000000000000000, 0.06849087449695399898, 0.1330765404908785809, 0.1938289871915771234, 0.2510828574460500229, 0.3044008371534409063, 0.3544083437255270419, 0.4012947817777443582, 0.4447006845454781199, 0.4856924920892444764, 0.5246764844274039996, 0.5623067591777589636, 0.5979465846525346961, 0.6324735490267262561, 0.6657520428969366799, 0.6979852995504444158, 0.7295862241486805733, 0.7608251968744890181, 0.7923550795612062103, 0.8243126039626630375, 0.8571562719790692952, 0.8909268871454045780, 0.9259604429162999750, 0.9620613229943376643, 1.000000000000000000 ),
 ( 0.000000000000000000, 1.000000000000000000 ),
 .UNSPECIFIED. ) ;
#1192 = VERTEX_POINT ( 'NONE', #5961 ) ;
#1193 = CARTESIAN_POINT ( 'NONE',  ( 0.01869629146899603328, 0.9010000000000000231, -0.04147551482457263738 ) ) ;
#1194 = B_SPLINE_CURVE_WITH_KNOTS ( 'NONE', 3,
 ( #6098, #3327, #4223, #4161, #1759, #906, #5695, #2360, #4194, #2269, #5572, #2393, #4761, #1882, #6068, #6124, #3707, #1322, #1855 ),
 .UNSPECIFIED., .F., .F.,
 ( 4, 1, 1, 1, 1, 1, 1, 1, 1, 1, 1, 1, 1, 1, 1, 1, 4 ),
 ( 0.000000000000000000, 0.05061342041271667258, 0.1007597227549727054, 0.1492748125078579569, 0.1988884379588271023, 0.2493064970530067814, 0.3023226859423756574, 0.3572206482518703319, 0.4154373215830227117, 0.4764429313671186828, 0.5398286479827865136, 0.6061838488371142919, 0.6759412007935894362, 0.7497824080738355601, 0.8282876884211456403, 0.9118449242474470084, 1.000000000000000000 ),
 .UNSPECIFIED. ) ;
#1195 = CARTESIAN_POINT ( 'NONE',  ( 0.1329314656948435702, 0.8999999999999999112, 0.02789227909562152011 ) ) ;
#1196 = CARTESIAN_POINT ( 'NONE',  ( 0.6500000000000001332, 0.002000000000000048614, -0.4000000000000000222 ) ) ;
#1197 = CARTESIAN_POINT ( 'NONE',  ( 0.05625521094010404316, 0.9009999999999999121, -0.05300480243248664042 ) ) ;
#1198 = CARTESIAN_POINT ( 'NONE',  ( 0.1311377010732869275, 0.9010000000000000231, -0.02319117530323303727 ) ) ;
#1199 = COLOUR_RGB ( '',0.9411764705882352811, 0.9411764705882352811, 0.9411764705882352811 ) ;
#1200 = STYLED_ITEM ( 'NONE', ( #4721 ), #952 ) ;
#1201 = CARTESIAN_POINT ( 'NONE',  ( 0.01869629146899603328, 0.8999999999999999112, -0.04147551482457263738 ) ) ;
#1202 = CARTESIAN_POINT ( 'NONE',  ( -0.1157973670500911656, 0.9009999999999995790, 0.03032522652347438910 ) ) ;
#1203 = CARTESIAN_POINT ( 'NONE',  ( -0.1092484200694655294, 0.8999999999999998002, -0.03712855969636751075 ) ) ;
#1204 = CARTESIAN_POINT ( 'NONE',  ( 0.1375099794762552619, 0.9010000000000001341, 0.04643847573952248481 ) ) ;
#1205 = CARTESIAN_POINT ( 'NONE',  ( -0.8000000000000001554, 0.002000000000000048614, 0.3980000000000000204 ) ) ;
#1206 = ORIENTED_EDGE ( 'NONE', *, *, #1774, .T. ) ;
#1207 = CARTESIAN_POINT ( 'NONE',  ( 0.1185644501376800497, 0.9009999999999999121, 0.001667867613053147487 ) ) ;
#1208 = EDGE_CURVE ( 'NONE', #12, #4715, #4085, .T. ) ;
#1209 =( NAMED_UNIT ( * ) PLANE_ANGLE_UNIT ( ) SI_UNIT ( $, .RADIAN. ) );
#1210 = DIRECTION ( 'NONE',  ( 1.000000000000000000, 0.000000000000000000, 0.000000000000000000 ) ) ;
#1211 = CARTESIAN_POINT ( 'NONE',  ( 0.7980000000000000426, 0.002000000000000048614, 0.4000000000000000222 ) ) ;
#1212 = PLANE ( 'NONE',  #5128 ) ;
#1213 = CARTESIAN_POINT ( 'NONE',  ( 0.6494607962347298535, 0.8994465534612138269, 0.3993811167605288426 ) ) ;
#1214 = CARTESIAN_POINT ( 'NONE',  ( -0.03294633673613218960, 0.9010000000000000231, 0.05005092748311967821 ) ) ;
#1215 = CARTESIAN_POINT ( 'NONE',  ( -0.04592710596690142977, 0.9010000000000000231, 0.01789948517542736678 ) ) ;
#1216 = CARTESIAN_POINT ( 'NONE',  ( -0.04226894854200433788, 0.9010000000000001341, 0.04876587189489187124 ) ) ;
#1217 = CARTESIAN_POINT ( 'NONE',  ( -0.1043148949687381088, 0.9000000000000001332, -0.03612144464661385529 ) ) ;
#1218 = ADVANCED_FACE ( 'NONE', ( #2662 ), #1182, .T. ) ;
#1219 = EDGE_LOOP ( 'NONE', ( #323, #4127, #4226, #1881 ) ) ;
#1220 = EDGE_CURVE ( 'NONE', #5388, #2918, #254, .T. ) ;
#1221 = CARTESIAN_POINT ( 'NONE',  ( -0.09605701822196680006, 0.9010000000000000231, 0.02032294584786753858 ) ) ;
#1222 = CARTESIAN_POINT ( 'NONE',  ( 0.1165619668732292974, 0.9010000000000000231, -0.03576086714140705447 ) ) ;
#1223 = CARTESIAN_POINT ( 'NONE',  ( 0.05896881845834883035, 0.9010000000000002451, 0.04716697732936904475 ) ) ;
#1224 = CARTESIAN_POINT ( 'NONE',  ( 0.1468528177310072513, 0.9010000000000003562, -0.01670608921637569202 ) ) ;
#1225 = CARTESIAN_POINT ( 'NONE',  ( 0.1277119624245435237, 0.8999999999999995781, -0.01930677103713131226 ) ) ;
#1226 = CARTESIAN_POINT ( 'NONE',  ( -0.1433458788931446792, 0.8999999999999999112, -0.003749255005359788083 ) ) ;
#1227 = VERTEX_POINT ( 'NONE', #4674 ) ;
#1228 = STYLED_ITEM ( 'NONE', ( #761 ), #4684 ) ;
#1229 = AXIS2_PLACEMENT_3D ( 'NONE', #620, #2943, #2541 ) ;
#1230 = CARTESIAN_POINT ( 'NONE',  ( -0.02110698626011963536, 0.9000000000000000222, 0.01237626568601533396 ) ) ;
#1231 = CARTESIAN_POINT ( 'NONE',  ( -0.1109859986821529476, 0.9009999999999999121, 0.03202971572816053214 ) ) ;
#1232 = CARTESIAN_POINT ( 'NONE',  ( 0.05613031467131973651, 0.9010000000000001341, -0.02961204664994141617 ) ) ;
#1233 = SURFACE_STYLE_USAGE ( .BOTH. , #3613 ) ;
#1234 = CARTESIAN_POINT ( 'NONE',  ( 0.1138760901889245003, 0.9000000000000002442, 0.04954358280627220446 ) ) ;
#1235 = VECTOR ( 'NONE', #1789, 1000.000000000000000 ) ;
#1236 = EDGE_LOOP ( 'NONE', ( #361, #4352, #230, #3733 ) ) ;
#1237 = CARTESIAN_POINT ( 'NONE',  ( 0.01501480317014374476, 0.9010000000000001341, -0.03422900812207960164 ) ) ;
#1238 = CARTESIAN_POINT ( 'NONE',  ( 0.02892077535816578449, 0.9010000000000000231, -0.01404035714097477162 ) ) ;
#1239 = SURFACE_STYLE_FILL_AREA ( #3681 ) ;
#1240 = COLOUR_RGB ( '',0.9411764705882352811, 0.9411764705882352811, 0.9411764705882352811 ) ;
#1241 = SURFACE_SIDE_STYLE ('',( #1677 ) ) ;
#1242 = CARTESIAN_POINT ( 'NONE',  ( -0.09788645621464792113, 0.9000000000000001332, 0.02449150522857129406 ) ) ;
#1243 = ORIENTED_EDGE ( 'NONE', *, *, #4459, .F. ) ;
#1244 = LINE ( 'NONE', #709, #2438 ) ;
#1245 = CARTESIAN_POINT ( 'NONE',  ( 0.6499563037950942812, 0.8984448070089857685, 0.3999499094262060628 ) ) ;
#1246 = CARTESIAN_POINT ( 'NONE',  ( 0.1322780222382268223, 0.8999999999999999112, -0.02771349559380340694 ) ) ;
#1247 = FILL_AREA_STYLE ('',( #3536 ) ) ;
#1248 = CARTESIAN_POINT ( 'NONE',  ( -0.04236853372675904172, 0.9010000000000003562, 0.007862095635813139485 ) ) ;
#1249 = CARTESIAN_POINT ( 'NONE',  ( 0.1159450455191941565, 0.9000000000000002442, -0.05454242277509081804 ) ) ;
#1250 = VERTEX_POINT ( 'NONE', #395 ) ;
#1251 = CARTESIAN_POINT ( 'NONE',  ( 0.01105159436449522185, 0.9010000000000002451, 0.01190364535197621816 ) ) ;
#1252 = CARTESIAN_POINT ( 'NONE',  ( -0.02116715699159457675, 0.8999999999999996891, 0.02351635601448927651 ) ) ;
#1253 = CARTESIAN_POINT ( 'NONE',  ( 0.1223020606997652776, 0.9010000000000000231, -0.05507727764508545815 ) ) ;
#1254 = CARTESIAN_POINT ( 'NONE',  ( 0.02869453120514490682, 0.8999999999999998002, -0.01117624724700897604 ) ) ;
#1255 = CARTESIAN_POINT ( 'NONE',  ( 0.07192080820401830499, 0.8999999999999999112, 0.03370959116830480468 ) ) ;
#1256 = VERTEX_POINT ( 'NONE', #3247 ) ;
#1257 = EDGE_CURVE ( 'NONE', #6123, #2306, #2767, .T. ) ;
#1258 = FACE_OUTER_BOUND ( 'NONE', #354, .T. ) ;
#1259 = CARTESIAN_POINT ( 'NONE',  ( -0.002365494402216769543, 0.8999999999999998002, 0.01781824486401964100 ) ) ;
#1260 = CARTESIAN_POINT ( 'NONE',  ( 0.04459773377668834610, 0.9010000000000000231, -0.03712855969636751075 ) ) ;
#1261 = CARTESIAN_POINT ( 'NONE',  ( 0.1021121061780816963, 0.9000000000000002442, 0.04507457250386243813 ) ) ;
#1262 = ORIENTED_EDGE ( 'NONE', *, *, #862, .F. ) ;
#1263 = LINE ( 'NONE', #3178, #4321 ) ;
#1264 = CARTESIAN_POINT ( 'NONE',  ( 0.1256193757177496428, 0.9009999999999999121, 0.003243635187116144115 ) ) ;
#1265 = PRESENTATION_LAYER_ASSIGNMENT (  '', '', ( #4158 ) ) ;
#1266 = SURFACE_STYLE_USAGE ( .BOTH. , #251 ) ;
#1267 = DIRECTION ( 'NONE',  ( 1.000000000000000000, 0.000000000000000000, 0.000000000000000000 ) ) ;
#1268 =( LENGTH_UNIT ( ) NAMED_UNIT ( * ) SI_UNIT ( .MILLI., .METRE. ) );
#1269 = CARTESIAN_POINT ( 'NONE',  ( -0.09451996424766832827, 0.9000000000000003553, 0.01407506535255782613 ) ) ;
#1270 = LINE ( 'NONE', #3183, #2895 ) ;
#1271 = CARTESIAN_POINT ( 'NONE',  ( -0.1043148949687381088, 0.9010000000000001341, -0.03612144464661385529 ) ) ;
#1272 = CARTESIAN_POINT ( 'NONE',  ( 0.08750003206789755406, 0.9009999999999999121, 0.01796840213846135487 ) ) ;
#1273 = SURFACE_SIDE_STYLE ('',( #5590 ) ) ;
#1274 =( NAMED_UNIT ( * ) PLANE_ANGLE_UNIT ( ) SI_UNIT ( $, .RADIAN. ) );
#1275 = MECHANICAL_DESIGN_GEOMETRIC_PRESENTATION_REPRESENTATION (  '', ( #4774 ), #3678 ) ;
#1276 = PRESENTATION_STYLE_ASSIGNMENT (( #828 ) ) ;
#1277 = DIRECTION ( 'NONE',  ( 1.000000000000000000, 0.000000000000000000, 0.000000000000000000 ) ) ;
#1278 = CARTESIAN_POINT ( 'NONE',  ( 0.1140028403042374766, 0.9009999999999999121, 0.001353244549459914608 ) ) ;
#1279 = CARTESIAN_POINT ( 'NONE',  ( -0.1065259924938386366, 0.9000000000000001332, 0.05000623150950153639 ) ) ;
#1280 = ORIENTED_EDGE ( 'NONE', *, *, #3672, .F. ) ;
#1281 = CARTESIAN_POINT ( 'NONE',  ( 0.1540215002807392985, 0.8999999999999999112, 0.02727136343670072752 ) ) ;
#1282 = CARTESIAN_POINT ( 'NONE',  ( 0.1248990954384159996, 0.9010000000000005782, 0.03186748849620516660 ) ) ;
#1283 = ADVANCED_FACE ( 'NONE', ( #4296 ), #5674, .F. ) ;
#1284 = LINE ( 'NONE', #3729, #376 ) ;
#1285 = DIRECTION ( 'NONE',  ( 0.000000000000000000, 0.000000000000000000, -1.000000000000000000 ) ) ;
#1286 = ORIENTED_EDGE ( 'NONE', *, *, #3124, .F. ) ;
#1287 = CARTESIAN_POINT ( 'NONE',  ( 0.000000000000000000, 0.9000000000000000222, -0.4000000000000000222 ) ) ;
#1288 = ORIENTED_EDGE ( 'NONE', *, *, #3102, .T. ) ;
#1289 = CARTESIAN_POINT ( 'NONE',  ( 0.03646992071202859176, 0.9009999999999999121, -0.05432422426270084453 ) ) ;
#1290 = CARTESIAN_POINT ( 'NONE',  ( 0.1156986244825154719, 0.9010000000000000231, 0.03126246037245813264 ) ) ;
#1291 = CARTESIAN_POINT ( 'NONE',  ( -0.09888089342813329019, 0.8999999999999998002, -0.03138761580963361081 ) ) ;
#1292 = CARTESIAN_POINT ( 'NONE',  ( 0.08915296505168605889, 0.8999999999999999112, 0.02734880639750923367 ) ) ;
#1293 = PRESENTATION_LAYER_ASSIGNMENT (  '', '', ( #3996 ) ) ;
#1294 = ORIENTED_EDGE ( 'NONE', *, *, #2888, .F. ) ;
#1295 = DIRECTION ( 'NONE',  ( 0.000000000000000000, 0.000000000000000000, -1.000000000000000000 ) ) ;
#1296 = CARTESIAN_POINT ( 'NONE',  ( 0.1130472530074575627, 0.9010000000000000231, 0.001332978765170955530 ) ) ;
#1297 = CARTESIAN_POINT ( 'NONE',  ( 0.000000000000000000, 0.9000000000000000222, 0.000000000000000000 ) ) ;
#1298 = SURFACE_SIDE_STYLE ('',( #4999 ) ) ;
#1299 = CARTESIAN_POINT ( 'NONE',  ( 0.1401724331259361356, 0.9000000000000000222, -0.04914859162608015142 ) ) ;
#1300 =( GEOMETRIC_REPRESENTATION_CONTEXT ( 3 ) GLOBAL_UNCERTAINTY_ASSIGNED_CONTEXT ( ( #4991 ) ) GLOBAL_UNIT_ASSIGNED_CONTEXT ( ( #4243, #3700, #5100 ) ) REPRESENTATION_CONTEXT ( 'NONE', 'WORKASPACE' ) );
#1301 = CARTESIAN_POINT ( 'NONE',  ( 0.1491950269789817929, 0.9009999999999998010, -2.344613758900031907E-06 ) ) ;
#1302 = B_SPLINE_CURVE_WITH_KNOTS ( 'NONE', 3,
 ( #288, #4096, #1717, #2382, #6116, #4686, #5655, #409, #4150, #6173, #1904 ),
 .UNSPECIFIED., .F., .F.,
 ( 4, 1, 1, 1, 1, 1, 1, 1, 4 ),
 ( 0.000000000000000000, 0.1372849921823512398, 0.2670284865720550238, 0.3949256401701796149, 0.5243347615083427948, 0.6508125264301010127, 0.7692674670455005304, 0.8834346835668835940, 1.000000000000000000 ),
 .UNSPECIFIED. ) ;
#1303 = CARTESIAN_POINT ( 'NONE',  ( -0.09759094290604981847, 0.8999999999999999112, -0.05300480243248664042 ) ) ;
#1304 = LINE ( 'NONE', #4143, #2033 ) ;
#1305 = DIRECTION ( 'NONE',  ( -0.000000000000000000, -0.000000000000000000, -1.000000000000000000 ) ) ;
#1306 =( NAMED_UNIT ( * ) PLANE_ANGLE_UNIT ( ) SI_UNIT ( $, .RADIAN. ) );
#1307 = FACE_OUTER_BOUND ( 'NONE', #3199, .T. ) ;
#1308 = CARTESIAN_POINT ( 'NONE',  ( 0.1279768144250405804, 0.9009999999999999121, -0.05464834374033384484 ) ) ;
#1309 = CARTESIAN_POINT ( 'NONE',  ( 0.04459773377668834610, 0.9010000000000000231, 0.03210220953440172387 ) ) ;
#1310 = CARTESIAN_POINT ( 'NONE',  ( 0.04517372589279967238, 0.8999999999999999112, -0.03710503881139981530 ) ) ;
#1311 = ORIENTED_EDGE ( 'NONE', *, *, #5524, .F. ) ;
#1312 = CARTESIAN_POINT ( 'NONE',  ( 0.04953125887741578748, 0.9000000000000001332, -0.03612144464661386223 ) ) ;
#1313 = EDGE_CURVE ( 'NONE', #75, #5058, #5618, .T. ) ;
#1314 = CARTESIAN_POINT ( 'NONE',  ( 0.1221818683920729426, 0.9000000000000000222, -0.03712855969636751075 ) ) ;
#1315 = CARTESIAN_POINT ( 'NONE',  ( -0.1004453305665883728, 0.9009999999999999121, 0.02823865876485404450 ) ) ;
#1316 = CARTESIAN_POINT ( 'NONE',  ( 0.1501029893764364576, 0.9009999999999999121, -0.02563368281385003389 ) ) ;
#1317 = LINE ( 'NONE', #5133, #5792 ) ;
#1318 = ORIENTED_EDGE ( 'NONE', *, *, #4349, .T. ) ;
#1319 = CARTESIAN_POINT ( 'NONE',  ( 0.1130472530074575627, 0.9010000000000000231, 0.001332978765170955530 ) ) ;
#1320 = ORIENTED_EDGE ( 'NONE', *, *, #5571, .T. ) ;
#1321 = B_SPLINE_CURVE_WITH_KNOTS ( 'NONE', 3,
 ( #5203, #2958, #4857, #576, #2833, #4229, #6128, #4737, #457, #3486, #1140 ),
 .UNSPECIFIED., .F., .F.,
 ( 4, 1, 1, 1, 1, 1, 1, 1, 4 ),
 ( 0.000000000000000000, 0.1323140339085642769, 0.2587000085531552251, 0.3809118214856530571, 0.5005348689728938982, 0.6209226176484481385, 0.7423757653984726090, 0.8682808341788561535, 0.9999999999999998890 ),
 .UNSPECIFIED. ) ;
#1322 = CARTESIAN_POINT ( 'NONE',  ( 0.1140028403042374766, 0.8999999999999999112, 0.001353244549459914608 ) ) ;
#1323 = CARTESIAN_POINT ( 'NONE',  ( 0.1053549453151498838, 0.9010000000000000231, 0.01671759414978633840 ) ) ;
#1324 = CARTESIAN_POINT ( 'NONE',  ( 0.05595969763150594745, 0.9000000000000000222, 0.02449150522857129059 ) ) ;
#1325 = ORIENTED_EDGE ( 'NONE', *, *, #1525, .T. ) ;
#1326 = CIRCLE ( 'NONE', #5823, 0.001999999999999994404 ) ;
#1327 = CARTESIAN_POINT ( 'NONE',  ( -0.1198226441288689353, 0.8999999999999999112, 0.02656327688198252199 ) ) ;
#1328 = CARTESIAN_POINT ( 'NONE',  ( 0.03025269103666839224, 0.8999999999999998002, 0.04714262068267498218 ) ) ;
#1329 = CARTESIAN_POINT ( 'NONE',  ( -0.7980000000000000426, 0.8979999999999999094, -0.3980000000000000204 ) ) ;
#1330 = B_SPLINE_CURVE_WITH_KNOTS ( 'NONE', 3,
 ( #4435, #2571, #4966, #3874, #2028, #1121, #5338, #3964, #2937, #3434, #193 ),
 .UNSPECIFIED., .F., .F.,
 ( 4, 1, 1, 1, 1, 1, 1, 1, 4 ),
 ( 0.000000000000000000, 0.1211522424913107215, 0.2376005895733862006, 0.3560524880869224140, 0.4805249744886037067, 0.6076386115432812485, 0.7334299283789934565, 0.8621816073824756232, 0.9999999999999998890 ),
 .UNSPECIFIED. ) ;
#1331 = CARTESIAN_POINT ( 'NONE',  ( -0.004537478198037661961, 0.9010000000000003562, 0.03096292186150311626 ) ) ;
#1332 = EDGE_CURVE ( 'NONE', #6107, #1471, #3872, .T. ) ;
#1333 = STYLED_ITEM ( 'NONE', ( #5060 ), #5632 ) ;
#1334 = CARTESIAN_POINT ( 'NONE',  ( 0.1389587314270021023, 0.9010000000000000231, -0.007207922666761779756 ) ) ;
#1335 = COLOUR_RGB ( '',0.9411764705882352811, 0.9411764705882352811, 0.9411764705882352811 ) ;
#1336 = FILL_AREA_STYLE_COLOUR ( '', #5432 ) ;
#1337 = CARTESIAN_POINT ( 'NONE',  ( 0.1248990954384159996, 0.9010000000000005782, 0.03186748849620516660 ) ) ;
#1338 = CIRCLE ( 'NONE', #1740, 0.6084470225131334287 ) ;
#1339 = EDGE_CURVE ( 'NONE', #4641, #2540, #3428, .T. ) ;
#1340 = CARTESIAN_POINT ( 'NONE',  ( 0.09253443249463705333, 0.9000000000000000222, -0.02815420072200854051 ) ) ;
#1341 = CARTESIAN_POINT ( 'NONE',  ( 0.05861520433689539067, 0.9010000000000002451, 0.01737089936649918037 ) ) ;
#1342 = CARTESIAN_POINT ( 'NONE',  ( 0.1440917133001727302, 0.9000000000000003553, -0.04537587113212673134 ) ) ;
#1343 = CARTESIAN_POINT ( 'NONE',  ( 0.05372851976355686593, 0.9000000000000000222, -0.03291091642285882968 ) ) ;
#1344 = ORIENTED_EDGE ( 'NONE', *, *, #4937, .F. ) ;
#1345 = CARTESIAN_POINT ( 'NONE',  ( 0.04795773737532316866, 0.8999999999999995781, -0.03670556409641050760 ) ) ;
#1346 = CARTESIAN_POINT ( 'NONE',  ( 0.6497883585563698494, 0.8989549610486294862, -0.3997572847167403243 ) ) ;
#1347 = CARTESIAN_POINT ( 'NONE',  ( -0.09863440365108787355, 0.9000000000000001332, 0.02577254636336517163 ) ) ;
#1348 = LINE ( 'NONE', #6092, #3273 ) ;
#1349 = EDGE_LOOP ( 'NONE', ( #654, #3317, #2272, #1556, #4636, #5999, #823, #2891 ) ) ;
#1350 = CARTESIAN_POINT ( 'NONE',  ( -0.09338007811455235896, 0.8999999999999999112, -0.0009104742326478412967 ) ) ;
#1351 = ORIENTED_EDGE ( 'NONE', *, *, #3546, .T. ) ;
#1352 = CARTESIAN_POINT ( 'NONE',  ( 0.04283257682590426579, 0.9010000000000000231, -0.05503319143535112534 ) ) ;
#1353 = CARTESIAN_POINT ( 'NONE',  ( -0.002821585733402545877, 0.8999999999999999112, 0.01246281359427872659 ) ) ;
#1354 = DIRECTION ( 'NONE',  ( 0.000000000000000000, 1.000000000000000000, -0.000000000000000000 ) ) ;
#1355 = VERTEX_POINT ( 'NONE', #2402 ) ;
#1356 = SURFACE_SIDE_STYLE ('',( #2796 ) ) ;
#1357 = CARTESIAN_POINT ( 'NONE',  ( -0.04592710596690142977, 0.9010000000000000231, 0.01789948517542736678 ) ) ;
#1358 = CARTESIAN_POINT ( 'NONE',  ( -0.005801998278669529344, 0.9010000000000001341, 0.03367568134087479265 ) ) ;
#1359 = EDGE_CURVE ( 'NONE', #101, #2685, #5065, .T. ) ;
#1360 = CARTESIAN_POINT ( 'NONE',  ( 0.1504713095928882360, 0.9010000000000002451, 0.001636461194484833915 ) ) ;
#1361 = CARTESIAN_POINT ( 'NONE',  ( -0.6486282395424917135, 0.8999666631596556776, 0.3984223011851882323 ) ) ;
#1362 = ORIENTED_EDGE ( 'NONE', *, *, #3498, .T. ) ;
#1363 = CARTESIAN_POINT ( 'NONE',  ( -0.08460747232871668189, 0.8999999999999999112, -0.04289115402682277395 ) ) ;
#1364 = AXIS2_PLACEMENT_3D ( 'NONE', #1981, #3797, #2014 ) ;
#1365 = CARTESIAN_POINT ( 'NONE',  ( -0.7980000000000000426, 0.9000000000000000222, -0.3980000000000000204 ) ) ;
#1366 = CARTESIAN_POINT ( 'NONE',  ( 0.06023123574863297608, 0.9010000000000001341, 0.006436198783255779425 ) ) ;
#1367 = FACE_OUTER_BOUND ( 'NONE', #5566, .T. ) ;
#1368 = PRESENTATION_LAYER_ASSIGNMENT (  '', '', ( #5367 ) ) ;
#1369 =( NAMED_UNIT ( * ) SI_UNIT ( $, .STERADIAN. ) SOLID_ANGLE_UNIT ( ) );
#1370 = CARTESIAN_POINT ( 'NONE',  ( -0.09918214098932318090, 0.9000000000000000222, 0.04879373029465090134 ) ) ;
#1371 = ORIENTED_EDGE ( 'NONE', *, *, #4778, .T. ) ;
#1372 = CARTESIAN_POINT ( 'NONE',  ( 0.05613031467131973651, 0.9010000000000001341, -0.02961204664994141617 ) ) ;
#1373 = MECHANICAL_DESIGN_GEOMETRIC_PRESENTATION_REPRESENTATION (  '', ( #864 ), #4366 ) ;
#1374 = SURFACE_STYLE_USAGE ( .BOTH. , #5656 ) ;
#1375 = CARTESIAN_POINT ( 'NONE',  ( 0.05686610891220741926, 0.9009999999999998010, 0.04803701660392661887 ) ) ;
#1376 = LINE ( 'NONE', #4276, #1466 ) ;
#1377 = AXIS2_PLACEMENT_3D ( 'NONE', #4908, #560, #2973 ) ;
#1378 = VERTEX_POINT ( 'NONE', #334 ) ;
#1379 = CARTESIAN_POINT ( 'NONE',  ( -0.09451996424766832827, 0.9000000000000002442, 0.01407506535255782613 ) ) ;
#1380 = EDGE_LOOP ( 'NONE', ( #4244, #877, #1664, #5578, #3475, #3230, #845 ) ) ;
#1381 = FILL_AREA_STYLE ('',( #5666 ) ) ;
#1382 = CARTESIAN_POINT ( 'NONE',  ( -0.06163879399251287472, 0.9010000000000000231, 0.006638098103616060439 ) ) ;
#1383 = CARTESIAN_POINT ( 'NONE',  ( -0.1355943281889861740, 0.9000000000000000222, 0.03613718381239958838 ) ) ;
#1384 = ORIENTED_EDGE ( 'NONE', *, *, #4802, .T. ) ;
#1385 = CARTESIAN_POINT ( 'NONE',  ( -0.1157973670500911656, 0.8999999999999995781, 0.03032522652347438910 ) ) ;
#1386 = AXIS2_PLACEMENT_3D ( 'NONE', #4676, #883, #429 ) ;
#1387 = DIRECTION ( 'NONE',  ( -0.000000000000000000, 1.000000000000000000, -0.000000000000000000 ) ) ;
#1388 = DIRECTION ( 'NONE',  ( 0.000000000000000000, 0.000000000000000000, -1.000000000000000000 ) ) ;
#1389 = CARTESIAN_POINT ( 'NONE',  ( 0.6496986715062431639, 0.0008556674385738982863, -0.3996543745754763677 ) ) ;
#1390 = CARTESIAN_POINT ( 'NONE',  ( 0.01053331691496416263, 0.9000000000000002442, -0.008028240089001832669 ) ) ;
#1391 = CARTESIAN_POINT ( 'NONE',  ( -0.1253138051638637562, 0.9000000000000000222, -0.008090439956129283003 ) ) ;
#1392 = CARTESIAN_POINT ( 'NONE',  ( -0.6484447241237955017, 0.9000000000000618616, 0.3982103961453940522 ) ) ;
#1393 =( GEOMETRIC_REPRESENTATION_CONTEXT ( 3 ) GLOBAL_UNCERTAINTY_ASSIGNED_CONTEXT ( ( #4357 ) ) GLOBAL_UNIT_ASSIGNED_CONTEXT ( ( #5346, #4818, #2450 ) ) REPRESENTATION_CONTEXT ( 'NONE', 'WORKASPACE' ) );
#1394 = CARTESIAN_POINT ( 'NONE',  ( -0.08778578607751608143, 0.8999999999999998002, -0.04665863452239823322 ) ) ;
#1395 = CARTESIAN_POINT ( 'NONE',  ( 0.1374062273664319045, 0.9010000000000000231, 0.01749884414978634256 ) ) ;
#1396 = B_SPLINE_CURVE_WITH_KNOTS ( 'NONE', 3,
 ( #1708, #1242, #5057, #3653, #5548, #1269, #789, #2713, #336, #2247, #3812 ),
 .UNSPECIFIED., .F., .F.,
 ( 4, 1, 1, 1, 1, 1, 1, 1, 4 ),
 ( 0.000000000000000000, 0.08887073112253637830, 0.1863547159714914747, 0.2940776543961756695, 0.4122365279576113428, 0.5417781444209645025, 0.6827026066315660113, 0.8350963526041701446, 0.9999999999999998890 ),
 .UNSPECIFIED. ) ;
#1397 = COLOUR_RGB ( '',0.9411764705882352811, 0.9411764705882352811, 0.9411764705882352811 ) ;
#1398 = CARTESIAN_POINT ( 'NONE',  ( 0.06048315044335499796, 0.9010000000000000231, -0.002473110978418791451 ) ) ;
#1399 = CARTESIAN_POINT ( 'NONE',  ( 0.05555526582797038621, 0.9010000000000002451, 0.02523121594465813772 ) ) ;
#1400 = FACE_OUTER_BOUND ( 'NONE', #2207, .T. ) ;
#1401 = DIRECTION ( 'NONE',  ( -0.000000000000000000, -1.000000000000000000, -0.000000000000000000 ) ) ;
#1402 = EDGE_LOOP ( 'NONE', ( #4339, #3357, #4156, #1061 ) ) ;
#1403 = CARTESIAN_POINT ( 'NONE',  ( 0.06023093583533258716, 0.8999999999999998002, -0.01143877687389748335 ) ) ;
#1404 = CARTESIAN_POINT ( 'NONE',  ( 0.04415702864848320558, 0.9010000000000000231, -0.05507727764508545815 ) ) ;
#1405 = EDGE_CURVE ( 'NONE', #4813, #5558, #515, .T. ) ;
#1406 = CARTESIAN_POINT ( 'NONE',  ( 0.05466401285683070849, 0.8999999999999998002, 0.04879373029465090134 ) ) ;
#1407 = CARTESIAN_POINT ( 'NONE',  ( 0.1322432465952946834, 0.9010000000000000231, -0.02836454251827703194 ) ) ;
#1408 = DIRECTION ( 'NONE',  ( 0.000000000000000000, 0.000000000000000000, -1.000000000000000000 ) ) ;
#1409 = ORIENTED_EDGE ( 'NONE', *, *, #5712, .F. ) ;
#1410 = PRESENTATION_STYLE_ASSIGNMENT (( #6095 ) ) ;
#1411 = CARTESIAN_POINT ( 'NONE',  ( -0.09403369370000531913, 0.9009999999999998010, 0.01042244463013075086 ) ) ;
#1412 = ORIENTED_EDGE ( 'NONE', *, *, #4468, .F. ) ;
#1413 = FACE_OUTER_BOUND ( 'NONE', #1902, .T. ) ;
#1414 = CARTESIAN_POINT ( 'NONE',  ( -0.1249253784879881118, 0.9010000000000005782, -0.01404035714097477856 ) ) ;
#1415 = CARTESIAN_POINT ( 'NONE',  ( -0.1256242787218475598, 0.9000000000000001332, 0.04607667239710256518 ) ) ;
#1416 = EDGE_CURVE ( 'NONE', #619, #130, #1187, .T. ) ;
#1417 = VERTEX_POINT ( 'NONE', #6046 ) ;
#1418 = SURFACE_STYLE_FILL_AREA ( #3742 ) ;
#1419 = SURFACE_STYLE_FILL_AREA ( #5327 ) ;
#1420 = UNCERTAINTY_MEASURE_WITH_UNIT (LENGTH_MEASURE( 1.000000000000000082E-05 ), #4494, 'distance_accuracy_value', 'NONE');
#1421 = CARTESIAN_POINT ( 'NONE',  ( -0.005801998278669529344, 0.9000000000000000222, 0.03367568134087479265 ) ) ;
#1422 = SURFACE_STYLE_FILL_AREA ( #3716 ) ;
#1423 = B_SPLINE_CURVE_WITH_KNOTS ( 'NONE', 3,
 ( #225, #5779, #4843, #2001, #5811, #3688, #5527, #3657, #5120, #711, #4090, #6050, #5088, #4563, #1246 ),
 .UNSPECIFIED., .F., .F.,
 ( 4, 1, 1, 1, 1, 1, 1, 1, 1, 1, 1, 1, 4 ),
 ( 0.000000000000000000, 0.1417037608121974046, 0.2650996741797984058, 0.3700579908892221992, 0.4580235488018164491, 0.5359935177706010023, 0.6098476150495563131, 0.6800751591995021217, 0.7485870935521846681, 0.8156303639700218655, 0.8780707438861864444, 0.9395839280433527785, 1.000000000000000000 ),
 .UNSPECIFIED. ) ;
#1424 = CARTESIAN_POINT ( 'NONE',  ( -0.6499341210850061445, 0.001455582122423684441, 0.3999244763379541934 ) ) ;
#1425 = CARTESIAN_POINT ( 'NONE',  ( 0.02843186839207294259, 0.9010000000000000231, -0.001331284055341868094 ) ) ;
#1426 = AXIS2_PLACEMENT_3D ( 'NONE', #1949, #3393, #3147 ) ;
#1427 = CARTESIAN_POINT ( 'NONE',  ( 0.05081360659037026384, 0.9010000000000001341, 0.03040672219967174503 ) ) ;
#1428 = CARTESIAN_POINT ( 'NONE',  ( 0.03276906096840721122, 0.8999999999999999112, -0.02979219464340984030 ) ) ;
#1429 = FACE_OUTER_BOUND ( 'NONE', #559, .T. ) ;
#1430 = CARTESIAN_POINT ( 'NONE',  ( 0.02822187512430632608, 0.8999999999999996891, 0.04607667239710256518 ) ) ;
#1431 = CARTESIAN_POINT ( 'NONE',  ( 0.05454509329150279695, 0.9010000000000003562, 0.02682310018442016913 ) ) ;
#1432 = CARTESIAN_POINT ( 'NONE',  ( -0.07859589652172999097, 0.9010000000000002451, 0.02558555698863765326 ) ) ;
#1433 = CARTESIAN_POINT ( 'NONE',  ( -0.1168418650589180818, 0.9010000000000001341, 0.04933522291535231974 ) ) ;
#1434 = CARTESIAN_POINT ( 'NONE',  ( -0.06387582391561937023, 0.9000000000000001332, 0.01878089543183762006 ) ) ;
#1435 = ORIENTED_EDGE ( 'NONE', *, *, #5257, .F. ) ;
#1436 = AXIS2_PLACEMENT_3D ( 'NONE', #2012, #4284, #4822 ) ;
#1437 = PRESENTATION_STYLE_ASSIGNMENT (( #6139 ) ) ;
#1438 = FILL_AREA_STYLE ('',( #3755 ) ) ;
#1439 = CARTESIAN_POINT ( 'NONE',  ( -0.09930106055465111325, 0.9000000000000000222, 0.02682310018442015873 ) ) ;
#1440 = DIRECTION ( 'NONE',  ( -0.000000000000000000, -1.000000000000000000, -0.000000000000000000 ) ) ;
#1441 = CARTESIAN_POINT ( 'NONE',  ( -0.1091682918643373246, 0.8999999999999999112, 0.05005092748311967821 ) ) ;
#1442 = AXIS2_PLACEMENT_3D ( 'NONE', #2329, #4730, #808 ) ;
#1443 = EDGE_CURVE ( 'NONE', #5037, #619, #3641, .T. ) ;
#1444 = ORIENTED_EDGE ( 'NONE', *, *, #1983, .T. ) ;
#1445 = CARTESIAN_POINT ( 'NONE',  ( 0.1462549949873704069, 0.9000000000000000222, -0.002899282750661264039 ) ) ;
#1446 = CARTESIAN_POINT ( 'NONE',  ( -0.6492970924032267499, 0.0003738069421418122843, -0.3991929659193230728 ) ) ;
#1447 = ORIENTED_EDGE ( 'NONE', *, *, #862, .T. ) ;
#1448 = EDGE_CURVE ( 'NONE', #423, #870, #4124, .T. ) ;
#1449 = CARTESIAN_POINT ( 'NONE',  ( -0.1217511757420037671, 0.9010000000000001341, -0.02839128719109009630 ) ) ;
#1450 = DIRECTION ( 'NONE',  ( 0.000000000000000000, 0.000000000000000000, 1.000000000000000000 ) ) ;
#1451 = VERTEX_POINT ( 'NONE', #5014 ) ;
#1452 = CARTESIAN_POINT ( 'NONE',  ( 0.6497544626328463080, 0.8990232999191479779, -0.3997183879874685042 ) ) ;
#1453 = DIRECTION ( 'NONE',  ( 1.000000000000000000, 0.000000000000000000, 0.000000000000000000 ) ) ;
#1454 = CARTESIAN_POINT ( 'NONE',  ( 0.1111708220462978847, 0.9010000000000001341, 0.02866230110284088972 ) ) ;
#1455 = CARTESIAN_POINT ( 'NONE',  ( -0.02986221561205548020, 0.9010000000000000231, 0.04997075455477222039 ) ) ;
#1456 = CARTESIAN_POINT ( 'NONE',  ( -0.1251516226410089028, 0.8999999999999994671, -0.01117624724700897083 ) ) ;
#1457 = CARTESIAN_POINT ( 'NONE',  ( 0.1553549453151499005, 0.9010000000000000231, 0.01767913261132480346 ) ) ;
#1458 = CARTESIAN_POINT ( 'NONE',  ( -0.07595820700300122408, 0.9010000000000004672, -0.01596909689922644884 ) ) ;
#1459 = CARTESIAN_POINT ( 'NONE',  ( 0.02853234868229008458, 0.9000000000000002442, -0.008090439956129289942 ) ) ;
#1460 = CARTESIAN_POINT ( 'NONE',  ( 0.06046607573160150961, 0.9010000000000000231, -0.0009104742326478405378 ) ) ;
#1461 = B_SPLINE_CURVE_WITH_KNOTS ( 'NONE', 3,
 ( #506, #5686, #1848, #411, #3319, #1970, #4752, #470, #5625, #1346, #5718, #3259, #2384, #962, #5157, #4212 ),
 .UNSPECIFIED., .F., .F.,
 ( 4, 3, 3, 3, 3, 4 ),
 ( 0.000000000000000000, 1.010940986815041520E-06, 1.933591621084591906E-06, 2.632595132266277644E-06, 3.201352646833985172E-06, 3.647884843224967309E-06 ),
 .UNSPECIFIED. ) ;
#1462 =( NAMED_UNIT ( * ) SI_UNIT ( $, .STERADIAN. ) SOLID_ANGLE_UNIT ( ) );
#1463 = EDGE_LOOP ( 'NONE', ( #1311, #3850, #3003, #3844 ) ) ;
#1464 = CARTESIAN_POINT ( 'NONE',  ( -0.08613021918020526135, 0.8999999999999999112, -0.04486961594020563021 ) ) ;
#1465 = CARTESIAN_POINT ( 'NONE',  ( 0.1456135918546931640, 0.9010000000000001341, 0.04070014308304330947 ) ) ;
#1466 = VECTOR ( 'NONE', #1440, 1000.000000000000000 ) ;
#1467 = FACE_OUTER_BOUND ( 'NONE', #1871, .T. ) ;
#1468 = CARTESIAN_POINT ( 'NONE',  ( 0.1302190659186109045, 0.9010000000000000231, -0.02178924258978890555 ) ) ;
#1469 = CARTESIAN_POINT ( 'NONE',  ( -0.6491100111865878430, 0.8997611149782177575, -0.3989776967913848948 ) ) ;
#1470 = ORIENTED_EDGE ( 'NONE', *, *, #2785, .F. ) ;
#1471 = VERTEX_POINT ( 'NONE', #1690 ) ;
#1472 = CARTESIAN_POINT ( 'NONE',  ( -0.6493908290822001383, 0.0004807192204495583506, -0.3993006867082074529 ) ) ;
#1473 = EDGE_CURVE ( 'NONE', #5755, #6039, #974, .T. ) ;
#1474 = CARTESIAN_POINT ( 'NONE',  ( 0.01365865554115372818, 0.9000000000000000222, 0.02601360862749352645 ) ) ;
#1475 = ORIENTED_EDGE ( 'NONE', *, *, #2710, .T. ) ;
#1476 = DIRECTION ( 'NONE',  ( -1.000000000000000000, -0.000000000000000000, -0.000000000000000000 ) ) ;
#1477 = CARTESIAN_POINT ( 'NONE',  ( -0.1246827053896295001, 0.9009999999999995790, -0.01668914976313395915 ) ) ;
#1478 = EDGE_LOOP ( 'NONE', ( #4648, #4476, #4165, #4191 ) ) ;
#1479 =( NAMED_UNIT ( * ) SI_UNIT ( $, .STERADIAN. ) SOLID_ANGLE_UNIT ( ) );
#1480 = CARTESIAN_POINT ( 'NONE',  ( 0.01358549642966466395, 0.9009999999999998010, -0.02993969693113644748 ) ) ;
#1481 = CARTESIAN_POINT ( 'NONE',  ( 0.1185923795456789859, 0.9010000000000000231, 0.03197107776130263951 ) ) ;
#1482 = CARTESIAN_POINT ( 'NONE',  ( 0.1373849539460993974, 0.8999999999999998002, 0.01898968852012839978 ) ) ;
#1483 = UNCERTAINTY_MEASURE_WITH_UNIT (LENGTH_MEASURE( 1.000000000000000082E-05 ), #3156, 'distance_accuracy_value', 'NONE');
#1484 = CARTESIAN_POINT ( 'NONE',  ( 0.1021121061780816963, 0.9000000000000001332, 0.04507457250386243813 ) ) ;
#1485 = CARTESIAN_POINT ( 'NONE',  ( -0.1229499862551911987, 0.9000000000000001332, -0.02517263168873114243 ) ) ;
#1486 = CARTESIAN_POINT ( 'NONE',  ( -0.03145597648696247389, 0.9009999999999999121, -0.01274292787690913670 ) ) ;
#1487 = CARTESIAN_POINT ( 'NONE',  ( -0.07773093103008330007, 0.9000000000000000222, -0.02711954755700123065 ) ) ;
#1488 = CIRCLE ( 'NONE', #5585, 0.001999999999999994404 ) ;
#1489 = CARTESIAN_POINT ( 'NONE',  ( 0.03429116891774839498, 0.9000000000000000222, -0.03218774024503710113 ) ) ;
#1490 = CARTESIAN_POINT ( 'NONE',  ( 0.05595969763150594745, 0.9010000000000000231, 0.02449150522857129059 ) ) ;
#1491 = CARTESIAN_POINT ( 'NONE',  ( -0.02232646830009539854, 0.9010000000000003562, 0.009974657252170881019 ) ) ;
#1492 = STYLED_ITEM ( 'NONE', ( #4172 ), #85 ) ;
#1493 = CARTESIAN_POINT ( 'NONE',  ( -0.08930960693900930059, 0.8999999999999998002, 0.04344869368045998353 ) ) ;
#1494 = CARTESIAN_POINT ( 'NONE',  ( -0.1341844571415197473, 0.9009999999999999121, 0.03820937448549743126 ) ) ;
#1495 = CARTESIAN_POINT ( 'NONE',  ( -0.05748022250366413566, 0.9000000000000002442, -0.002840743715186448432 ) ) ;
#1496 = ORIENTED_EDGE ( 'NONE', *, *, #1473, .F. ) ;
#1497 = CARTESIAN_POINT ( 'NONE',  ( 0.1553045237248642796, 0.9010000000000001341, 0.01543091992027339696 ) ) ;
#1498 = B_SPLINE_SURFACE_WITH_KNOTS ( 'NONE', 3, 1, ( 
 ( #4271, #2291 ),
 ( #863, #3754 ),
 ( #3224, #3726 ),
 ( #2259, #1403 ),
 ( #1872, #1783 ),
 ( #4628, #961 ),
 ( #5250, #4211 ),
 ( #5186, #5624 ),
 ( #1847, #6057 ),
 ( #1372, #3695 ),
 ( #3292, #379 ),
 ( #3818, #895 ),
 ( #351, #3787 ),
 ( #4183, #3318 ),
 ( #5596, #1312 ),
 ( #4751, #1345 ),
 ( #5684, #5129 ),
 ( #5212, #2812 ),
 ( #4716, #2847 ) ),
 .UNSPECIFIED., .F., .F., .F.,
 ( 4, 1, 1, 1, 1, 1, 1, 1, 1, 1, 1, 1, 1, 1, 1, 1, 4 ),
 ( 2, 2 ),
 ( 0.000000000000000000, 0.1121147956622137731, 0.2158018426882338248, 0.3102026923156552263, 0.3959929252987143267, 0.4734102307422356493, 0.5427784203605524604, 0.6045480222829334727, 0.6593572656120959552, 0.7087643617117440620, 0.7553555059484816647, 0.7986869938006723180, 0.8400168391480739016, 0.8802034470065464022, 0.9197333482458337484, 0.9590486059010159270, 0.9999999999999998890 ),
 ( 0.000000000000000000, 1.000000000000000000 ),
 .UNSPECIFIED. ) ;
#1499 = CARTESIAN_POINT ( 'NONE',  ( -0.6484447241237958348, 0.9000000000000618616, -0.3982103961453940522 ) ) ;
#1500 = CARTESIAN_POINT ( 'NONE',  ( 0.1307331447605163954, 0.9000000000000003553, -0.03307506954330457355 ) ) ;
#1501 = CARTESIAN_POINT ( 'NONE',  ( 0.000000000000000000, 0.9000000000000000222, -0.4000000000000000222 ) ) ;
#1502 = COLOUR_RGB ( '',0.9019607843137255054, 0.7098039215686274828, 0.4392156862745097978 ) ;
#1503 = ORIENTED_EDGE ( 'NONE', *, *, #303, .T. ) ;
#1504 = CARTESIAN_POINT ( 'NONE',  ( -0.6492124365917354423, 0.0003051241943351364581, -0.3990955810924762259 ) ) ;
#1505 =( NAMED_UNIT ( * ) SI_UNIT ( $, .STERADIAN. ) SOLID_ANGLE_UNIT ( ) );
#1506 = ORIENTED_EDGE ( 'NONE', *, *, #5852, .T. ) ;
#1507 = SURFACE_STYLE_USAGE ( .BOTH. , #975 ) ;
#1508 = SURFACE_STYLE_FILL_AREA ( #5788 ) ;
#1509 =( LENGTH_UNIT ( ) NAMED_UNIT ( * ) SI_UNIT ( .MILLI., .METRE. ) );
#1510 =( NAMED_UNIT ( * ) SI_UNIT ( $, .STERADIAN. ) SOLID_ANGLE_UNIT ( ) );
#1511 = CARTESIAN_POINT ( 'NONE',  ( 0.01869629146899603328, 0.8999999999999999112, -0.04147551482457263738 ) ) ;
#1512 = DIRECTION ( 'NONE',  ( -0.000000000000000000, -1.000000000000000000, -0.000000000000000000 ) ) ;
#1513 = CARTESIAN_POINT ( 'NONE',  ( 0.02099087717810566023, 0.9000000000000000222, -0.04467211360022622924 ) ) ;
#1514 = CARTESIAN_POINT ( 'NONE',  ( 0.05401431058997251816, 0.9010000000000000231, -0.05377069934923397326 ) ) ;
#1515 = SURFACE_STYLE_FILL_AREA ( #1958 ) ;
#1516 = CARTESIAN_POINT ( 'NONE',  ( -0.05946523175892196034, 0.8999999999999999112, 0.001425751830852350303 ) ) ;
#1517 = CARTESIAN_POINT ( 'NONE',  ( -0.06387582391561938411, 0.9010000000000001341, 0.01878089543183762353 ) ) ;
#1518 = CARTESIAN_POINT ( 'NONE',  ( 0.05555526582797038621, 0.9010000000000000231, 0.02523121594465813772 ) ) ;
#1519 = SURFACE_SIDE_STYLE ('',( #5804 ) ) ;
#1520 = PLANE ( 'NONE',  #4095 ) ;
#1521 = CARTESIAN_POINT ( 'NONE',  ( -0.1234805498120336298, 0.9010000000000000231, -0.02334617179742430604 ) ) ;
#1522 = CARTESIAN_POINT ( 'NONE',  ( -0.1341844571415197473, 0.8999999999999998002, 0.03820937448549743126 ) ) ;
#1523 = CARTESIAN_POINT ( 'NONE',  ( -0.05946523175892196034, 0.9000000000000000222, 0.001425751830852350303 ) ) ;
#1524 = ORIENTED_EDGE ( 'NONE', *, *, #2782, .T. ) ;
#1525 = EDGE_CURVE ( 'NONE', #4846, #2416, #5713, .T. ) ;
#1526 = AXIS2_PLACEMENT_3D ( 'NONE', #4639, #360, #1450 ) ;
#1527 = PRESENTATION_LAYER_ASSIGNMENT (  '', '', ( #113 ) ) ;
#1528 = CARTESIAN_POINT ( 'NONE',  ( 0.1541655707094783390, 0.8999999999999995781, 0.009045182717416900761 ) ) ;
#1529 = CARTESIAN_POINT ( 'NONE',  ( -0.03410770394805517913, 0.9010000000000001341, 0.03205242357217121668 ) ) ;
#1530 = PRESENTATION_STYLE_ASSIGNMENT (( #69 ) ) ;
#1531 = CARTESIAN_POINT ( 'NONE',  ( -0.004497835751196229727, 0.9009999999999998010, 0.006511813943554324927 ) ) ;
#1532 = ORIENTED_EDGE ( 'NONE', *, *, #3204, .T. ) ;
#1533 = VERTEX_POINT ( 'NONE', #1196 ) ;
#1534 = CARTESIAN_POINT ( 'NONE',  ( -0.6500000000000001332, 0.002000000000000048614, -0.4000000000000000222 ) ) ;
#1535 = FACE_OUTER_BOUND ( 'NONE', #2862, .T. ) ;
#1536 = VECTOR ( 'NONE', #1476, 1000.000000000000000 ) ;
#1537 =( NAMED_UNIT ( * ) SI_UNIT ( $, .STERADIAN. ) SOLID_ANGLE_UNIT ( ) );
#1538 = CARTESIAN_POINT ( 'NONE',  ( 0.07840583046907395603, 0.9009999999999999121, -0.007176082057569269958 ) ) ;
#1539 = ORIENTED_EDGE ( 'NONE', *, *, #1678, .T. ) ;
#1540 = B_SPLINE_CURVE_WITH_KNOTS ( 'NONE', 3,
 ( #2314, #4267, #1868, #1931, #402, #2437, #5180, #527, #4333, #4207, #889, #6135, #5649, #6111, #1841, #6167, #2408, #434, #5274, #4807, #2376, #3342, #2806, #1898, #3749, #2843, #5742 ),
 .UNSPECIFIED., .F., .F.,
 ( 4, 1, 1, 1, 1, 1, 1, 1, 1, 1, 1, 1, 1, 1, 1, 1, 1, 1, 1, 1, 1, 1, 1, 1, 4 ),
 ( 0.000000000000000000, 0.03821733796913612258, 0.07486720303994336134, 0.1101580815531042340, 0.1444539266593011517, 0.1780797262741530274, 0.2111707725935978996, 0.2436870542144175533, 0.2758717334447993719, 0.3083755160139862728, 0.3412633249363586918, 0.3751503394709053141, 0.4096552607042129868, 0.4451573674923580137, 0.4820734672046716462, 0.5205757562184276654, 0.5605536808978379693, 0.6031075754382529963, 0.6486887095294887606, 0.6979476778875631782, 0.7507677670183535712, 0.8073094024459647189, 0.8676555707911409732, 0.9318612220995585727, 1.000000000000000000 ),
 .UNSPECIFIED. ) ;
#1541 = CARTESIAN_POINT ( 'NONE',  ( 0.01053331691496416263, 0.9010000000000002451, -0.008028240089001832669 ) ) ;
#1542 = CARTESIAN_POINT ( 'NONE',  ( 0.09510283403057798179, 0.8999999999999996891, -0.03804901686015350198 ) ) ;
#1543 = CARTESIAN_POINT ( 'NONE',  ( -0.1254142854540808982, 0.9010000000000000231, -0.001331284055341868094 ) ) ;
#1544 = CARTESIAN_POINT ( 'NONE',  ( 0.08750003206789755406, 0.9009999999999999121, 0.01796840213846135487 ) ) ;
#1545 = CARTESIAN_POINT ( 'NONE',  ( 0.1219161333839868105, 0.9000000000000000222, 0.05002672230172770795 ) ) ;
#1546 = CARTESIAN_POINT ( 'NONE',  ( 0.06242627933143992530, 0.9010000000000001341, -0.04971205330673833522 ) ) ;
#1547 =( LENGTH_UNIT ( ) NAMED_UNIT ( * ) SI_UNIT ( .MILLI., .METRE. ) );
#1548 = CARTESIAN_POINT ( 'NONE',  ( -0.07773093103008330007, 0.9010000000000003562, -0.02711954755700123065 ) ) ;
#1549 = CARTESIAN_POINT ( 'NONE',  ( 0.02846454424034329869, 0.9000000000000000222, -0.004783767752985832941 ) ) ;
#1550 = B_SPLINE_SURFACE_WITH_KNOTS ( 'NONE', 3, 1, ( 
 ( #1543, #4325 ),
 ( #3456, #5766 ),
 ( #5359, #1017 ),
 ( #4990, #4048 ),
 ( #5510, #1637 ),
 ( #665, #4893 ),
 ( #1575, #5019 ),
 ( #1141, #5919 ),
 ( #5480, #4422 ),
 ( #271, #2052 ),
 ( #3586, #5952 ),
 ( #5859, #3083 ),
 ( #1666, #2142 ),
 ( #1202, #3987 ),
 ( #3487, #3057 ),
 ( #2169, #1697 ),
 ( #1231, #4022 ),
 ( #5888, #3519 ),
 ( #3112, #4076 ) ),
 .UNSPECIFIED., .F., .F., .F.,
 ( 4, 1, 1, 1, 1, 1, 1, 1, 1, 1, 1, 1, 1, 1, 1, 1, 4 ),
 ( 2, 2 ),
 ( 0.000000000000000000, 0.1107342804863384322, 0.2123411929916478591, 0.3055021255634831623, 0.3898348410859878710, 0.4666904579461285674, 0.5352618542933010870, 0.5967629138889612994, 0.6510657189836183134, 0.7010355511102170922, 0.7478602709077568633, 0.7918333971357292000, 0.8342840069087867905, 0.8753338897746166802, 0.9160347492783127432, 0.9576522807232377144, 1.000000000000000000 ),
 ( 0.000000000000000000, 1.000000000000000000 ),
 .UNSPECIFIED. ) ;
#1551 = CARTESIAN_POINT ( 'NONE',  ( 0.6482627733115841062, 0.000000000000000000, -0.3979999999999999094 ) ) ;
#1552 = ADVANCED_FACE ( 'NONE', ( #3226 ), #2140, .T. ) ;
#1553 = CARTESIAN_POINT ( 'NONE',  ( -0.07544239222216067575, 0.9010000000000001341, 0.002283083064514541700 ) ) ;
#1554 = CARTESIAN_POINT ( 'NONE',  ( 0.06046607573160150961, 0.9000000000000000222, -0.0009104742326478405378 ) ) ;
#1555 = CARTESIAN_POINT ( 'NONE',  ( -0.1191993881866598021, 0.9010000000000000231, 0.04878955970900834826 ) ) ;
#1556 = ORIENTED_EDGE ( 'NONE', *, *, #5228, .T. ) ;
#1557 = CARTESIAN_POINT ( 'NONE',  ( -0.01505771494126039757, 0.9010000000000000231, -0.04702439302970084362 ) ) ;
#1558 = CARTESIAN_POINT ( 'NONE',  ( -0.03573246183864153824, 0.8999999999999998002, 0.03195387589501878095 ) ) ;
#1559 = CARTESIAN_POINT ( 'NONE',  ( 0.1073862926500859238, 0.9009999999999998010, -0.05150535050284540256 ) ) ;
#1560 = CARTESIAN_POINT ( 'NONE',  ( 0.1349673923007032872, 0.9010000000000000231, 0.009868593058264736942 ) ) ;
#1561 = MECHANICAL_DESIGN_GEOMETRIC_PRESENTATION_REPRESENTATION (  '', ( #3763 ), #4974 ) ;
#1562 = ORIENTED_EDGE ( 'NONE', *, *, #5500, .T. ) ;
#1563 = ORIENTED_EDGE ( 'NONE', *, *, #4272, .T. ) ;
#1564 = CARTESIAN_POINT ( 'NONE',  ( 0.04378266446908801734, 0.9010000000000002451, 0.05003549220544335069 ) ) ;
#1565 = VECTOR ( 'NONE', #1816, 1000.000000000000000 ) ;
#1566 = CARTESIAN_POINT ( 'NONE',  ( -0.6499848537858928799, 0.001698678805543058813, 0.3999826409444677822 ) ) ;
#1567 =( NAMED_UNIT ( * ) SI_UNIT ( $, .STERADIAN. ) SOLID_ANGLE_UNIT ( ) );
#1568 = CARTESIAN_POINT ( 'NONE',  ( 0.000000000000000000, 0.000000000000000000, 0.3980000000000000204 ) ) ;
#1569 =( LENGTH_UNIT ( ) NAMED_UNIT ( * ) SI_UNIT ( .MILLI., .METRE. ) );
#1570 = CARTESIAN_POINT ( 'NONE',  ( 0.07429382262637194978, 0.8999999999999999112, -0.03322218005148539627 ) ) ;
#1571 =( GEOMETRIC_REPRESENTATION_CONTEXT ( 3 ) GLOBAL_UNCERTAINTY_ASSIGNED_CONTEXT ( ( #5920 ) ) GLOBAL_UNIT_ASSIGNED_CONTEXT ( ( #3549, #3921, #1043 ) ) REPRESENTATION_CONTEXT ( 'NONE', 'WORKASPACE' ) );
#1572 = PRODUCT_CONTEXT ( 'NONE', #3184, 'mechanical' ) ;
#1573 = AXIS2_PLACEMENT_3D ( 'NONE', #3017, #2102, #174 ) ;
#1574 = LINE ( 'NONE', #3485, #4942 ) ;
#1575 = CARTESIAN_POINT ( 'NONE',  ( -0.1237062637687915134, 0.9009999999999996900, 0.01769503867720892756 ) ) ;
#1576 = CARTESIAN_POINT ( 'NONE',  ( 0.1106960510203145454, 0.8999999999999996891, 0.04884685613186517256 ) ) ;
#1577 = SURFACE_STYLE_USAGE ( .BOTH. , #5363 ) ;
#1578 = CARTESIAN_POINT ( 'NONE',  ( 0.03179542211794705864, 0.9009999999999998010, 0.02281589720855810299 ) ) ;
#1579 = CARTESIAN_POINT ( 'NONE',  ( -0.01570742555061303836, 0.8999999999999999112, -0.007700538078027017834 ) ) ;
#1580 = CARTESIAN_POINT ( 'NONE',  ( 0.06279612400159835517, 0.9000000000000003553, 0.04486787705809487659 ) ) ;
#1581 = EDGE_CURVE ( 'NONE', #5161, #46, #5159, .T. ) ;
#1582 = CARTESIAN_POINT ( 'NONE',  ( 0.01358549642966466395, 0.9009999999999998010, -0.02993969693113644748 ) ) ;
#1583 = CARTESIAN_POINT ( 'NONE',  ( 0.03348293439770338303, 0.8999999999999996891, -0.03107301951204745338 ) ) ;
#1584 = CARTESIAN_POINT ( 'NONE',  ( -0.08607398124505478976, 0.9009999999999999121, 0.04010744002157060062 ) ) ;
#1585 = CARTESIAN_POINT ( 'NONE',  ( 0.06043322162790244756, 0.9010000000000002451, 0.002096254690847114844 ) ) ;
#1586 = B_SPLINE_SURFACE_WITH_KNOTS ( 'NONE', 3, 1, ( 
 ( #3570, #890 ),
 ( #5275, #5245 ),
 ( #4680, #6136 ),
 ( #1842, #991 ),
 ( #4268, #2377 ),
 ( #6168, #3814 ),
 ( #4713, #5650 ),
 ( #1869, #24 ),
 ( #1431, #3783 ),
 ( #2315, #1899 ),
 ( #1399, #956 ) ),
 .UNSPECIFIED., .F., .F., .F.,
 ( 4, 1, 1, 1, 1, 1, 1, 1, 4 ),
 ( 2, 2 ),
 ( 0.000000000000000000, 0.1240354330026170737, 0.2428459548115287636, 0.3603416824496157300, 0.4790424316556542439, 0.5993341100427885815, 0.7254884757708253140, 0.8585494285274634096, 0.9999999999999998890 ),
 ( 0.000000000000000000, 1.000000000000000000 ),
 .UNSPECIFIED. ) ;
#1587 = ORIENTED_EDGE ( 'NONE', *, *, #1144, .T. ) ;
#1588 = ADVANCED_FACE ( 'NONE', ( #1467 ), #1191, .T. ) ;
#1589 = CARTESIAN_POINT ( 'NONE',  ( -0.09577690313019997237, 0.9009999999999998010, -0.02505884519767910545 ) ) ;
#1590 = EDGE_LOOP ( 'NONE', ( #4586, #3390, #5881, #4819 ) ) ;
#1591 = FILL_AREA_STYLE_COLOUR ( '', #1335 ) ;
#1592 = CARTESIAN_POINT ( 'NONE',  ( 0.1462549949873704069, 0.8999999999999999112, -0.002899282750661264039 ) ) ;
#1593 = FACE_OUTER_BOUND ( 'NONE', #2724, .T. ) ;
#1594 = CARTESIAN_POINT ( 'NONE',  ( -0.6498293095714811063, 0.8988790567966676859, -0.3998042847562123248 ) ) ;
#1595 = SURFACE_STYLE_FILL_AREA ( #3010 ) ;
#1596 = FILL_AREA_STYLE ('',( #2038 ) ) ;
#1597 = CARTESIAN_POINT ( 'NONE',  ( 0.1373872138836271517, 0.9010000000000000231, 0.01694992394565763769 ) ) ;
#1598 = VERTEX_POINT ( 'NONE', #6091 ) ;
#1599 = CARTESIAN_POINT ( 'NONE',  ( -0.08065795944782068461, 0.9010000000000000231, -0.03591469967808750413 ) ) ;
#1600 = CARTESIAN_POINT ( 'NONE',  ( -0.6495851312298106528, 0.8993101150641404917, 0.3995240195484534573 ) ) ;
#1601 = SURFACE_SIDE_STYLE ('',( #3980 ) ) ;
#1602 = FILL_AREA_STYLE ('',( #5911 ) ) ;
#1603 =( NAMED_UNIT ( * ) SI_UNIT ( $, .STERADIAN. ) SOLID_ANGLE_UNIT ( ) );
#1604 = CARTESIAN_POINT ( 'NONE',  ( 0.07611522281607061013, 0.9000000000000000222, -0.02711954755700123065 ) ) ;
#1605 = CARTESIAN_POINT ( 'NONE',  ( 0.08750003206789755406, 0.8999999999999999112, 0.01796840213846135487 ) ) ;
#1606 = ADVANCED_BREP_SHAPE_REPRESENTATION ( 'C0603', ( #85, #1885, #2016, #5824 ), #5330 ) ;
#1607 = EDGE_CURVE ( 'NONE', #5161, #6087, #3121, .T. ) ;
#1608 = CARTESIAN_POINT ( 'NONE',  ( -0.02817769429462230191, 0.9010000000000000231, 0.004813416952060254467 ) ) ;
#1609 = EDGE_CURVE ( 'NONE', #3825, #2685, #167, .T. ) ;
#1610 = FACE_OUTER_BOUND ( 'NONE', #735, .T. ) ;
#1611 = CARTESIAN_POINT ( 'NONE',  ( 0.000000000000000000, 0.000000000000000000, 0.3980000000000000204 ) ) ;
#1612 = PRESENTATION_STYLE_ASSIGNMENT (( #4426 ) ) ;
#1613 = SURFACE_STYLE_FILL_AREA ( #4863 ) ;
#1614 = CARTESIAN_POINT ( 'NONE',  ( 0.07785953897740456597, 0.8999999999999996891, 0.01114848166613261263 ) ) ;
#1615 = CARTESIAN_POINT ( 'NONE',  ( 0.03036560403412021103, 0.9000000000000000222, -0.02334617179742431298 ) ) ;
#1616 = CARTESIAN_POINT ( 'NONE',  ( 0.01463382686100055986, 0.8999999999999996891, 0.02885411966180115306 ) ) ;
#1617 = DIRECTION ( 'NONE',  ( -1.000000000000000000, 0.000000000000000000, 0.000000000000000000 ) ) ;
#1618 = CARTESIAN_POINT ( 'NONE',  ( -0.1203632194484504925, 0.9010000000000000231, -0.03107301951204746726 ) ) ;
#1619 = DIRECTION ( 'NONE',  ( 0.4521557177002732408, 0.000000000000000000, -0.8919390152644691705 ) ) ;
#1620 = SURFACE_STYLE_USAGE ( .BOTH. , #4562 ) ;
#1621 = CARTESIAN_POINT ( 'NONE',  ( 0.1389587314270021023, 0.8999999999999999112, -0.007207922666761779756 ) ) ;
#1622 = CARTESIAN_POINT ( 'NONE',  ( 0.1502267401869447627, 0.9010000000000000231, -0.02885532251688032943 ) ) ;
#1623 = CARTESIAN_POINT ( 'NONE',  ( 0.1073862926500859238, 0.8999999999999999112, -0.05150535050284540256 ) ) ;
#1624 = CARTESIAN_POINT ( 'NONE',  ( -0.003524145847754308822, 0.9010000000000002451, 0.009419085208411019997 ) ) ;
#1625 = ORIENTED_EDGE ( 'NONE', *, *, #5069, .T. ) ;
#1626 = STYLED_ITEM ( 'NONE', ( #827 ), #4119 ) ;
#1627 = CARTESIAN_POINT ( 'NONE',  ( 0.03239982441446347117, 0.9010000000000001341, 0.04803869090871935865 ) ) ;
#1628 = CARTESIAN_POINT ( 'NONE',  ( 0.02843186839207294259, 0.9010000000000000231, -0.001331284055341868094 ) ) ;
#1629 = DIRECTION ( 'NONE',  ( 0.000000000000000000, 0.000000000000000000, 1.000000000000000000 ) ) ;
#1630 = CARTESIAN_POINT ( 'NONE',  ( 0.06430781775269366063, 0.9009999999999999121, -0.04828525652437166971 ) ) ;
#1631 = CARTESIAN_POINT ( 'NONE',  ( 0.05401431058997251816, 0.9000000000000000222, -0.05377069934923397326 ) ) ;
#1632 = ADVANCED_FACE ( 'NONE', ( #1125 ), #5880, .T. ) ;
#1633 = VECTOR ( 'NONE', #2424, 1000.000000000000000 ) ;
#1634 = ORIENTED_EDGE ( 'NONE', *, *, #2773, .F. ) ;
#1635 = CARTESIAN_POINT ( 'NONE',  ( -0.02033303510856055568, 0.9010000000000001341, 0.01693418905321183651 ) ) ;
#1636 = CARTESIAN_POINT ( 'NONE',  ( 0.09266115726932774854, 0.9000000000000000222, -0.02905139310101404262 ) ) ;
#1637 = CARTESIAN_POINT ( 'NONE',  ( -0.1248084730665089404, 0.9000000000000003553, 0.01113043878050292736 ) ) ;
#1638 = CARTESIAN_POINT ( 'NONE',  ( -0.09336300340279886367, 0.9010000000000001341, -0.002473110978418791885 ) ) ;
#1639 = CARTESIAN_POINT ( 'NONE',  ( 0.1548226381423537801, 0.9000000000000001332, 0.02419902159851280987 ) ) ;
#1640 = DIRECTION ( 'NONE',  ( 0.000000000000000000, 0.000000000000000000, 1.000000000000000000 ) ) ;
#1641 = ADVANCED_FACE ( 'NONE', ( #2093 ), #4938, .T. ) ;
#1642 = CARTESIAN_POINT ( 'NONE',  ( 0.1202410713347285970, 0.8999999999999999112, -0.03703302972852699770 ) ) ;
#1643 = CARTESIAN_POINT ( 'NONE',  ( 0.1399117912863448165, 0.8999999999999998002, -0.009618634755213075274 ) ) ;
#1644 = CARTESIAN_POINT ( 'NONE',  ( 0.01049260415206864153, 0.9010000000000001341, 6.449193210029845115E-05 ) ) ;
#1645 = CARTESIAN_POINT ( 'NONE',  ( -0.1217511757420037671, 0.9000000000000001332, -0.02839128719109009630 ) ) ;
#1646 = EDGE_LOOP ( 'NONE', ( #5277, #5621, #4633, #900 ) ) ;
#1647 = CARTESIAN_POINT ( 'NONE',  ( -0.1092484200694655294, 0.9010000000000000231, 0.03210220953440172387 ) ) ;
#1648 = LINE ( 'NONE', #5553, #1679 ) ;
#1649 = CARTESIAN_POINT ( 'NONE',  ( 0.1501663736944089111, 0.8999999999999999112, -0.03145936491836581750 ) ) ;
#1650 = CARTESIAN_POINT ( 'NONE',  ( -0.02040702257552430218, 0.9000000000000003553, 0.02079539938483194669 ) ) ;
#1651 = CARTESIAN_POINT ( 'NONE',  ( -0.06384980299756001787, 0.9010000000000001341, 0.01979074799024193101 ) ) ;
#1652 = CARTESIAN_POINT ( 'NONE',  ( -0.005704939280941885224, 0.8999999999999999112, 0.003729378185441747668 ) ) ;
#1653 = EDGE_LOOP ( 'NONE', ( #3409, #2481, #2853, #204 ) ) ;
#1654 = CARTESIAN_POINT ( 'NONE',  ( 0.1312571915631616792, 0.9000000000000001332, 0.04878824691138332337 ) ) ;
#1655 = EDGE_CURVE ( 'NONE', #4873, #3139, #214, .T. ) ;
#1656 = CARTESIAN_POINT ( 'NONE',  ( -0.8000000000000001554, 0.000000000000000000, -0.3980000000000000204 ) ) ;
#1657 =( NAMED_UNIT ( * ) SI_UNIT ( $, .STERADIAN. ) SOLID_ANGLE_UNIT ( ) );
#1658 = CARTESIAN_POINT ( 'NONE',  ( -0.1075844668344638627, 0.9009999999999999121, 0.03205301768824950215 ) ) ;
#1659 = CARTESIAN_POINT ( 'NONE',  ( 0.05841265868871241274, 0.9010000000000001341, -0.05208803695162563668 ) ) ;
#1660 = CARTESIAN_POINT ( 'NONE',  ( 0.04415702864848320558, 0.9000000000000000222, -0.05507727764508545815 ) ) ;
#1661 = CARTESIAN_POINT ( 'NONE',  ( 0.02853234868229008458, 0.9000000000000000222, -0.008090439956129289942 ) ) ;
#1662 = MECHANICAL_DESIGN_GEOMETRIC_PRESENTATION_REPRESENTATION (  '', ( #471 ), #4663 ) ;
#1663 = EDGE_CURVE ( 'NONE', #2752, #5066, #1675, .T. ) ;
#1664 = ORIENTED_EDGE ( 'NONE', *, *, #1220, .T. ) ;
#1665 = FACE_OUTER_BOUND ( 'NONE', #222, .T. ) ;
#1666 = CARTESIAN_POINT ( 'NONE',  ( -0.1172236469202294351, 0.9010000000000002451, 0.02929533174978220592 ) ) ;
#1667 = UNCERTAINTY_MEASURE_WITH_UNIT (LENGTH_MEASURE( 1.000000000000000082E-05 ), #2749, 'distance_accuracy_value', 'NONE');
#1668 = CARTESIAN_POINT ( 'NONE',  ( 0.05806925071595390314, 0.9009999999999999121, -0.02505884519767911933 ) ) ;
#1669 = PRESENTATION_LAYER_ASSIGNMENT (  '', '', ( #4254 ) ) ;
#1670 = FILL_AREA_STYLE ('',( #2993 ) ) ;
#1671 = CARTESIAN_POINT ( 'NONE',  ( -0.002337362377157837026, 0.8999999999999999112, 0.01892111979081198200 ) ) ;
#1672 = STYLED_ITEM ( 'NONE', ( #5810 ), #2435 ) ;
#1673 = CARTESIAN_POINT ( 'NONE',  ( 0.04381233820210077290, 0.9009999999999999121, -0.03709133350761327497 ) ) ;
#1674 = SURFACE_STYLE_USAGE ( .BOTH. , #5960 ) ;
#1675 = CIRCLE ( 'NONE', #4072, 0.002000000000000048614 ) ;
#1676 = FACE_BOUND ( 'NONE', #269, .T. ) ;
#1677 = SURFACE_STYLE_FILL_AREA ( #5583 ) ;
#1678 = EDGE_CURVE ( 'NONE', #130, #6107, #3268, .T. ) ;
#1679 = VECTOR ( 'NONE', #794, 1000.000000000000000 ) ;
#1680 = ORIENTED_EDGE ( 'NONE', *, *, #4221, .T. ) ;
#1681 = CARTESIAN_POINT ( 'NONE',  ( 0.6482627733115838842, 0.000000000000000000, 0.3980000000000000204 ) ) ;
#1682 = CARTESIAN_POINT ( 'NONE',  ( -0.1173762331341252768, 0.9010000000000001341, -0.05432422426270085147 ) ) ;
#1683 = CARTESIAN_POINT ( 'NONE',  ( 0.6495274362460348172, 0.8993848158228781031, 0.3994577499140556376 ) ) ;
#1684 = CARTESIAN_POINT ( 'NONE',  ( -0.03828980999300742039, 0.9000000000000001332, 0.004823432380191162300 ) ) ;
#1685 = CARTESIAN_POINT ( 'NONE',  ( -0.03402995676565412353, 0.9010000000000000231, 0.05002882076850426185 ) ) ;
#1686 = CARTESIAN_POINT ( 'NONE',  ( -0.1001176340825970235, 0.9000000000000003553, -0.03291091642285885049 ) ) ;
#1687 = VERTEX_POINT ( 'NONE', #2981 ) ;
#1688 = CARTESIAN_POINT ( 'NONE',  ( 0.03464676565949404569, 0.9010000000000000231, 0.04878955970900834133 ) ) ;
#1689 = DIRECTION ( 'NONE',  ( 1.000000000000000000, 0.000000000000000000, 0.000000000000000000 ) ) ;
#1690 = CARTESIAN_POINT ( 'NONE',  ( 0.01869629146899603328, 0.8999999999999999112, -0.04147551482457263738 ) ) ;
#1691 = CARTESIAN_POINT ( 'NONE',  ( 0.1243283379376118880, 0.9010000000000000231, -0.01737522911072904644 ) ) ;
#1692 = CARTESIAN_POINT ( 'NONE',  ( 0.1261342914271748883, 0.9010000000000002451, -0.01829328161422361099 ) ) ;
#1693 = CARTESIAN_POINT ( 'NONE',  ( -0.1433458788931446792, 0.9010000000000001341, -0.003749255005359788083 ) ) ;
#1694 = VERTEX_POINT ( 'NONE', #3853 ) ;
#1695 = B_SPLINE_CURVE_WITH_KNOTS ( 'NONE', 3,
 ( #917, #5706, #1926, #1424, #3368, #2869, #4259, #5269, #4231, #1957, #5206, #54, #3867, #2341, #2837, #2370 ),
 .UNSPECIFIED., .F., .F.,
 ( 4, 3, 3, 3, 3, 4 ),
 ( 0.000000000000000000, 5.535654255782848785E-07, 1.103371656382628908E-06, 1.847285420013740703E-06, 2.821060109827493176E-06, 3.653927284469005687E-06 ),
 .UNSPECIFIED. ) ;
#1696 = CARTESIAN_POINT ( 'NONE',  ( 0.02364536631501566386, 0.9010000000000000231, -0.04744859719091565342 ) ) ;
#1697 = CARTESIAN_POINT ( 'NONE',  ( -0.1126727027438633455, 0.9000000000000000222, 0.03168219816481541301 ) ) ;
#1698 = CARTESIAN_POINT ( 'NONE',  ( 0.06048315044335499796, 0.9010000000000000231, -0.002473110978418791451 ) ) ;
#1699 = FILL_AREA_STYLE ('',( #5982 ) ) ;
#1700 = CARTESIAN_POINT ( 'NONE',  ( -0.04581680343567362534, 0.8999999999999998002, 0.01506262563393197598 ) ) ;
#1701 = VECTOR ( 'NONE', #3682, 1000.000000000000000 ) ;
#1702 = ORIENTED_EDGE ( 'NONE', *, *, #5069, .F. ) ;
#1703 = CARTESIAN_POINT ( 'NONE',  ( 0.01050027495300924485, 0.9010000000000001341, -0.003749255005359788083 ) ) ;
#1704 = CARTESIAN_POINT ( 'NONE',  ( 0.1158641750288091354, 0.9000000000000001332, 0.001392719130322206530 ) ) ;
#1705 = CARTESIAN_POINT ( 'NONE',  ( 0.04459773377668834610, 0.9010000000000000231, -0.03712855969636751075 ) ) ;
#1706 = CARTESIAN_POINT ( 'NONE',  ( -0.007348420684687191964, 0.9010000000000002451, 0.03626959370798461813 ) ) ;
#1707 = PRESENTATION_STYLE_ASSIGNMENT (( #2150 ) ) ;
#1708 = CARTESIAN_POINT ( 'NONE',  ( -0.09829088801818347543, 0.9000000000000000222, 0.02523121594465813772 ) ) ;
#1709 =( NAMED_UNIT ( * ) PLANE_ANGLE_UNIT ( ) SI_UNIT ( $, .RADIAN. ) );
#1710 = CARTESIAN_POINT ( 'NONE',  ( 0.6492970924032265279, 0.0003738069421418765232, 0.3991929659193230728 ) ) ;
#1711 = DIRECTION ( 'NONE',  ( 0.000000000000000000, 0.000000000000000000, -1.000000000000000000 ) ) ;
#1712 = EDGE_CURVE ( 'NONE', #2540, #2886, #2146, .T. ) ;
#1713 = LINE ( 'NONE', #5496, #4875 ) ;
#1714 = CARTESIAN_POINT ( 'NONE',  ( 0.1356418471000309101, 0.9010000000000005782, -0.05206042531072847812 ) ) ;
#1715 = CARTESIAN_POINT ( 'NONE',  ( 0.1129509368153245458, 0.9000000000000001332, -0.05384071610674811409 ) ) ;
#1716 = EDGE_LOOP ( 'NONE', ( #4204, #446, #2829, #542, #725 ) ) ;
#1717 = CARTESIAN_POINT ( 'NONE',  ( -0.04579615153301829639, 0.9000000000000002442, 0.02074495489224231770 ) ) ;
#1718 = CARTESIAN_POINT ( 'NONE',  ( 0.1107020109905144795, 0.9010000000000001341, -0.02879145457972266675 ) ) ;
#1719 = CARTESIAN_POINT ( 'NONE',  ( 0.07609614587195498436, 0.9010000000000003562, 0.02238201666804671627 ) ) ;
#1720 = CARTESIAN_POINT ( 'NONE',  ( 0.1399117912863448165, 0.9009999999999999121, -0.009618634755213075274 ) ) ;
#1721 = UNCERTAINTY_MEASURE_WITH_UNIT (LENGTH_MEASURE( 1.000000000000000082E-05 ), #980, 'distance_accuracy_value', 'NONE');
#1722 = CARTESIAN_POINT ( 'NONE',  ( 0.05167364790257503865, 0.9000000000000002442, -0.05434940545442305815 ) ) ;
#1723 = STYLED_ITEM ( 'NONE', ( #5421 ), #4019 ) ;
#1724 = CARTESIAN_POINT ( 'NONE',  ( -0.01334657485218893568, 0.8999999999999998002, -0.005805861075406997321 ) ) ;
#1725 = ADVANCED_FACE ( 'NONE', ( #2920 ), #480, .T. ) ;
#1726 = CARTESIAN_POINT ( 'NONE',  ( -0.8000000000000001554, 0.002000000000000000042, -0.4000000000000000222 ) ) ;
#1727 = ORIENTED_EDGE ( 'NONE', *, *, #4272, .F. ) ;
#1728 = STYLED_ITEM ( 'NONE', ( #673 ), #5962 ) ;
#1729 = DIRECTION ( 'NONE',  ( -0.000000000000000000, -1.000000000000000000, -0.000000000000000000 ) ) ;
#1730 = CARTESIAN_POINT ( 'NONE',  ( 0.1185923795456789859, 0.9010000000000000231, 0.03197107776130263951 ) ) ;
#1731 = CARTESIAN_POINT ( 'NONE',  ( -0.09771583917483413206, 0.8999999999999999112, -0.02961204664994143351 ) ) ;
#1732 = CARTESIAN_POINT ( 'NONE',  ( 0.1048211473267459809, 0.9000000000000000222, 0.04659115399771873028 ) ) ;
#1733 =( GEOMETRIC_REPRESENTATION_CONTEXT ( 3 ) GLOBAL_UNCERTAINTY_ASSIGNED_CONTEXT ( ( #1115 ) ) GLOBAL_UNIT_ASSIGNED_CONTEXT ( ( #6007, #6038, #3062 ) ) REPRESENTATION_CONTEXT ( 'NONE', 'WORKASPACE' ) );
#1734 = ORIENTED_EDGE ( 'NONE', *, *, #905, .T. ) ;
#1735 = CARTESIAN_POINT ( 'NONE',  ( -0.1220507317282067961, 0.9000000000000003553, 0.02281589720855811340 ) ) ;
#1736 = CARTESIAN_POINT ( 'NONE',  ( 0.02844299127138357267, 0.9010000000000000231, -0.002506511678296995723 ) ) ;
#1737 = EDGE_CURVE ( 'NONE', #6155, #1417, #1919, .T. ) ;
#1738 = CARTESIAN_POINT ( 'NONE',  ( 0.1494295823655289457, 0.9010000000000004672, -0.02250685174673658709 ) ) ;
#1739 =( NAMED_UNIT ( * ) SI_UNIT ( $, .STERADIAN. ) SOLID_ANGLE_UNIT ( ) );
#1740 = AXIS2_PLACEMENT_3D ( 'NONE', #2896, #2081, #3986 ) ;
#1741 = LINE ( 'NONE', #5519, #1701 ) ;
#1742 = CARTESIAN_POINT ( 'NONE',  ( 0.1428425459730585378, 0.9010000000000000231, -0.005312510858298571427 ) ) ;
#1743 = ORIENTED_EDGE ( 'NONE', *, *, #6154, .T. ) ;
#1744 = CARTESIAN_POINT ( 'NONE',  ( -0.1088203327524470132, 0.8999999999999998002, -0.05506438017631783144 ) ) ;
#1745 = EDGE_CURVE ( 'NONE', #3139, #566, #940, .T. ) ;
#1746 = CARTESIAN_POINT ( 'NONE',  ( 0.1053549453151498838, 0.9010000000000000231, 0.01671759414978633840 ) ) ;
#1747 = B_SPLINE_CURVE_WITH_KNOTS ( 'NONE', 3,
 ( #4041, #4122, #718, #2615, #1281, #4595, #3191, #5942, #2192, #800, #746, #5012, #2158, #4567, #1654, #2725, #3577, #4065, #5095 ),
 .UNSPECIFIED., .F., .F.,
 ( 4, 1, 1, 1, 1, 1, 1, 1, 1, 1, 1, 1, 1, 1, 1, 1, 4 ),
 ( 0.000000000000000000, 0.06282116080510011247, 0.1238705348889599239, 0.1835541689801073184, 0.2422662914882135199, 0.3012648873502025149, 0.3608466874955849613, 0.4219486999397625837, 0.4847891908580592712, 0.5480139130193512065, 0.6104128761522062963, 0.6725364471512214060, 0.7348288403150814441, 0.7979472548457986480, 0.8629734910039591478, 0.9300195846043561865, 0.9999999999999998890 ),
 .UNSPECIFIED. ) ;
#1748 = FACE_OUTER_BOUND ( 'NONE', #5259, .T. ) ;
#1749 = CARTESIAN_POINT ( 'NONE',  ( 0.1073862926500859238, 0.8999999999999998002, -0.05150535050284540256 ) ) ;
#1750 = CARTESIAN_POINT ( 'NONE',  ( 0.04630269743612012989, 0.9000000000000000222, -0.03705893677448042489 ) ) ;
#1751 = ORIENTED_EDGE ( 'NONE', *, *, #1176, .F. ) ;
#1752 = CARTESIAN_POINT ( 'NONE',  ( 0.01365865554115372818, 0.9010000000000000231, 0.02601360862749352645 ) ) ;
#1753 = CARTESIAN_POINT ( 'NONE',  ( 0.1121637881224738509, 0.9000000000000000222, -0.03177350851877618759 ) ) ;
#1754 = CARTESIAN_POINT ( 'NONE',  ( 0.04467786198181653706, 0.9010000000000000231, 0.05005092748311967821 ) ) ;
#1755 = CARTESIAN_POINT ( 'NONE',  ( 0.6497544626328463080, 0.0009767000808519389100, -0.3997183879874685042 ) ) ;
#1756 = CARTESIAN_POINT ( 'NONE',  ( 0.000000000000000000, 0.9000000000000000222, 0.4000000000000000222 ) ) ;
#1757 = ORIENTED_EDGE ( 'NONE', *, *, #4053, .T. ) ;
#1758 = ORIENTED_EDGE ( 'NONE', *, *, #31, .F. ) ;
#1759 = CARTESIAN_POINT ( 'NONE',  ( 0.1365517396959527174, 0.8999999999999998002, 0.01272852697754398368 ) ) ;
#1760 =( LENGTH_UNIT ( ) NAMED_UNIT ( * ) SI_UNIT ( .MILLI., .METRE. ) );
#1761 = CARTESIAN_POINT ( 'NONE',  ( -0.09666393046568247382, 0.8999999999999999112, -0.02752280458400070684 ) ) ;
#1762 = CARTESIAN_POINT ( 'NONE',  ( -0.003542639783111694186, 0.8999999999999999112, 0.02813290714216009486 ) ) ;
#1763 = B_SPLINE_CURVE_WITH_KNOTS ( 'NONE', 3,
 ( #896, #3819, #1938, #6140, #2813, #2848, #1905, #4341, #1, #1465, #4718, #5279, #4785, #441, #6117, #2781, #2351, #66, #3788 ),
 .UNSPECIFIED., .F., .F.,
 ( 4, 1, 1, 1, 1, 1, 1, 1, 1, 1, 1, 1, 1, 1, 1, 1, 4 ),
 ( 0.000000000000000000, 0.06282116080510011247, 0.1238705348889599239, 0.1835541689801073184, 0.2422662914882135199, 0.3012648873502025149, 0.3608466874955849613, 0.4219486999397625837, 0.4847891908580592712, 0.5480139130193512065, 0.6104128761522062963, 0.6725364471512214060, 0.7348288403150814441, 0.7979472548457986480, 0.8629734910039591478, 0.9300195846043561865, 0.9999999999999998890 ),
 .UNSPECIFIED. ) ;
#1764 = VERTEX_POINT ( 'NONE', #4996 ) ;
#1765 =( LENGTH_UNIT ( ) NAMED_UNIT ( * ) SI_UNIT ( .MILLI., .METRE. ) );
#1766 = DIRECTION ( 'NONE',  ( -1.000000000000000000, 0.000000000000000000, 0.000000000000000000 ) ) ;
#1767 = VECTOR ( 'NONE', #2252, 1000.000000000000000 ) ;
#1768 = DIRECTION ( 'NONE',  ( 0.000000000000000000, 0.000000000000000000, -1.000000000000000000 ) ) ;
#1769 = DIRECTION ( 'NONE',  ( 1.000000000000000000, 0.000000000000000000, 0.000000000000000000 ) ) ;
#1770 = CARTESIAN_POINT ( 'NONE',  ( 0.1440917133001727302, 0.9000000000000002442, -0.04537587113212673134 ) ) ;
#1771 = CARTESIAN_POINT ( 'NONE',  ( 0.1477818991986417085, 0.9010000000000001341, -0.001511492681634860665 ) ) ;
#1772 = AXIS2_PLACEMENT_3D ( 'NONE', #5620, #3189, #4181 ) ;
#1773 = ORIENTED_EDGE ( 'NONE', *, *, #4377, .F. ) ;
#1774 = EDGE_CURVE ( 'NONE', #6065, #5682, #3561, .T. ) ;
#1775 = CARTESIAN_POINT ( 'NONE',  ( -0.09338517988210826015, 0.8999999999999999112, -0.05097231666860020660 ) ) ;
#1776 = CARTESIAN_POINT ( 'NONE',  ( 0.1317776326779539209, 0.9010000000000001341, 0.02886913158716699138 ) ) ;
#1777 = CARTESIAN_POINT ( 'NONE',  ( 0.1216610350587396111, 0.9000000000000001332, 0.03210220953440172387 ) ) ;
#1778 = CARTESIAN_POINT ( 'NONE',  ( 0.02960516254388110766, 0.9010000000000001341, -0.05174212879816673244 ) ) ;
#1779 = VECTOR ( 'NONE', #5473, 1000.000000000000000 ) ;
#1780 = CARTESIAN_POINT ( 'NONE',  ( 0.1279768144250405804, 0.9000000000000000222, -0.05464834374033384484 ) ) ;
#1781 = CARTESIAN_POINT ( 'NONE',  ( -0.08071605463093385613, 0.9000000000000002442, 0.03120962677902499455 ) ) ;
#1782 = ORIENTED_EDGE ( 'NONE', *, *, #1257, .F. ) ;
#1783 = CARTESIAN_POINT ( 'NONE',  ( 0.05990657188762830987, 0.8999999999999999112, -0.01541684573134549305 ) ) ;
#1784 = CARTESIAN_POINT ( 'NONE',  ( -0.1016922942503337007, 0.9010000000000000231, 0.02942924365035957252 ) ) ;
#1785 = CARTESIAN_POINT ( 'NONE',  ( 0.1130472530074575627, 0.9010000000000000231, -0.01533368790149571871 ) ) ;
#1786 = CARTESIAN_POINT ( 'NONE',  ( -0.04511489503190705547, 0.9000000000000000222, 0.04771965636078286110 ) ) ;
#1787 = ORIENTED_EDGE ( 'NONE', *, *, #5884, .F. ) ;
#1788 = FILL_AREA_STYLE ('',( #6066 ) ) ;
#1789 = DIRECTION ( 'NONE',  ( -1.000000000000000000, -0.000000000000000000, -0.000000000000000000 ) ) ;
#1790 = EDGE_CURVE ( 'NONE', #4641, #5522, #5335, .T. ) ;
#1791 = ORIENTED_EDGE ( 'NONE', *, *, #6160, .F. ) ;
#1792 = EDGE_CURVE ( 'NONE', #5826, #2752, #3971, .T. ) ;
#1793 = FACE_OUTER_BOUND ( 'NONE', #6145, .T. ) ;
#1794 = FILL_AREA_STYLE_COLOUR ( '', #4359 ) ;
#1795 = CARTESIAN_POINT ( 'NONE',  ( -0.1433535496940852028, 0.9000000000000000222, 6.449193210029902036E-05 ) ) ;
#1796 = EDGE_CURVE ( 'NONE', #1857, #1090, #2817, .T. ) ;
#1797 = ORIENTED_EDGE ( 'NONE', *, *, #4394, .F. ) ;
#1798 = CARTESIAN_POINT ( 'NONE',  ( -0.7980000000000000426, 0.8979999999999999094, 0.4000000000000000222 ) ) ;
#1799 = CARTESIAN_POINT ( 'NONE',  ( -0.7980000000000000426, 0.002000000000000000042, -0.3980000000000000204 ) ) ;
#1800 = DIRECTION ( 'NONE',  ( 0.000000000000000000, 0.000000000000000000, -1.000000000000000000 ) ) ;
#1801 = CARTESIAN_POINT ( 'NONE',  ( 0.6482627733115841062, 0.000000000000000000, -0.3979999999999999094 ) ) ;
#1802 = DIRECTION ( 'NONE',  ( -1.000000000000000000, -0.000000000000000000, -0.000000000000000000 ) ) ;
#1803 = CARTESIAN_POINT ( 'NONE',  ( 0.1491501132992359147, 0.9000000000000000222, -0.03646144908670187479 ) ) ;
#1804 = MECHANICAL_DESIGN_GEOMETRIC_PRESENTATION_REPRESENTATION (  '', ( #3898 ), #3502 ) ;
#1805 = CARTESIAN_POINT ( 'NONE',  ( 0.000000000000000000, 0.8979999999999999094, -0.4000000000000000222 ) ) ;
#1806 = CARTESIAN_POINT ( 'NONE',  ( -0.1086724279533542031, 0.9009999999999999121, -0.03710503881139981530 ) ) ;
#1807 = CARTESIAN_POINT ( 'NONE',  ( 0.1362951414625118707, 0.9010000000000000231, 0.02315630041107206299 ) ) ;
#1808 = FACE_OUTER_BOUND ( 'NONE', #114, .T. ) ;
#1809 = CARTESIAN_POINT ( 'NONE',  ( 0.05861520433689539067, 0.9000000000000000222, 0.01737089936649918037 ) ) ;
#1810 = CARTESIAN_POINT ( 'NONE',  ( 0.1379830504650176037, 0.9000000000000001332, -0.05075264209117547748 ) ) ;
#1811 = CARTESIAN_POINT ( 'NONE',  ( -0.09888089342813329019, 0.9000000000000000222, -0.03138761580963361081 ) ) ;
#1812 = CARTESIAN_POINT ( 'NONE',  ( 0.06023093583533258716, 0.9000000000000000222, -0.01143877687389748335 ) ) ;
#1813 = ORIENTED_EDGE ( 'NONE', *, *, #4273, .F. ) ;
#1814 = CARTESIAN_POINT ( 'NONE',  ( 0.1329314656948435702, 0.9009999999999999121, 0.02789227909562152011 ) ) ;
#1815 = CARTESIAN_POINT ( 'NONE',  ( 0.07609614587195498436, 0.9010000000000003562, 0.02238201666804671627 ) ) ;
#1816 = DIRECTION ( 'NONE',  ( 0.000000000000000000, -1.000000000000000000, 0.000000000000000000 ) ) ;
#1817 = B_SPLINE_CURVE_WITH_KNOTS ( 'NONE', 3,
 ( #5459, #703, #5542, #5923, #756, #4554, #4052, #5955, #1700, #2627, #298 ),
 .UNSPECIFIED., .F., .F.,
 ( 4, 1, 1, 1, 1, 1, 1, 1, 4 ),
 ( 0.000000000000000000, 0.1227180515039702074, 0.2401431180450293301, 0.3573623765102159622, 0.4816738524649464281, 0.6078658287995974963, 0.7329554806750190332, 0.8621444613629476450, 1.000000000000000000 ),
 .UNSPECIFIED. ) ;
#1818 = CARTESIAN_POINT ( 'NONE',  ( 0.07842303136518254114, 0.8999999999999999112, -0.004069255259697149990 ) ) ;
#1819 = ORIENTED_EDGE ( 'NONE', *, *, #247, .F. ) ;
#1820 = CARTESIAN_POINT ( 'NONE',  ( 0.04786777945604277218, 0.8999999999999998002, 0.03171878295294837391 ) ) ;
#1821 = ORIENTED_EDGE ( 'NONE', *, *, #3667, .T. ) ;
#1822 = CARTESIAN_POINT ( 'NONE',  ( 0.04415702864848320558, 0.9010000000000000231, -0.05507727764508545815 ) ) ;
#1823 = DIRECTION ( 'NONE',  ( 1.000000000000000000, 0.000000000000000000, 0.000000000000000000 ) ) ;
#1824 = DIRECTION ( 'NONE',  ( -1.000000000000000000, -0.000000000000000000, -0.000000000000000000 ) ) ;
#1825 = VERTEX_POINT ( 'NONE', #4867 ) ;
#1826 = VECTOR ( 'NONE', #5546, 1000.000000000000000 ) ;
#1827 = CARTESIAN_POINT ( 'NONE',  ( -0.02394635127091755689, 0.8999999999999999112, 0.007853370818603745696 ) ) ;
#1828 = VECTOR ( 'NONE', #712, 1000.000000000000000 ) ;
#1829 = CARTESIAN_POINT ( 'NONE',  ( -0.1351498623771578422, 0.9000000000000001332, -0.04147551482457263738 ) ) ;
#1830 = CARTESIAN_POINT ( 'NONE',  ( -0.01356075468747450739, 0.9009999999999998010, 0.04313015871786000932 ) ) ;
#1831 = EDGE_CURVE ( 'NONE', #5602, #328, #3064, .T. ) ;
#1832 = CARTESIAN_POINT ( 'NONE',  ( 0.02848528015843986710, 0.9010000000000001341, 0.003110909882816257840 ) ) ;
#1833 = CARTESIAN_POINT ( 'NONE',  ( 0.03529456436785570472, 0.9000000000000003553, 0.02802743762480509535 ) ) ;
#1834 = STYLED_ITEM ( 'NONE', ( #131 ), #5612 ) ;
#1835 = DIRECTION ( 'NONE',  ( -0.000000000000000000, -1.000000000000000000, -0.000000000000000000 ) ) ;
#1836 = ORIENTED_EDGE ( 'NONE', *, *, #43, .F. ) ;
#1837 = FACE_OUTER_BOUND ( 'NONE', #4160, .T. ) ;
#1838 = SURFACE_SIDE_STYLE ('',( #6109 ) ) ;
#1839 = PRESENTATION_LAYER_ASSIGNMENT (  '', '', ( #4126 ) ) ;
#1840 = VECTOR ( 'NONE', #1729, 1000.000000000000000 ) ;
#1841 = CARTESIAN_POINT ( 'NONE',  ( -0.1355943281889861740, 0.9010000000000000231, 0.03613718381239958838 ) ) ;
#1842 = CARTESIAN_POINT ( 'NONE',  ( 0.04786777945604277218, 0.9010000000000000231, 0.03171878295294837391 ) ) ;
#1843 = CARTESIAN_POINT ( 'NONE',  ( 0.7980000000000000426, 0.8979999999999999094, -0.4000000000000000222 ) ) ;
#1844 = CARTESIAN_POINT ( 'NONE',  ( -0.07859589652172999097, 0.9000000000000002442, 0.02558555698863765326 ) ) ;
#1845 = B_SPLINE_CURVE_WITH_KNOTS ( 'NONE', 3,
 ( #3336, #3840, #4299, #5769, #461, #5675, #4328, #6130, #950, #5238, #3808, #4772, #1485, #2430, #1862, #3401, #5301, #3776, #1456, #1391, #492, #428, #1892 ),
 .UNSPECIFIED., .F., .F.,
 ( 4, 1, 1, 1, 1, 1, 1, 1, 1, 1, 1, 1, 1, 1, 1, 1, 1, 1, 1, 1, 4 ),
 ( 0.000000000000000000, 0.05383370089591501401, 0.1055426304091383882, 0.1580541720958378304, 0.2119873357804046288, 0.2402068903290460189, 0.2697935103595446305, 0.3013430987966755903, 0.3346080613711932550, 0.3702844416648599646, 0.4080888380149464978, 0.4486813458099823682, 0.4920692965602020408, 0.5386641566662654368, 0.5903710538753824677, 0.6463877841547199798, 0.7071953757631237458, 0.7729467746818399210, 0.8436426012467371782, 0.9193083570571428664, 1.000000000000000000 ),
 .UNSPECIFIED. ) ;
#1846 = ORIENTED_EDGE ( 'NONE', *, *, #2072, .T. ) ;
#1847 = CARTESIAN_POINT ( 'NONE',  ( 0.05718222338047136699, 0.9009999999999999121, -0.02752280458400069643 ) ) ;
#1848 = CARTESIAN_POINT ( 'NONE',  ( 0.6487064766444698982, 0.8999509574261743694, -0.3985126226412293859 ) ) ;
#1849 = CARTESIAN_POINT ( 'NONE',  ( 0.06621884012298266675, 0.8999999999999998002, 0.04188868003568389786 ) ) ;
#1850 = CARTESIAN_POINT ( 'NONE',  ( 0.1322578657903355215, 0.9010000000000000231, -0.02720322731047087120 ) ) ;
#1851 = VERTEX_POINT ( 'NONE', #1551 ) ;
#1852 =( NAMED_UNIT ( * ) SI_UNIT ( $, .STERADIAN. ) SOLID_ANGLE_UNIT ( ) );
#1853 = CARTESIAN_POINT ( 'NONE',  ( -0.6500000000000001332, 0.002000000000000048614, -0.4000000000000000222 ) ) ;
#1854 = EDGE_LOOP ( 'NONE', ( #5508, #3290, #1879, #4047 ) ) ;
#1855 = CARTESIAN_POINT ( 'NONE',  ( 0.1130472530074575627, 0.9000000000000001332, 0.001332978765170955530 ) ) ;
#1856 = CARTESIAN_POINT ( 'NONE',  ( -0.1341844571415197473, 0.8999999999999999112, 0.03820937448549743126 ) ) ;
#1857 = VERTEX_POINT ( 'NONE', #3960 ) ;
#1858 = CARTESIAN_POINT ( 'NONE',  ( -0.1185515894782982194, 0.9000000000000001332, 0.02802743762480509188 ) ) ;
#1859 = CARTESIAN_POINT ( 'NONE',  ( 0.8000000000000001554, 0.000000000000000000, 0.3980000000000000204 ) ) ;
#1860 = CARTESIAN_POINT ( 'NONE',  ( 0.1053549453151498838, 0.9010000000000000231, 0.01671759414978633840 ) ) ;
#1861 = CARTESIAN_POINT ( 'NONE',  ( 0.6500000000002216227, 0.001850084579625941314, -0.4000000000002689182 ) ) ;
#1862 = CARTESIAN_POINT ( 'NONE',  ( -0.1239453729935185433, 0.8999999999999998002, -0.02133406143642728112 ) ) ;
#1863 = LINE ( 'NONE', #1805, #5291 ) ;
#1864 = CARTESIAN_POINT ( 'NONE',  ( -0.08318382382979840062, 0.8999999999999994671, -0.04074124499085628875 ) ) ;
#1865 = CARTESIAN_POINT ( 'NONE',  ( 0.09024937315542372329, 0.9010000000000000231, 0.03051270429638850562 ) ) ;
#1866 = ADVANCED_FACE ( 'NONE', ( #1178 ), #255, .T. ) ;
#1867 = ADVANCED_FACE ( 'NONE', ( #5977 ), #5478, .T. ) ;
#1868 = CARTESIAN_POINT ( 'NONE',  ( -0.1118171681393183153, 0.9009999999999998010, 0.05000525472347360639 ) ) ;
#1869 = CARTESIAN_POINT ( 'NONE',  ( 0.05340082327956545416, 0.9010000000000001341, 0.02823865876485402715 ) ) ;
#1870 = CARTESIAN_POINT ( 'NONE',  ( -0.07703817491772442516, 0.9000000000000003553, 0.01890897579672853185 ) ) ;
#1871 = EDGE_LOOP ( 'NONE', ( #5630, #481, #2771, #2911 ) ) ;
#1872 = CARTESIAN_POINT ( 'NONE',  ( 0.05990657188762830987, 0.9010000000000001341, -0.01541684573134549305 ) ) ;
#1873 = COLOUR_RGB ( '',0.9411764705882352811, 0.9411764705882352811, 0.9411764705882352811 ) ;
#1874 = EDGE_CURVE ( 'NONE', #238, #5058, #5692, .T. ) ;
#1875 = CARTESIAN_POINT ( 'NONE',  ( 0.1362951414625118707, 0.9000000000000000222, 0.02315630041107206299 ) ) ;
#1876 = CARTESIAN_POINT ( 'NONE',  ( 0.06453654690714455411, 0.8999999999999996891, 0.04344869368045998353 ) ) ;
#1877 = FACE_OUTER_BOUND ( 'NONE', #3702, .T. ) ;
#1878 = CARTESIAN_POINT ( 'NONE',  ( -0.03294633673613218960, 0.8999999999999999112, 0.05005092748311967821 ) ) ;
#1879 = ORIENTED_EDGE ( 'NONE', *, *, #5336, .T. ) ;
#1880 = DIRECTION ( 'NONE',  ( 0.000000000000000000, 0.000000000000000000, -1.000000000000000000 ) ) ;
#1881 = ORIENTED_EDGE ( 'NONE', *, *, #2905, .T. ) ;
#1882 = CARTESIAN_POINT ( 'NONE',  ( 0.1234514080223678284, 0.9000000000000003553, 0.002546613347195417036 ) ) ;
#1883 = SURFACE_STYLE_FILL_AREA ( #2421 ) ;
#1884 = CARTESIAN_POINT ( 'NONE',  ( -0.1275444001782503334, 0.9000000000000001332, 0.04484735562173475937 ) ) ;
#1885 = MANIFOLD_SOLID_BREP ( 'Fillet2', #6169 ) ;
#1886 = ORIENTED_EDGE ( 'NONE', *, *, #1609, .T. ) ;
#1887 = FILL_AREA_STYLE ('',( #4253 ) ) ;
#1888 = CARTESIAN_POINT ( 'NONE',  ( -0.04588955147769741699, 0.9010000000000001341, 0.01693362510097122173 ) ) ;
#1889 = CARTESIAN_POINT ( 'NONE',  ( 0.1073364532122401405, 0.8999999999999999112, 0.02349725292308342192 ) ) ;
#1890 = CARTESIAN_POINT ( 'NONE',  ( -0.02684522717435595257, 0.9010000000000001341, 0.04954742021169246391 ) ) ;
#1891 = SURFACE_STYLE_USAGE ( .BOTH. , #427 ) ;
#1892 = CARTESIAN_POINT ( 'NONE',  ( -0.1254142854540808982, 0.9000000000000001332, -0.001331284055341868094 ) ) ;
#1893 = CARTESIAN_POINT ( 'NONE',  ( 0.1088893794878892513, 0.9000000000000002442, 0.02616936667796914903 ) ) ;
#1894 = VECTOR ( 'NONE', #4708, 1000.000000000000000 ) ;
#1895 = CARTESIAN_POINT ( 'NONE',  ( -0.07856367496635910386, 0.8999999999999998002, -0.03030162933954572840 ) ) ;
#1896 = CARTESIAN_POINT ( 'NONE',  ( 0.08768401422291792480, 0.9010000000000000231, 0.02042165176963665896 ) ) ;
#1897 = AXIS2_PLACEMENT_3D ( 'NONE', #2816, #3195, #804 ) ;
#1898 = CARTESIAN_POINT ( 'NONE',  ( -0.1431341460650974173, 0.9009999999999999121, 0.007674721884922069449 ) ) ;
#1899 = CARTESIAN_POINT ( 'NONE',  ( 0.05521175019506600889, 0.8999999999999999112, 0.02577254636336517510 ) ) ;
#1900 = FACE_OUTER_BOUND ( 'NONE', #545, .T. ) ;
#1901 = DIRECTION ( 'NONE',  ( 0.000000000000000000, 0.000000000000000000, -1.000000000000000000 ) ) ;
#1902 = EDGE_LOOP ( 'NONE', ( #2412, #2517, #3447 ) ) ;
#1903 = EDGE_CURVE ( 'NONE', #870, #2605, #4755, .T. ) ;
#1904 = CARTESIAN_POINT ( 'NONE',  ( -0.03328688160792706019, 0.9000000000000000222, 0.03210220953440172387 ) ) ;
#1905 = CARTESIAN_POINT ( 'NONE',  ( 0.1515617158239220552, 0.9010000000000000231, 0.03303352793416490518 ) ) ;
#1906 = CARTESIAN_POINT ( 'NONE',  ( -0.1433351879664146178, 0.9010000000000000231, 0.003164554580687270816 ) ) ;
#1907 = CARTESIAN_POINT ( 'NONE',  ( 0.04467786198181653706, 0.9010000000000000231, 0.05005092748311967821 ) ) ;
#1908 = CARTESIAN_POINT ( 'NONE',  ( -0.1422795125334685995, 0.9009999999999996900, -0.01992421525497816218 ) ) ;
#1909 = CARTESIAN_POINT ( 'NONE',  ( -0.1065259924938386366, 0.9000000000000000222, 0.05000623150950153639 ) ) ;
#1910 = ADVANCED_FACE ( 'NONE', ( #969 ), #2266, .F. ) ;
#1911 = EDGE_LOOP ( 'NONE', ( #2062, #2780, #2040, #105, #4189, #1475, #1412, #4693 ) ) ;
#1912 = CARTESIAN_POINT ( 'NONE',  ( 0.1446051914462124777, 0.9000000000000003553, -0.004162688792818869041 ) ) ;
#1913 = CARTESIAN_POINT ( 'NONE',  ( -0.09361491809752087168, 0.9010000000000001341, 0.006436198783255781160 ) ) ;
#1914 = SURFACE_STYLE_USAGE ( .BOTH. , #7 ) ;
#1915 = VERTEX_POINT ( 'NONE', #2257 ) ;
#1916 = CARTESIAN_POINT ( 'NONE',  ( 0.1221818683920729426, 0.9000000000000000222, -0.03712855969636751075 ) ) ;
#1917 = CARTESIAN_POINT ( 'NONE',  ( -0.05852789401402551384, 0.9009999999999999121, -0.0006233024475048574466 ) ) ;
#1918 = FILL_AREA_STYLE_COLOUR ( '', #2029 ) ;
#1919 = B_SPLINE_CURVE_WITH_KNOTS ( 'NONE', 3,
 ( #3046, #3512, #2585, #4010, #4042, #5910, #4982, #1600, #691, #5447, #4951, #2075, #2553, #656, #3077, #4479 ),
 .UNSPECIFIED., .F., .F.,
 ( 4, 3, 3, 3, 3, 4 ),
 ( 0.000000000000000000, 1.010940986815027756E-06, 1.933591621084579624E-06, 2.632595132266209034E-06, 3.201352646834013547E-06, 3.647884843224864818E-06 ),
 .UNSPECIFIED. ) ;
#1920 = ORIENTED_EDGE ( 'NONE', *, *, #1180, .T. ) ;
#1921 = PRESENTATION_STYLE_ASSIGNMENT (( #13 ) ) ;
#1922 = DIRECTION ( 'NONE',  ( -0.000000000000000000, -1.000000000000000000, -0.000000000000000000 ) ) ;
#1923 = CARTESIAN_POINT ( 'NONE',  ( 0.1356955000921907795, 0.9000000000000002442, 0.02445146269420372595 ) ) ;
#1924 = CARTESIAN_POINT ( 'NONE',  ( 0.6489175192122752511, 0.0001483273524840350338, -0.3987558495093769251 ) ) ;
#1925 = CARTESIAN_POINT ( 'NONE',  ( 0.1232712711068675998, 0.9000000000000000222, -0.05505439648655075652 ) ) ;
#1926 = CARTESIAN_POINT ( 'NONE',  ( -0.6499767431879637236, 0.001628334437939663211, 0.3999733464888127754 ) ) ;
#1927 =( NAMED_UNIT ( * ) SI_UNIT ( $, .STERADIAN. ) SOLID_ANGLE_UNIT ( ) );
#1928 = CARTESIAN_POINT ( 'NONE',  ( -0.05852789401402551384, 0.8999999999999999112, -0.0006233024475048574466 ) ) ;
#1929 = DIRECTION ( 'NONE',  ( 0.000000000000000000, 0.000000000000000000, 1.000000000000000000 ) ) ;
#1931 = CARTESIAN_POINT ( 'NONE',  ( -0.1143901680379718899, 0.9009999999999998010, 0.04976978246409321377 ) ) ;
#1930 = AXIS2_PLACEMENT_3D ( 'NONE', #5957, #4523, #249 ) ;
#1932 = CARTESIAN_POINT ( 'NONE',  ( -0.07598661486874927484, 0.9010000000000000231, 0.01114848166613261436 ) ) ;
#1933 = CARTESIAN_POINT ( 'NONE',  ( -0.1214463294316903835, 0.8999999999999996891, 0.04803869090871933784 ) ) ;
#1934 = EDGE_CURVE ( 'NONE', #79, #387, #2369, .T. ) ;
#1935 = CARTESIAN_POINT ( 'NONE',  ( -0.06163879399251287472, 0.9000000000000001332, 0.006638098103616060439 ) ) ;
#1936 = ORIENTED_EDGE ( 'NONE', *, *, #3170, .F. ) ;
#1937 = SURFACE_STYLE_FILL_AREA ( #5378 ) ;
#1938 = CARTESIAN_POINT ( 'NONE',  ( 0.1552529364205414986, 0.9009999999999999121, 0.02097654845759605244 ) ) ;
#1939 = CARTESIAN_POINT ( 'NONE',  ( 0.06279612400159835517, 0.9010000000000004672, 0.04486787705809487659 ) ) ;
#1940 = CARTESIAN_POINT ( 'NONE',  ( -0.1328552766680482222, 0.9000000000000000222, -0.04467211360022623617 ) ) ;
#1941 = FILL_AREA_STYLE ('',( #2976 ) ) ;
#1942 = ORIENTED_EDGE ( 'NONE', *, *, #1027, .F. ) ;
#1943 = EDGE_LOOP ( 'NONE', ( #4018, #4465, #438, #1503 ) ) ;
#1944 =( NAMED_UNIT ( * ) PLANE_ANGLE_UNIT ( ) SI_UNIT ( $, .RADIAN. ) );
#1945 = CARTESIAN_POINT ( 'NONE',  ( -0.1045960826406048677, 0.9009999999999994680, -0.05476435226409975127 ) ) ;
#1946 = ORIENTED_EDGE ( 'NONE', *, *, #1663, .T. ) ;
#1947 = FACE_BOUND ( 'NONE', #1716, .T. ) ;
#1948 = CARTESIAN_POINT ( 'NONE',  ( -0.1115736078833780287, 0.9010000000000002451, -0.03701835041680134192 ) ) ;
#1949 = CARTESIAN_POINT ( 'NONE',  ( 0.7980000000000000426, 0.002000000000000000042, -0.3980000000000000204 ) ) ;
#1950 = B_SPLINE_SURFACE_WITH_KNOTS ( 'NONE', 3, 1, ( 
 ( #4958, #4551 ),
 ( #5427, #5980 ),
 ( #3610, #4923 ),
 ( #605, #2524 ),
 ( #2593, #637 ),
 ( #150, #3555 ),
 ( #4457, #3954 ),
 ( #210, #2562 ),
 ( #182, #700 ),
 ( #2083, #4488 ),
 ( #5456, #2110 ) ),
 .UNSPECIFIED., .F., .F., .F.,
 ( 4, 1, 1, 1, 1, 1, 1, 1, 4 ),
 ( 2, 2 ),
 ( 0.000000000000000000, 0.1389342360692885081, 0.2723713666678135303, 0.4007019795223951131, 0.5249153332245818371, 0.6467750113322136007, 0.7657064925031568103, 0.8831152256608792994, 1.000000000000000000 ),
 ( 0.000000000000000000, 1.000000000000000000 ),
 .UNSPECIFIED. ) ;
#1951 = VERTEX_POINT ( 'NONE', #4148 ) ;
#1952 = CARTESIAN_POINT ( 'NONE',  ( 0.6496535543390042911, 0.8992177678246284778, -0.3996025823641714547 ) ) ;
#1953 = CARTESIAN_POINT ( 'NONE',  ( -0.1126727027438633455, 0.9009999999999999121, 0.03168219816481541301 ) ) ;
#1954 = SURFACE_STYLE_USAGE ( .BOTH. , #5821 ) ;
#1955 = CARTESIAN_POINT ( 'NONE',  ( 0.1317776326779539209, 0.9000000000000001332, 0.02886913158716699138 ) ) ;
#1956 = CARTESIAN_POINT ( 'NONE',  ( 0.09513923709199702261, 0.8999999999999998002, 0.03878399252164615313 ) ) ;
#1957 = CARTESIAN_POINT ( 'NONE',  ( -0.6493908290821999163, 0.0004807192204495632296, 0.3993006867082073974 ) ) ;
#1958 = FILL_AREA_STYLE ('',( #3868 ) ) ;
#1959 = DIRECTION ( 'NONE',  ( -1.000000000000000000, 0.000000000000000000, 0.000000000000000000 ) ) ;
#1960 =( LENGTH_UNIT ( ) NAMED_UNIT ( * ) SI_UNIT ( .MILLI., .METRE. ) );
#1961 = CARTESIAN_POINT ( 'NONE',  ( 0.03239982441446347117, 0.8999999999999998002, 0.04803869090871935865 ) ) ;
#1962 = CARTESIAN_POINT ( 'NONE',  ( -0.02042396852773876309, 0.9010000000000000231, 0.01506478040315349654 ) ) ;
#1963 = EDGE_CURVE ( 'NONE', #5850, #162, #3051, .T. ) ;
#1964 = CARTESIAN_POINT ( 'NONE',  ( 0.04467786198181653706, 0.9010000000000000231, 0.05005092748311967821 ) ) ;
#1965 = CIRCLE ( 'NONE', #2445, 0.001999999999999994404 ) ;
#1966 = CARTESIAN_POINT ( 'NONE',  ( -0.1275444001782503334, 0.9000000000000000222, 0.04484735562173475937 ) ) ;
#1967 = CARTESIAN_POINT ( 'NONE',  ( 0.6496535543390042911, 0.0007822321753715084404, 0.3996025823641713992 ) ) ;
#1968 = ORIENTED_EDGE ( 'NONE', *, *, #5112, .T. ) ;
#1969 =( LENGTH_UNIT ( ) NAMED_UNIT ( * ) SI_UNIT ( .MILLI., .METRE. ) );
#1970 = CARTESIAN_POINT ( 'NONE',  ( 0.6492970924032266389, 0.8996261930578581811, -0.3991929659193230173 ) ) ;
#1971 = VECTOR ( 'NONE', #1512, 1000.000000000000000 ) ;
#1972 = CARTESIAN_POINT ( 'NONE',  ( -0.04592710596690142977, 0.8999999999999999112, 0.01789948517542736678 ) ) ;
#1973 = CARTESIAN_POINT ( 'NONE',  ( 0.1280111011512378993, 0.8999999999999999112, -0.03568168892996764069 ) ) ;
#1974 = EDGE_LOOP ( 'NONE', ( #2300, #1946, #4345 ) ) ;
#1975 = EDGE_CURVE ( 'NONE', #894, #1857, #5125, .T. ) ;
#1976 = ORIENTED_EDGE ( 'NONE', *, *, #313, .T. ) ;
#1977 = CARTESIAN_POINT ( 'NONE',  ( -0.6482627733115841062, 0.000000000000000000, -0.3979999999999999094 ) ) ;
#1978 = CARTESIAN_POINT ( 'NONE',  ( -0.6484832003429488179, 0.000000000000000000, 0.3982548875554663415 ) ) ;
#1979 = ORIENTED_EDGE ( 'NONE', *, *, #3021, .F. ) ;
#1980 = FACE_OUTER_BOUND ( 'NONE', #1911, .T. ) ;
#1981 = CARTESIAN_POINT ( 'NONE',  ( 0.000000000000000000, 0.9000000000000000222, 0.4000000000000000222 ) ) ;
#1982 = MECHANICAL_DESIGN_GEOMETRIC_PRESENTATION_REPRESENTATION (  '', ( #3879 ), #5170 ) ;
#1983 = EDGE_CURVE ( 'NONE', #885, #3386, #437, .T. ) ;
#1984 = ORIENTED_EDGE ( 'NONE', *, *, #557, .F. ) ;
#1985 = CARTESIAN_POINT ( 'NONE',  ( 0.6495274362460350392, 0.8993848158228779921, -0.3994577499140557486 ) ) ;
#1986 = CARTESIAN_POINT ( 'NONE',  ( 0.01501480317014374476, 0.9000000000000000222, -0.03422900812207960164 ) ) ;
#1987 = LINE ( 'NONE', #5326, #5667 ) ;
#1988 = CARTESIAN_POINT ( 'NONE',  ( 0.1248990954384159996, 0.9000000000000004663, 0.03186748849620516660 ) ) ;
#1989 = UNCERTAINTY_MEASURE_WITH_UNIT (LENGTH_MEASURE( 1.000000000000000082E-05 ), #5440, 'distance_accuracy_value', 'NONE');
#1990 = CARTESIAN_POINT ( 'NONE',  ( 0.08828812155769999448, 0.9010000000000000231, 0.02398731132899512009 ) ) ;
#1991 = CARTESIAN_POINT ( 'NONE',  ( 0.03285261783061165647, 0.9000000000000003553, 0.02484074395873171748 ) ) ;
#1992 = ADVANCED_FACE ( 'NONE', ( #377 ), #3985, .T. ) ;
#1993 = CARTESIAN_POINT ( 'NONE',  ( -0.07542312248097131355, 0.9009999999999999121, -0.004069255259697149990 ) ) ;
#1994 = CARTESIAN_POINT ( 'NONE',  ( 1.108484219145106087, 0.000000000000000000, 8.924125261806806511E-17 ) ) ;
#1995 = CARTESIAN_POINT ( 'NONE',  ( -0.09698004493394642156, 0.9009999999999998010, 0.04803701660392661194 ) ) ;
#1996 = COLOUR_RGB ( '',0.9411764705882352811, 0.9411764705882352811, 0.9411764705882352811 ) ;
#1997 = CARTESIAN_POINT ( 'NONE',  ( -0.1210770928777465949, 0.9009999999999996900, -0.02979219464340983337 ) ) ;
#1998 = LINE ( 'NONE', #3876, #6024 ) ;
#1999 = ORIENTED_EDGE ( 'NONE', *, *, #978, .F. ) ;
#2000 = COLOUR_RGB ( '',0.9411764705882352811, 0.9411764705882352811, 0.9411764705882352811 ) ;
#2001 = CARTESIAN_POINT ( 'NONE',  ( 0.1195523720079947755, 0.9000000000000003553, -0.01606785517955037351 ) ) ;
#2002 = CARTESIAN_POINT ( 'NONE',  ( -0.04025313927853307189, 0.9010000000000000231, 0.02983146877488832005 ) ) ;
#2003 = CARTESIAN_POINT ( 'NONE',  ( 0.1190756527609752591, 0.9009999999999998010, -0.05500801134452776298 ) ) ;
#2004 = SURFACE_SIDE_STYLE ('',( #3385 ) ) ;
#2005 = CARTESIAN_POINT ( 'NONE',  ( 0.1185644501376800497, 0.9009999999999999121, 0.001667867613053147487 ) ) ;
#2006 = AXIS2_PLACEMENT_3D ( 'NONE', #2711, #4527, #3120 ) ;
#2007 = VERTEX_POINT ( 'NONE', #998 ) ;
#2008 = ORIENTED_EDGE ( 'NONE', *, *, #247, .T. ) ;
#2009 = CARTESIAN_POINT ( 'NONE',  ( -0.07955233121978194655, 0.9009999999999996900, -0.03322218005148537545 ) ) ;
#2010 = ORIENTED_EDGE ( 'NONE', *, *, #3535, .T. ) ;
#2011 = CARTESIAN_POINT ( 'NONE',  ( -0.01334657485218893568, 0.9009999999999999121, -0.005805861075406997321 ) ) ;
#2012 = CARTESIAN_POINT ( 'NONE',  ( 0.02961955391515964583, 0.9010000000000001341, -0.05166421287777334115 ) ) ;
#2013 = SURFACE_SIDE_STYLE ('',( #4852 ) ) ;
#2014 = DIRECTION ( 'NONE',  ( -1.000000000000000000, 0.000000000000000000, -0.000000000000000000 ) ) ;
#2015 = EDGE_CURVE ( 'NONE', #2948, #101, #3025, .T. ) ;
#2016 = MANIFOLD_SOLID_BREP ( 'Boss-Extrude3', #5182 ) ;
#2017 = CARTESIAN_POINT ( 'NONE',  ( -0.1209935360155422607, 0.9010000000000001341, 0.02484074395873172095 ) ) ;
#2018 = CARTESIAN_POINT ( 'NONE',  ( 0.09290959279573006435, 0.9000000000000001332, -0.03081027932911266018 ) ) ;
#2019 = CARTESIAN_POINT ( 'NONE',  ( 0.1362951414625118707, 0.9000000000000000222, 0.02315630041107206299 ) ) ;
#2020 = CARTESIAN_POINT ( 'NONE',  ( 0.03291989347011176764, 0.9000000000000000222, -0.05325541046488354441 ) ) ;
#2021 = FILL_AREA_STYLE_COLOUR ( '', #1107 ) ;
#2022 = FACE_OUTER_BOUND ( 'NONE', #475, .T. ) ;
#2023 = CARTESIAN_POINT ( 'NONE',  ( -0.05748022250366413566, 0.9000000000000001332, -0.002840743715186448432 ) ) ;
#2024 = DIRECTION ( 'NONE',  ( 0.000000000000000000, 0.000000000000000000, 1.000000000000000000 ) ) ;
#2025 = DIRECTION ( 'NONE',  ( 1.000000000000000000, -0.000000000000000000, 0.000000000000000000 ) ) ;
#2026 = EDGE_CURVE ( 'NONE', #6127, #5316, #970, .T. ) ;
#2027 = CARTESIAN_POINT ( 'NONE',  ( 0.01207987255814697500, 0.8999999999999996891, 0.01952557634894604502 ) ) ;
#2028 = CARTESIAN_POINT ( 'NONE',  ( -0.02602699895328370802, 0.9010000000000003562, 0.02988576348018040507 ) ) ;
#2029 = COLOUR_RGB ( '',0.9411764705882352811, 0.9411764705882352811, 0.9411764705882352811 ) ;
#2030 = CARTESIAN_POINT ( 'NONE',  ( -0.1392123269851533174, 0.8999999999999998002, 0.02885411966180112184 ) ) ;
#2031 = CARTESIAN_POINT ( 'NONE',  ( -0.06355739415806824222, 0.9010000000000002451, 0.01408194306874738407 ) ) ;
#2032 = ORIENTED_EDGE ( 'NONE', *, *, #4264, .T. ) ;
#2033 = VECTOR ( 'NONE', #5678, 1000.000000000000000 ) ;
#2034 =( GEOMETRIC_REPRESENTATION_CONTEXT ( 3 ) GLOBAL_UNCERTAINTY_ASSIGNED_CONTEXT ( ( #2991 ) ) GLOBAL_UNIT_ASSIGNED_CONTEXT ( ( #5056, #6045, #4498 ) ) REPRESENTATION_CONTEXT ( 'NONE', 'WORKASPACE' ) );
#2035 = CARTESIAN_POINT ( 'NONE',  ( 0.1409495269312579513, 0.9009999999999998010, -0.006302255237921646457 ) ) ;
#2036 = CARTESIAN_POINT ( 'NONE',  ( -0.04579615153301829639, 0.9000000000000001332, 0.02074495489224231770 ) ) ;
#2037 = FACE_OUTER_BOUND ( 'NONE', #5751, .T. ) ;
#2038 = FILL_AREA_STYLE_COLOUR ( '', #2197 ) ;
#2039 = CARTESIAN_POINT ( 'NONE',  ( -0.04226894854200433788, 0.9010000000000001341, 0.04876587189489187124 ) ) ;
#2040 = ORIENTED_EDGE ( 'NONE', *, *, #4549, .T. ) ;
#2041 = B_SPLINE_SURFACE_WITH_KNOTS ( 'NONE', 3, 1, ( 
 ( #1860, #4256 ),
 ( #947, #2926 ),
 ( #4292, #2425 ),
 ( #547, #912 ),
 ( #5733, #3332 ),
 ( #2897, #1889 ),
 ( #3771, #5232 ),
 ( #1016, #2865 ),
 ( #4768, #3862 ),
 ( #1454, #15 ),
 ( #5765, #3422 ),
 ( #3835, #4798 ),
 ( #1481, #3397 ),
 ( #4830, #2463 ),
 ( #4355, #3307 ) ),
 .UNSPECIFIED., .F., .F., .F.,
 ( 4, 1, 1, 1, 1, 1, 1, 1, 1, 1, 1, 1, 4 ),
 ( 2, 2 ),
 ( 0.000000000000000000, 0.07734635258732146246, 0.1506523054421707863, 0.2206774854153155108, 0.2865751871342058221, 0.3501884696535649821, 0.4113788387158259230, 0.4699460385526064710, 0.5282337864665739291, 0.6421944316652334894, 0.7553643229127675607, 0.8735561215980478522, 1.000000000000000000 ),
 ( 0.000000000000000000, 1.000000000000000000 ),
 .UNSPECIFIED. ) ;
#2042 = EDGE_LOOP ( 'NONE', ( #2678, #3884, #832, #4517 ) ) ;
#2043 = CARTESIAN_POINT ( 'NONE',  ( -0.07595820700300122408, 0.9010000000000004672, -0.01596909689922644884 ) ) ;
#2044 = CARTESIAN_POINT ( 'NONE',  ( -0.6495851312298106528, 0.0006898849358595701611, 0.3995240195484534573 ) ) ;
#2045 = CARTESIAN_POINT ( 'NONE',  ( -0.02084147635063435949, 0.9010000000000000231, -0.01056001686943724809 ) ) ;
#2046 = AXIS2_PLACEMENT_3D ( 'NONE', #5319, #5820, #3856 ) ;
#2047 = CARTESIAN_POINT ( 'NONE',  ( 0.1368453299305345261, 0.8999999999999999112, -0.007901796875854688249 ) ) ;
#2048 = FACE_OUTER_BOUND ( 'NONE', #2042, .T. ) ;
#2049 = ADVANCED_FACE ( 'NONE', ( #3521 ), #4542, .T. ) ;
#2050 = DIRECTION ( 'NONE',  ( 0.000000000000000000, 0.000000000000000000, -1.000000000000000000 ) ) ;
#2051 = CARTESIAN_POINT ( 'NONE',  ( 0.09732796606470117684, 0.8999999999999999112, -0.04220637961386865256 ) ) ;
#2052 = CARTESIAN_POINT ( 'NONE',  ( -0.1209935360155422607, 0.9000000000000002442, 0.02484074395873172095 ) ) ;
#2053 = FACE_OUTER_BOUND ( 'NONE', #4728, .T. ) ;
#2054 = CARTESIAN_POINT ( 'NONE',  ( 0.04401519271766411029, 0.8999999999999998002, 0.03207790524200764687 ) ) ;
#2055 = CARTESIAN_POINT ( 'NONE',  ( -0.01822745755058469141, 0.9000000000000000222, -0.009254051735940642745 ) ) ;
#2056 = DIRECTION ( 'NONE',  ( 1.446648019513275526E-13, 1.000000000000000000, -1.520399898403487706E-12 ) ) ;
#2057 = B_SPLINE_SURFACE_WITH_KNOTS ( 'NONE', 3, 1, ( 
 ( #4590, #4178 ),
 ( #5090, #2694 ),
 ( #375, #4622 ),
 ( #314, #1684 ),
 ( #2154, #2220 ),
 ( #1248, #6026 ),
 ( #5591, #4537 ),
 ( #2287, #4061 ),
 ( #5968, #4116 ),
 ( #796, #3599 ),
 ( #1215, #6052 ) ),
 .UNSPECIFIED., .F., .F., .F.,
 ( 4, 1, 1, 1, 1, 1, 1, 1, 4 ),
 ( 2, 2 ),
 ( 0.000000000000000000, 0.1227180515039702074, 0.2401431180450293301, 0.3573623765102159622, 0.4816738524649464281, 0.6078658287995974963, 0.7329554806750190332, 0.8621444613629476450, 1.000000000000000000 ),
 ( 0.000000000000000000, 1.000000000000000000 ),
 .UNSPECIFIED. ) ;
#2058 = CARTESIAN_POINT ( 'NONE',  ( 0.03429116891774839498, 0.9010000000000000231, -0.03218774024503710113 ) ) ;
#2059 = CARTESIAN_POINT ( 'NONE',  ( -0.07541428545408090933, 0.9010000000000000231, -0.002473110978418791451 ) ) ;
#2060 = CARTESIAN_POINT ( 'NONE',  ( 0.06048315044335499796, 0.9010000000000002451, -0.002473110978418791451 ) ) ;
#2061 = FACE_OUTER_BOUND ( 'NONE', #4317, .T. ) ;
#2062 = ORIENTED_EDGE ( 'NONE', *, *, #3773, .T. ) ;
#2063 = CARTESIAN_POINT ( 'NONE',  ( -0.09336300340279884979, 0.9010000000000000231, -0.002473110978418791451 ) ) ;
#2064 = ORIENTED_EDGE ( 'NONE', *, *, #2480, .T. ) ;
#2065 = CARTESIAN_POINT ( 'NONE',  ( 0.1002067081356627226, 0.9010000000000000231, -0.04578240585021366854 ) ) ;
#2066 = CARTESIAN_POINT ( 'NONE',  ( 0.1368453299305345261, 0.8999999999999999112, -0.007901796875854688249 ) ) ;
#2067 = CARTESIAN_POINT ( 'NONE',  ( 0.1358733312168720342, 0.9000000000000002442, 0.01126209793773976474 ) ) ;
#2068 = CARTESIAN_POINT ( 'NONE',  ( -0.02602699895328370802, 0.9000000000000003553, 0.02988576348018040507 ) ) ;
#2069 = CARTESIAN_POINT ( 'NONE',  ( -0.01505771494126039757, 0.9010000000000000231, -0.04702439302970084362 ) ) ;
#2070 = ADVANCED_FACE ( 'NONE', ( #152 ), #3142, .T. ) ;
#2071 = ORIENTED_EDGE ( 'NONE', *, *, #3858, .F. ) ;
#2072 = EDGE_CURVE ( 'NONE', #765, #3476, #658, .T. ) ;
#2073 = CARTESIAN_POINT ( 'NONE',  ( -0.09759094290604981847, 0.9010000000000002451, -0.05300480243248664042 ) ) ;
#2074 =( GEOMETRIC_REPRESENTATION_CONTEXT ( 3 ) GLOBAL_UNCERTAINTY_ASSIGNED_CONTEXT ( ( #4049 ) ) GLOBAL_UNIT_ASSIGNED_CONTEXT ( ( #3217, #3125, #344 ) ) REPRESENTATION_CONTEXT ( 'NONE', 'WORKASPACE' ) );
#2075 = CARTESIAN_POINT ( 'NONE',  ( -0.6499200829467802754, 0.8986268448232854755, 0.3999083835508947526 ) ) ;
#2076 = CARTESIAN_POINT ( 'NONE',  ( -0.01109077317014957667, 0.9010000000000000231, -0.003706659479375993931 ) ) ;
#2077 = FACE_OUTER_BOUND ( 'NONE', #1974, .T. ) ;
#2078 =( NAMED_UNIT ( * ) PLANE_ANGLE_UNIT ( ) SI_UNIT ( $, .RADIAN. ) );
#2079 = CARTESIAN_POINT ( 'NONE',  ( 0.05401431058997251816, 0.8999999999999999112, -0.05377069934923397326 ) ) ;
#2080 = CARTESIAN_POINT ( 'NONE',  ( 0.07198220229311308449, 0.9000000000000001332, -0.03841954792534682528 ) ) ;
#2081 = DIRECTION ( 'NONE',  ( -0.000000000000000000, -1.000000000000000000, 0.000000000000000000 ) ) ;
#2082 = SURFACE_STYLE_FILL_AREA ( #2523 ) ;
#2083 = CARTESIAN_POINT ( 'NONE',  ( 0.09969443613472260546, 0.9010000000000001341, -0.04521764724465852231 ) ) ;
#2084 = CARTESIAN_POINT ( 'NONE',  ( 0.1206794645459190879, 0.9010000000000000231, 0.05005092748311967821 ) ) ;
#2085 = CARTESIAN_POINT ( 'NONE',  ( 0.06621884012298266675, 0.9000000000000000222, 0.04188868003568389786 ) ) ;
#2086 = CARTESIAN_POINT ( 'NONE',  ( 0.03089616759096265597, 0.8999999999999996891, -0.02517263168873113896 ) ) ;
#2087 = CARTESIAN_POINT ( 'NONE',  ( 0.02116463192168956814, 0.9010000000000002451, 0.04012640489766581414 ) ) ;
#2088 = SPHERICAL_SURFACE ( 'NONE', #704, 0.002000000000000000042 ) ;
#2089 = CARTESIAN_POINT ( 'NONE',  ( -0.1092484200694655294, 0.9000000000000000222, -0.03712855969636751075 ) ) ;
#2090 = CARTESIAN_POINT ( 'NONE',  ( 0.6496986715062429418, 0.0008556674385738603393, 0.3996543745754762567 ) ) ;
#2091 = CARTESIAN_POINT ( 'NONE',  ( -0.1209262603760421217, 0.9010000000000003562, -0.05325541046488356522 ) ) ;
#2092 = FACE_OUTER_BOUND ( 'NONE', #3454, .T. ) ;
#2093 = FACE_OUTER_BOUND ( 'NONE', #1076, .T. ) ;
#2094 = CARTESIAN_POINT ( 'NONE',  ( -0.02826738363598399126, 0.9009999999999999121, 0.03117846460466699304 ) ) ;
#2095 = CARTESIAN_POINT ( 'NONE',  ( -0.05507873615008900686, 0.9010000000000000231, 0.04059183390647280731 ) ) ;
#2096 = CARTESIAN_POINT ( 'NONE',  ( -0.1254142854540808982, 0.9000000000000001332, -0.001331284055341868094 ) ) ;
#2097 = EDGE_CURVE ( 'NONE', #2685, #870, #5570, .T. ) ;
#2098 = EDGE_LOOP ( 'NONE', ( #4252, #5073, #2456, #4574 ) ) ;
#2099 = MECHANICAL_DESIGN_GEOMETRIC_PRESENTATION_REPRESENTATION (  '', ( #3996 ), #5000 ) ;
#2100 = CARTESIAN_POINT ( 'NONE',  ( 0.01966169670463408653, 0.9009999999999996900, 0.03820937448549744514 ) ) ;
#2101 = CARTESIAN_POINT ( 'NONE',  ( 0.02949606737954797372, 0.9010000000000000231, 0.01459980522673834553 ) ) ;
#2102 = DIRECTION ( 'NONE',  ( 1.000000000000000000, 0.000000000000000000, 0.000000000000000000 ) ) ;
#2103 = DIRECTION ( 'NONE',  ( 0.000000000000000000, 0.000000000000000000, -1.000000000000000000 ) ) ;
#2104 = EDGE_CURVE ( 'NONE', #6127, #4248, #693, .T. ) ;
#2105 = CARTESIAN_POINT ( 'NONE',  ( 0.6500000000000001332, 0.002000000000000048614, -0.4000000000000000222 ) ) ;
#2106 = VECTOR ( 'NONE', #2145, 1000.000000000000000 ) ;
#2107 = CARTESIAN_POINT ( 'NONE',  ( 0.05841265868871241274, 0.9000000000000001332, -0.05208803695162563668 ) ) ;
#2108 = CARTESIAN_POINT ( 'NONE',  ( 0.02869453120514490682, 0.9010000000000000231, -0.01117624724700897604 ) ) ;
#2109 = LINE ( 'NONE', #5479, #3341 ) ;
#2110 = CARTESIAN_POINT ( 'NONE',  ( 0.1002067081356627226, 0.9000000000000000222, -0.04578240585021366854 ) ) ;
#2111 = UNCERTAINTY_MEASURE_WITH_UNIT (LENGTH_MEASURE( 1.000000000000000082E-05 ), #3232, 'distance_accuracy_value', 'NONE');
#2112 = CARTESIAN_POINT ( 'NONE',  ( -0.1028196660660438411, 0.9000000000000000222, -0.03529417692304604587 ) ) ;
#2113 =( NAMED_UNIT ( * ) PLANE_ANGLE_UNIT ( ) SI_UNIT ( $, .RADIAN. ) );
#2114 = CARTESIAN_POINT ( 'NONE',  ( 0.1106960510203145454, 0.8999999999999998002, 0.04884685613186517256 ) ) ;
#2115 = DIRECTION ( 'NONE',  ( -0.000000000000000000, -1.000000000000000000, -0.000000000000000000 ) ) ;
#2116 = CARTESIAN_POINT ( 'NONE',  ( 0.03429116891774839498, 0.8999999999999998002, -0.03218774024503710113 ) ) ;
#2117 = CARTESIAN_POINT ( 'NONE',  ( 0.1501029893764364576, 0.9009999999999999121, -0.02563368281385003389 ) ) ;
#2118 = CARTESIAN_POINT ( 'NONE',  ( -0.1039599314786992801, 0.9010000000000000231, 0.04976801119537206664 ) ) ;
#2119 = ORIENTED_EDGE ( 'NONE', *, *, #2751, .F. ) ;
#2120 = CARTESIAN_POINT ( 'NONE',  ( -0.1016922942503337007, 0.9010000000000000231, 0.02942924365035957252 ) ) ;
#2121 = CARTESIAN_POINT ( 'NONE',  ( 0.6492970924032265279, 0.8996261930578581811, 0.3991929659193230728 ) ) ;
#2122 = B_SPLINE_CURVE_WITH_KNOTS ( 'NONE', 3,
 ( #740, #5901, #710, #2635, #6023, #2121, #1213, #5003, #5525, #2664, #1185, #3095, #1245, #4533, #257, #681 ),
 .UNSPECIFIED., .F., .F.,
 ( 4, 3, 3, 3, 3, 4 ),
 ( 0.000000000000000000, 1.010940986815027756E-06, 1.933591621084579624E-06, 2.632595132266209034E-06, 3.201352646834013547E-06, 3.647884843224864818E-06 ),
 .UNSPECIFIED. ) ;
#2123 = CARTESIAN_POINT ( 'NONE',  ( 0.1422151178202767374, 0.8999999999999998002, -0.04733617602641596034 ) ) ;
#2124 = CARTESIAN_POINT ( 'NONE',  ( 0.1101055616635366330, 0.9010000000000000231, -0.05279604689752829400 ) ) ;
#2125 = CARTESIAN_POINT ( 'NONE',  ( -0.06335820104987009704, 0.9000000000000002442, 0.02474237120222437525 ) ) ;
#2126 = ADVANCED_FACE ( 'NONE', ( #4382 ), #2556, .T. ) ;
#2127 = CARTESIAN_POINT ( 'NONE',  ( 0.1370401117806839819, 0.9010000000000001341, 0.01426247521144601016 ) ) ;
#2128 = VERTEX_POINT ( 'NONE', #2587 ) ;
#2129 = CARTESIAN_POINT ( 'NONE',  ( -0.09338007811455235896, 0.9010000000000000231, -0.0009104742326478412967 ) ) ;
#2130 = CARTESIAN_POINT ( 'NONE',  ( 0.03179542211794705864, 0.9009999999999998010, 0.02281589720855810299 ) ) ;
#2131 = CARTESIAN_POINT ( 'NONE',  ( -0.004497835751196229727, 0.9009999999999998010, 0.006511813943554324927 ) ) ;
#2132 = CARTESIAN_POINT ( 'NONE',  ( 0.03646992071202859176, 0.9009999999999999121, -0.05432422426270084453 ) ) ;
#2133 = FILL_AREA_STYLE_COLOUR ( '', #4069 ) ;
#2134 = CARTESIAN_POINT ( 'NONE',  ( 0.07528247887979473696, 0.8999999999999998002, -0.03030162933954570759 ) ) ;
#2135 = FACE_OUTER_BOUND ( 'NONE', #5694, .T. ) ;
#2136 = STYLED_ITEM ( 'NONE', ( #431 ), #5790 ) ;
#2137 =( GEOMETRIC_REPRESENTATION_CONTEXT ( 3 ) GLOBAL_UNCERTAINTY_ASSIGNED_CONTEXT ( ( #914 ) ) GLOBAL_UNIT_ASSIGNED_CONTEXT ( ( #3215, #2343, #4616 ) ) REPRESENTATION_CONTEXT ( 'NONE', 'WORKASPACE' ) );
#2138 = ADVANCED_FACE ( 'NONE', ( #4514 ), #5297, .T. ) ;
#2139 = COLOUR_RGB ( '',0.9411764705882352811, 0.9411764705882352811, 0.9411764705882352811 ) ;
#2140 = B_SPLINE_SURFACE_WITH_KNOTS ( 'NONE', 3, 1, ( 
 ( #290, #4097 ),
 ( #2261, #6002 ),
 ( #1658, #381 ),
 ( #6060, #3107 ),
 ( #2699, #319 ),
 ( #4152, #5562 ),
 ( #1784, #5599 ),
 ( #1315, #835 ),
 ( #2292, #1439 ),
 ( #4689, #1347 ),
 ( #2883, #5189 ) ),
 .UNSPECIFIED., .F., .F., .F.,
 ( 4, 1, 1, 1, 1, 1, 1, 1, 4 ),
 ( 2, 2 ),
 ( 0.000000000000000000, 0.1240354330026179480, 0.2428459548115304567, 0.3603416824496163962, 0.4790424316556556317, 0.5993341100427882484, 0.7254884757708263132, 0.8585494285274629656, 1.000000000000000000 ),
 ( 0.000000000000000000, 1.000000000000000000 ),
 .UNSPECIFIED. ) ;
#2141 = CARTESIAN_POINT ( 'NONE',  ( -0.02590539170767639648, 0.9000000000000003553, 0.006085472254096219516 ) ) ;
#2142 = CARTESIAN_POINT ( 'NONE',  ( -0.1172236469202294351, 0.9000000000000003553, 0.02929533174978220592 ) ) ;
#2143 = CARTESIAN_POINT ( 'NONE',  ( -0.1086724279533542031, 0.8999999999999996891, -0.03710503881139981530 ) ) ;
#2144 = CARTESIAN_POINT ( 'NONE',  ( 0.1278851711104367628, 0.9009999999999999121, 0.04952721436369835611 ) ) ;
#2145 = DIRECTION ( 'NONE',  ( -0.000000000000000000, -1.000000000000000000, -0.000000000000000000 ) ) ;
#2146 = B_SPLINE_CURVE_WITH_KNOTS ( 'NONE', 3,
 ( #5754, #1978, #4884, #3016, #2519, #4416, #39, #2044, #5854, #3389, #972, #5727, #5287, #1566, #1008, #74 ),
 .UNSPECIFIED., .F., .F.,
 ( 4, 3, 3, 3, 3, 4 ),
 ( 0.000000000000000000, 1.010940986815004886E-06, 1.933591621084591906E-06, 2.632595132266194211E-06, 3.201352646833833553E-06, 3.647884843224889806E-06 ),
 .UNSPECIFIED. ) ;
#2147 = CARTESIAN_POINT ( 'NONE',  ( 0.01802851577523773702, 0.9009999999999998010, -0.04037444852957392666 ) ) ;
#2148 = CARTESIAN_POINT ( 'NONE',  ( 0.02822187512430632608, 0.9000000000000000222, 0.04607667239710256518 ) ) ;
#2149 = FACE_BOUND ( 'NONE', #2452, .T. ) ;
#2150 = SURFACE_STYLE_USAGE ( .BOTH. , #1298 ) ;
#2151 = CARTESIAN_POINT ( 'NONE',  ( -0.1075844668344638627, 0.9009999999999999121, 0.03205301768824950215 ) ) ;
#2152 = CARTESIAN_POINT ( 'NONE',  ( -0.1351498623771578422, 0.9010000000000000231, -0.04147551482457263738 ) ) ;
#2153 = FILL_AREA_STYLE_COLOUR ( '', #5971 ) ;
#2154 = CARTESIAN_POINT ( 'NONE',  ( -0.04047467002701090472, 0.9010000000000000231, 0.006093408410241480354 ) ) ;
#2155 = SURFACE_STYLE_FILL_AREA ( #1596 ) ;
#2156 = CARTESIAN_POINT ( 'NONE',  ( -0.09502449998746459459, 0.9000000000000001332, -0.02222262539735391645 ) ) ;
#2157 = ORIENTED_EDGE ( 'NONE', *, *, #449, .F. ) ;
#2158 = CARTESIAN_POINT ( 'NONE',  ( 0.1375099794762552619, 0.9000000000000001332, 0.04643847573952248481 ) ) ;
#2159 = CARTESIAN_POINT ( 'NONE',  ( 0.1348847435641315484, 0.9000000000000000222, 0.02564919577235347595 ) ) ;
#2160 = CARTESIAN_POINT ( 'NONE',  ( 0.04988622236745462318, 0.9010000000000001341, 0.04976801119537206664 ) ) ;
#2161 = CARTESIAN_POINT ( 'NONE',  ( 0.04415702864848320558, 0.8999999999999999112, -0.05507727764508545815 ) ) ;
#2162 = CARTESIAN_POINT ( 'NONE',  ( 0.1243283379376118880, 0.9010000000000000231, -0.01737522911072904644 ) ) ;
#2163 = ADVANCED_FACE ( 'NONE', ( #519 ), #2041, .T. ) ;
#2164 = CARTESIAN_POINT ( 'NONE',  ( 0.02951136092847858952, 0.9010000000000001341, -0.01911985382351149426 ) ) ;
#2165 = STYLED_ITEM ( 'NONE', ( #976 ), #3013 ) ;
#2166 = DIRECTION ( 'NONE',  ( 0.000000000000000000, 0.000000000000000000, 1.000000000000000000 ) ) ;
#2167 = ORIENTED_EDGE ( 'NONE', *, *, #1405, .T. ) ;
#2168 = CARTESIAN_POINT ( 'NONE',  ( 0.02099087717810566023, 0.8999999999999999112, -0.04467211360022622924 ) ) ;
#2169 = CARTESIAN_POINT ( 'NONE',  ( -0.1126727027438633455, 0.9009999999999999121, 0.03168219816481541301 ) ) ;
#2170 = CARTESIAN_POINT ( 'NONE',  ( 0.05372851976355686593, 0.9010000000000000231, -0.03291091642285882968 ) ) ;
#2171 = COLOUR_RGB ( '',0.9019607843137255054, 0.7098039215686274828, 0.4392156862745097978 ) ;
#2172 = CARTESIAN_POINT ( 'NONE',  ( 0.1243376167762554746, 0.8999999999999999112, 0.04997932687706484189 ) ) ;
#2173 = DIRECTION ( 'NONE',  ( 0.000000000000000000, 1.000000000000000000, -0.000000000000000000 ) ) ;
#2174 = ORIENTED_EDGE ( 'NONE', *, *, #5268, .T. ) ;
#2175 = STYLED_ITEM ( 'NONE', ( #4324 ), #2138 ) ;
#2176 = CARTESIAN_POINT ( 'NONE',  ( -0.7980000000000000426, 0.8979999999999999094, 0.000000000000000000 ) ) ;
#2177 = CARTESIAN_POINT ( 'NONE',  ( 0.04202898570683550467, 0.9000000000000000222, 0.05000525472347360639 ) ) ;
#2178 = CARTESIAN_POINT ( 'NONE',  ( -1.108484219145106087, 0.9000000000000000222, 8.924125261806806511E-17 ) ) ;
#2179 =( NAMED_UNIT ( * ) PLANE_ANGLE_UNIT ( ) SI_UNIT ( $, .RADIAN. ) );
#2180 = DIRECTION ( 'NONE',  ( -1.000000000000000000, -0.000000000000000000, -0.000000000000000000 ) ) ;
#2181 = EDGE_CURVE ( 'NONE', #5728, #6107, #5795, .T. ) ;
#2182 = CIRCLE ( 'NONE', #4074, 0.001999999999999994404 ) ;
#2183 = CARTESIAN_POINT ( 'NONE',  ( 0.04117345110229053695, 0.8999999999999999112, 0.03168219816481541301 ) ) ;
#2184 = CARTESIAN_POINT ( 'NONE',  ( -0.1251516226410089028, 0.9009999999999994680, -0.01117624724700897083 ) ) ;
#2185 = ORIENTED_EDGE ( 'NONE', *, *, #6134, .F. ) ;
#2186 = CARTESIAN_POINT ( 'NONE',  ( 0.04459773377668834610, 0.9010000000000000231, -0.03712855969636751075 ) ) ;
#2187 = CARTESIAN_POINT ( 'NONE',  ( -0.1351498623771578422, 0.9000000000000000222, -0.04147551482457263738 ) ) ;
#2188 = FILL_AREA_STYLE ('',( #2153 ) ) ;
#2189 = CARTESIAN_POINT ( 'NONE',  ( 0.1306466384419256443, 0.9000000000000003553, -0.05401506190712170030 ) ) ;
#2190 = SURFACE_SIDE_STYLE ('',( #4591 ) ) ;
#2191 = ORIENTED_EDGE ( 'NONE', *, *, #5395, .F. ) ;
#2192 = CARTESIAN_POINT ( 'NONE',  ( 0.1478736341426542811, 0.8999999999999999112, 0.03828274583643513640 ) ) ;
#2193 = DIRECTION ( 'NONE',  ( -0.000000000000000000, 0.000000000000000000, 1.000000000000000000 ) ) ;
#2194 = CARTESIAN_POINT ( 'NONE',  ( 0.07313009921522002632, 0.9010000000000003562, 0.03120962677902499455 ) ) ;
#2195 = DIRECTION ( 'NONE',  ( 0.4534971179101695005, 0.000000000000000000, -0.8912577427698284982 ) ) ;
#2196 = CARTESIAN_POINT ( 'NONE',  ( 0.1322780222382268223, 0.8999999999999999112, -0.02771349559380340694 ) ) ;
#2197 = COLOUR_RGB ( '',0.9019607843137255054, 0.7098039215686274828, 0.4392156862745097978 ) ;
#2198 = CARTESIAN_POINT ( 'NONE',  ( -0.009039584288976915127, 0.9010000000000003562, -0.001381045802295746130 ) ) ;
#2199 = CARTESIAN_POINT ( 'NONE',  ( -0.1433630034027988942, 0.9010000000000001341, -0.001531604568162381070 ) ) ;
#2200 = ORIENTED_EDGE ( 'NONE', *, *, #2026, .F. ) ;
#2201 = VECTOR ( 'NONE', #3066, 1000.000000000000000 ) ;
#2202 = LINE ( 'NONE', #4575, #1840 ) ;
#2203 = CARTESIAN_POINT ( 'NONE',  ( -0.003524145847754308822, 0.9000000000000002442, 0.009419085208411019997 ) ) ;
#2204 = CARTESIAN_POINT ( 'NONE',  ( -0.09338229438400474924, 0.9000000000000000222, -0.007083230377343274070 ) ) ;
#2205 = CARTESIAN_POINT ( 'NONE',  ( -0.02116276177714435797, 0.9000000000000000222, 0.04784187996370220519 ) ) ;
#2206 = EDGE_CURVE ( 'NONE', #5826, #6039, #1987, .T. ) ;
#2207 = EDGE_LOOP ( 'NONE', ( #179, #3169, #1041, #1098 ) ) ;
#2208 = CARTESIAN_POINT ( 'NONE',  ( 0.8000000000000001554, 0.000000000000000000, -0.3980000000000000204 ) ) ;
#2209 = CARTESIAN_POINT ( 'NONE',  ( 0.02846454424034329869, 0.9010000000000000231, -0.004783767752985832941 ) ) ;
#2210 =( LENGTH_UNIT ( ) NAMED_UNIT ( * ) SI_UNIT ( .MILLI., .METRE. ) );
#2211 = EDGE_CURVE ( 'NONE', #2388, #4601, #1321, .T. ) ;
#2212 = CARTESIAN_POINT ( 'NONE',  ( 0.000000000000000000, 0.002000000000000048614, 0.4000000000000000222 ) ) ;
#2213 = PRESENTATION_STYLE_ASSIGNMENT (( #4611 ) ) ;
#2214 = CARTESIAN_POINT ( 'NONE',  ( 0.03179542211794705864, 0.8999999999999998002, 0.02281589720855810299 ) ) ;
#2215 = CARTESIAN_POINT ( 'NONE',  ( -0.1249253784879881118, 0.9000000000000004663, -0.01404035714097477856 ) ) ;
#2216 = EDGE_LOOP ( 'NONE', ( #3725, #1680, #1351, #3387 ) ) ;
#2217 = CARTESIAN_POINT ( 'NONE',  ( -0.1058884164708306791, 0.9009999999999998010, -0.03670556409641050066 ) ) ;
#2218 = EDGE_CURVE ( 'NONE', #4129, #1250, #4297, .T. ) ;
#2219 = CARTESIAN_POINT ( 'NONE',  ( 0.6499341210850061445, 0.8985444178775763291, 0.3999244763379541934 ) ) ;
#2220 = CARTESIAN_POINT ( 'NONE',  ( -0.04047467002701090472, 0.8999999999999999112, 0.006093408410241480354 ) ) ;
#2221 = DIRECTION ( 'NONE',  ( -0.000000000000000000, -1.000000000000000000, -0.000000000000000000 ) ) ;
#2222 = CARTESIAN_POINT ( 'NONE',  ( 0.04953125887741578748, 0.9000000000000003553, -0.03612144464661386223 ) ) ;
#2223 = ORIENTED_EDGE ( 'NONE', *, *, #422, .T. ) ;
#2224 = DIRECTION ( 'NONE',  ( -1.000000000000000000, -0.000000000000000000, -0.000000000000000000 ) ) ;
#2225 = B_SPLINE_CURVE_WITH_KNOTS ( 'NONE', 3,
 ( #5798, #3955, #1513, #5861, #4358, #3457, #2020, #3489, #4860, #184, #5830 ),
 .UNSPECIFIED., .F., .F.,
 ( 4, 1, 1, 1, 1, 1, 1, 1, 4 ),
 ( 0.000000000000000000, 0.1323140339085643324, 0.2587000085531547255, 0.3809118214856532791, 0.5005348689728934541, 0.6209226176484478055, 0.7423757653984722760, 0.8682808341788558204, 1.000000000000000000 ),
 .UNSPECIFIED. ) ;
#2226 = CARTESIAN_POINT ( 'NONE',  ( 0.1264198771485275929, 0.9009999999999998010, 0.03152726913651421325 ) ) ;
#2227 = CARTESIAN_POINT ( 'NONE',  ( 0.05686610891220741926, 0.9009999999999998010, 0.04803701660392661887 ) ) ;
#2228 = CARTESIAN_POINT ( 'NONE',  ( 0.1401724331259361356, 0.9010000000000000231, -0.04914859162608015142 ) ) ;
#2229 = STYLED_ITEM ( 'NONE', ( #5083 ), #4246 ) ;
#2230 = ORIENTED_EDGE ( 'NONE', *, *, #185, .F. ) ;
#2231 = CARTESIAN_POINT ( 'NONE',  ( 0.02916344845652427825, 0.9010000000000000231, -0.01668914976313396609 ) ) ;
#2232 = B_SPLINE_CURVE_WITH_KNOTS ( 'NONE', 3,
 ( #1660, #4483, #4985, #4919, #1722, #1631, #3110, #2107, #3635, #4068, #3582, #5476, #178, #3551, #236, #2080, #3984, #4016, #5913, #5016, #5450, #695, #2647, #5886, #837, #1818, #2355 ),
 .UNSPECIFIED., .F., .F.,
 ( 4, 1, 1, 1, 1, 1, 1, 1, 1, 1, 1, 1, 1, 1, 1, 1, 1, 1, 1, 1, 1, 1, 1, 1, 4 ),
 ( 0.000000000000000000, 0.03663489025512712410, 0.07203398234778957132, 0.1066259706074962205, 0.1403056939382972546, 0.1736194704926826704, 0.2064256725696816119, 0.2390670061327423435, 0.2718828805625946310, 0.3048398888131204076, 0.3385290337045873676, 0.3726161878593849397, 0.4075482500265395491, 0.4437189059571695071, 0.4813115090919060091, 0.5201129981462018215, 0.5609129028334483014, 0.6040246006136038570, 0.6500745638656778569, 0.6995722277770579645, 0.7523625390892969556, 0.8087887173463875756, 0.8689542125204782197, 0.9326747199379386011, 1.000000000000000000 ),
 .UNSPECIFIED. ) ;
#2233 = ORIENTED_EDGE ( 'NONE', *, *, #4071, .T. ) ;
#2234 = PRESENTATION_LAYER_ASSIGNMENT (  '', '', ( #1728 ) ) ;
#2235 = AXIS2_PLACEMENT_3D ( 'NONE', #163, #503, #2912 ) ;
#2236 = CARTESIAN_POINT ( 'NONE',  ( -0.02817769429462230191, 0.8999999999999999112, 0.004813416952060254467 ) ) ;
#2237 = CARTESIAN_POINT ( 'NONE',  ( 0.1098232459429742403, 0.9009999999999998010, 0.02730831124737345336 ) ) ;
#2238 = CARTESIAN_POINT ( 'NONE',  ( -0.09393958195852560034, 0.8999999999999995781, -0.01541684573134548611 ) ) ;
#2239 = EDGE_CURVE ( 'NONE', #3919, #2696, #5828, .T. ) ;
#2240 = CARTESIAN_POINT ( 'NONE',  ( 0.1322780222382268223, 0.9010000000000000231, -0.02771349559380340694 ) ) ;
#2241 = VERTEX_POINT ( 'NONE', #2989 ) ;
#2242 = CARTESIAN_POINT ( 'NONE',  ( -0.1253608736877139807, 0.8999999999999999112, 0.003110909882816257407 ) ) ;
#2243 = CARTESIAN_POINT ( 'NONE',  ( 0.1294633625288037493, 0.9000000000000001332, 0.005004767288519759542 ) ) ;
#2244 = DIRECTION ( 'NONE',  ( -0.000000000000000000, -1.000000000000000000, -0.000000000000000000 ) ) ;
#2245 = FACE_BOUND ( 'NONE', #5840, .T. ) ;
#2246 = CARTESIAN_POINT ( 'NONE',  ( -0.09863440365108787355, 0.9000000000000001332, 0.02577254636336517163 ) ) ;
#2247 = CARTESIAN_POINT ( 'NONE',  ( -0.09338007811455235896, 0.9000000000000000222, -0.0009104742326478412967 ) ) ;
#2248 = SURFACE_STYLE_USAGE ( .BOTH. , #4529 ) ;
#2249 = VERTEX_POINT ( 'NONE', #4456 ) ;
#2250 = CARTESIAN_POINT ( 'NONE',  ( -0.09759094290604981847, 0.9010000000000002451, -0.05300480243248664042 ) ) ;
#2251 = DIRECTION ( 'NONE',  ( -9.050995130694665674E-13, 1.000000000000000000, -7.499319377407601706E-13 ) ) ;
#2252 = DIRECTION ( 'NONE',  ( -0.000000000000000000, -1.000000000000000000, -0.000000000000000000 ) ) ;
#2253 = FILL_AREA_STYLE_COLOUR ( '', #5121 ) ;
#2254 = DIRECTION ( 'NONE',  ( -0.000000000000000000, -1.000000000000000000, -0.000000000000000000 ) ) ;
#2255 = PRESENTATION_STYLE_ASSIGNMENT (( #4093 ) ) ;
#2256 = EDGE_CURVE ( 'NONE', #2551, #391, #4957, .T. ) ;
#2257 = CARTESIAN_POINT ( 'NONE',  ( 0.1374062273664319045, 0.9000000000000000222, 0.01749884414978634256 ) ) ;
#2258 = ORIENTED_EDGE ( 'NONE', *, *, #1176, .T. ) ;
#2259 = CARTESIAN_POINT ( 'NONE',  ( 0.06023093583533258716, 0.9010000000000000231, -0.01143877687389748335 ) ) ;
#2260 = CARTESIAN_POINT ( 'NONE',  ( 0.1202410713347285970, 0.9009999999999999121, -0.03703302972852699770 ) ) ;
#2261 = CARTESIAN_POINT ( 'NONE',  ( -0.1086858699732908828, 0.9009999999999998010, 0.03208557873180352404 ) ) ;
#2262 = CARTESIAN_POINT ( 'NONE',  ( 0.1502267401869447627, 0.9010000000000000231, -0.02885532251688032943 ) ) ;
#2263 = CARTESIAN_POINT ( 'NONE',  ( -0.05711528964149353155, 0.9000000000000000222, 0.03818119259311299196 ) ) ;
#2264 = ADVANCED_FACE ( 'NONE', ( #4487 ), #2403, .T. ) ;
#2265 = ORIENTED_EDGE ( 'NONE', *, *, #3829, .F. ) ;
#2266 = CYLINDRICAL_SURFACE ( 'NONE', #1772, 0.6084470225131334287 ) ;
#2267 = DIRECTION ( 'NONE',  ( -1.000000000000000000, 0.000000000000000000, -0.000000000000000000 ) ) ;
#2268 = ORIENTED_EDGE ( 'NONE', *, *, #1796, .T. ) ;
#2269 = CARTESIAN_POINT ( 'NONE',  ( 0.1311379873022755771, 0.9000000000000000222, 0.006067508936054320963 ) ) ;
#2270 = CARTESIAN_POINT ( 'NONE',  ( -0.01570742555061303836, 0.9000000000000000222, -0.007700538078027017834 ) ) ;
#2271 = CARTESIAN_POINT ( 'NONE',  ( -0.1214463294316903835, 0.8999999999999998002, 0.04803869090871933784 ) ) ;
#2272 = ORIENTED_EDGE ( 'NONE', *, *, #3710, .F. ) ;
#2273 = B_SPLINE_CURVE_WITH_KNOTS ( 'NONE', 3,
 ( #2484, #1564, #2919, #3478, #3076, #1688, #1627, #4981, #6000, #263, #3662, #2670, #4510, #2100, #3630, #2697, #5909, #317, #1752, #3544, #5531, #5067, #1251, #5559, #772, #231, #5502 ),
 .UNSPECIFIED., .F., .F.,
 ( 4, 1, 1, 1, 1, 1, 1, 1, 1, 1, 1, 1, 1, 1, 1, 1, 1, 1, 1, 1, 1, 1, 1, 1, 4 ),
 ( 0.000000000000000000, 0.03821733796913611564, 0.07486720303994333359, 0.1101580815531044005, 0.1444539266593009574, 0.1780797262741531661, 0.2111707725935980384, 0.2436870542144173313, 0.2758717334447992053, 0.3083755160139863838, 0.3412633249363585253, 0.3751503394709051475, 0.4096552607042130423, 0.4451573674923579027, 0.4820734672046717018, 0.5205757562184276654, 0.5605536808978380803, 0.6031075754382527743, 0.6486887095294887606, 0.6979476778875630671, 0.7507677670183533492, 0.8073094024459646079, 0.8676555707911408621, 0.9318612220995584616, 1.000000000000000000 ),
 .UNSPECIFIED. ) ;
#2274 = LINE ( 'NONE', #4167, #2436 ) ;
#2275 = CARTESIAN_POINT ( 'NONE',  ( 0.04227254596277583987, 0.9010000000000000231, -0.03701835041680134192 ) ) ;
#2276 = SURFACE_STYLE_USAGE ( .BOTH. , #4228 ) ;
#2277 = CARTESIAN_POINT ( 'NONE',  ( -0.002846559562144815314, 0.9010000000000004672, 0.02517180399075242755 ) ) ;
#2278 = CARTESIAN_POINT ( 'NONE',  ( -0.09829088801818347543, 0.9000000000000000222, 0.02523121594465813772 ) ) ;
#2279 = CARTESIAN_POINT ( 'NONE',  ( 0.1368453299305345261, 0.9010000000000000231, -0.007901796875854688249 ) ) ;
#2280 = SURFACE_STYLE_FILL_AREA ( #4087 ) ;
#2281 = ORIENTED_EDGE ( 'NONE', *, *, #2097, .F. ) ;
#2282 = CARTESIAN_POINT ( 'NONE',  ( -0.09543349515744146971, 0.8999999999999995781, -0.05208803695162561587 ) ) ;
#2283 = FILL_AREA_STYLE_COLOUR ( '', #4827 ) ;
#2284 = VECTOR ( 'NONE', #507, 1000.000000000000000 ) ;
#2285 = CARTESIAN_POINT ( 'NONE',  ( 0.000000000000000000, 0.9000000000000000222, 0.000000000000000000 ) ) ;
#2286 = AXIS2_PLACEMENT_3D ( 'NONE', #930, #4240, #5187 ) ;
#2287 = CARTESIAN_POINT ( 'NONE',  ( -0.04511658662355376437, 0.9010000000000001341, 0.01238664726053213816 ) ) ;
#2288 = CARTESIAN_POINT ( 'NONE',  ( -0.09771583917483413206, 0.9000000000000001332, -0.02961204664994143351 ) ) ;
#2289 = CARTESIAN_POINT ( 'NONE',  ( 0.05990657188762830987, 0.9000000000000001332, -0.01541684573134549305 ) ) ;
#2290 = ORIENTED_EDGE ( 'NONE', *, *, #1934, .T. ) ;
#2291 = CARTESIAN_POINT ( 'NONE',  ( 0.06048315044335499796, 0.8999999999999998002, -0.002473110978418791451 ) ) ;
#2292 = CARTESIAN_POINT ( 'NONE',  ( -0.09930106055465111325, 0.9010000000000000231, 0.02682310018442015873 ) ) ;
#2293 = CARTESIAN_POINT ( 'NONE',  ( 0.6486282395424920466, 3.333684034428517282E-05, -0.3984223011851882879 ) ) ;
#2294 = EDGE_CURVE ( 'NONE', #5165, #1764, #1695, .T. ) ;
#2295 = CARTESIAN_POINT ( 'NONE',  ( 0.7980000000000000426, 0.8979999999999999094, -0.3980000000000000204 ) ) ;
#2296 = ORIENTED_EDGE ( 'NONE', *, *, #3612, .T. ) ;
#2297 = CLOSED_SHELL ( 'NONE', ( #2070, #5984, #2811, #952, #5790, #2451, #2747, #5632, #3821, #3897, #2264, #3370, #5936, #1012, #4972, #2435, #4019, #1218 ) ) ;
#2298 = CARTESIAN_POINT ( 'NONE',  ( -0.1372041889257094860, 0.8999999999999998002, -0.03808822513632294932 ) ) ;
#2299 = CARTESIAN_POINT ( 'NONE',  ( -0.09605701822196680006, 0.8999999999999999112, 0.02032294584786753858 ) ) ;
#2300 = ORIENTED_EDGE ( 'NONE', *, *, #1792, .T. ) ;
#2301 = EDGE_CURVE ( 'NONE', #5058, #3923, #194, .T. ) ;
#2302 = CARTESIAN_POINT ( 'NONE',  ( 0.04459773377668834610, 0.8999999999999999112, 0.03210220953440172387 ) ) ;
#2303 = CARTESIAN_POINT ( 'NONE',  ( -0.02084147635063435949, 0.9000000000000000222, -0.01056001686943724809 ) ) ;
#2304 = CARTESIAN_POINT ( 'NONE',  ( -0.1417662812880069179, 0.9000000000000000222, 0.01952557634894604155 ) ) ;
#2305 =( GEOMETRIC_REPRESENTATION_CONTEXT ( 3 ) GLOBAL_UNCERTAINTY_ASSIGNED_CONTEXT ( ( #666 ) ) GLOBAL_UNIT_ASSIGNED_CONTEXT ( ( #4928, #84, #187 ) ) REPRESENTATION_CONTEXT ( 'NONE', 'WORKASPACE' ) );
#2306 = VERTEX_POINT ( 'NONE', #6162 ) ;
#2307 = CARTESIAN_POINT ( 'NONE',  ( -0.6482627733115841062, 0.9000000000000000222, -0.3979999999999999094 ) ) ;
#2308 = DIRECTION ( 'NONE',  ( -0.000000000000000000, -1.000000000000000000, -0.000000000000000000 ) ) ;
#2309 = CARTESIAN_POINT ( 'NONE',  ( 0.6500000000000001332, 0.002000000000000048614, -0.4000000000000000222 ) ) ;
#2310 = FILL_AREA_STYLE_COLOUR ( '', #3231 ) ;
#2311 = AXIS2_PLACEMENT_3D ( 'NONE', #2295, #6120, #6035 ) ;
#2312 = CARTESIAN_POINT ( 'NONE',  ( -0.08613021918020526135, 0.8999999999999995781, -0.04486961594020563021 ) ) ;
#2313 = CARTESIAN_POINT ( 'NONE',  ( 0.1106960510203145454, 0.9009999999999998010, 0.04884685613186517256 ) ) ;
#2314 = CARTESIAN_POINT ( 'NONE',  ( -0.1091682918643373246, 0.9010000000000000231, 0.05005092748311967821 ) ) ;
#2315 = CARTESIAN_POINT ( 'NONE',  ( 0.05521175019506600889, 0.9010000000000002451, 0.02577254636336517510 ) ) ;
#2316 = CARTESIAN_POINT ( 'NONE',  ( 0.1502064263095452823, 0.9009999999999999121, -0.02973160662524388168 ) ) ;
#2317 = FILL_AREA_STYLE_COLOUR ( '', #4286 ) ;
#2318 = CARTESIAN_POINT ( 'NONE',  ( -0.08607398124505478976, 0.8999999999999999112, 0.04010744002157060062 ) ) ;
#2319 = ORIENTED_EDGE ( 'NONE', *, *, #1745, .T. ) ;
#2320 = FACE_OUTER_BOUND ( 'NONE', #2098, .T. ) ;
#2321 = PLANE ( 'NONE',  #1377 ) ;
#2322 = EDGE_CURVE ( 'NONE', #5310, #450, #1845, .T. ) ;
#2323 = CARTESIAN_POINT ( 'NONE',  ( 0.07062223978796781931, 0.9010000000000000231, 0.03601904295315424415 ) ) ;
#2324 = CARTESIAN_POINT ( 'NONE',  ( 0.1242867028555087183, 0.9009999999999999121, -0.03704897160494125680 ) ) ;
#2325 = CARTESIAN_POINT ( 'NONE',  ( -0.06171236023889248995, 0.9000000000000001332, 0.03038687285390298184 ) ) ;
#2326 = CARTESIAN_POINT ( 'NONE',  ( -0.1351498623771578422, 0.8999999999999998002, -0.04147551482457263738 ) ) ;
#2327 = CARTESIAN_POINT ( 'NONE',  ( -0.09403369370000531913, 0.8999999999999996891, 0.01042244463013075086 ) ) ;
#2328 = VERTEX_POINT ( 'NONE', #19 ) ;
#2329 = CARTESIAN_POINT ( 'NONE',  ( 0.1130472530074575627, 0.9010000000000000231, 0.001332978765170955530 ) ) ;
#2330 = SURFACE_SIDE_STYLE ('',( #875 ) ) ;
#2331 = CARTESIAN_POINT ( 'NONE',  ( 0.6500000000000000222, 0.9000000000000000222, 0.3980000000000000204 ) ) ;
#2332 = EDGE_CURVE ( 'NONE', #6123, #5698, #977, .T. ) ;
#2333 = EDGE_CURVE ( 'NONE', #423, #4625, #136, .T. ) ;
#2334 = VERTEX_POINT ( 'NONE', #851 ) ;
#2335 = VECTOR ( 'NONE', #2103, 1000.000000000000000 ) ;
#2336 = MECHANICAL_DESIGN_GEOMETRIC_PRESENTATION_REPRESENTATION (  '', ( #2136 ), #2934 ) ;
#2337 = CARTESIAN_POINT ( 'NONE',  ( -0.1248084730665089404, 0.9000000000000002442, 0.01113043878050292736 ) ) ;
#2338 = CARTESIAN_POINT ( 'NONE',  ( 0.7980000000000000426, 0.9000000000000000222, 0.4000000000000000222 ) ) ;
#2339 = CARTESIAN_POINT ( 'NONE',  ( -0.01851710197729689727, 0.9010000000000001341, 0.04653942474816922387 ) ) ;
#2340 = DIRECTION ( 'NONE',  ( 0.000000000000000000, 0.000000000000000000, -1.000000000000000000 ) ) ;
#2341 = CARTESIAN_POINT ( 'NONE',  ( -0.6486282395424918246, 3.333684034433546624E-05, 0.3984223011851882879 ) ) ;
#2342 = CARTESIAN_POINT ( 'NONE',  ( 0.7980000000000000426, 0.000000000000000000, -0.3980000000000000204 ) ) ;
#2343 =( NAMED_UNIT ( * ) PLANE_ANGLE_UNIT ( ) SI_UNIT ( $, .RADIAN. ) );
#2344 = AXIS2_PLACEMENT_3D ( 'NONE', #2420, #5756, #3949 ) ;
#2345 = CARTESIAN_POINT ( 'NONE',  ( 0.04378266446908801734, 0.8999999999999999112, 0.05003549220544335069 ) ) ;
#2346 = CARTESIAN_POINT ( 'NONE',  ( 0.06023123574863297608, 0.9000000000000001332, 0.006436198783255779425 ) ) ;
#2347 = SURFACE_STYLE_USAGE ( .BOTH. , #957 ) ;
#2348 = CARTESIAN_POINT ( 'NONE',  ( -0.1082730701885818714, 0.9000000000000001332, 0.05003578430712354169 ) ) ;
#2349 = EDGE_LOOP ( 'NONE', ( #3608, #2157, #1563, #40 ) ) ;
#2350 = FILL_AREA_STYLE ('',( #469 ) ) ;
#2351 = CARTESIAN_POINT ( 'NONE',  ( 0.1243376167762554746, 0.9010000000000000231, 0.04997932687706484189 ) ) ;
#2352 = CARTESIAN_POINT ( 'NONE',  ( -0.1431341460650974173, 0.8999999999999998002, 0.007674721884922069449 ) ) ;
#2353 = CARTESIAN_POINT ( 'NONE',  ( 0.06453654690714455411, 0.9009999999999999121, 0.04344869368045998353 ) ) ;
#2354 = CARTESIAN_POINT ( 'NONE',  ( 0.1002067081356627226, 0.9000000000000001332, -0.04578240585021366854 ) ) ;
#2355 = CARTESIAN_POINT ( 'NONE',  ( 0.07843186839207294536, 0.8999999999999999112, -0.002473110978418791451 ) ) ;
#2356 = ORIENTED_EDGE ( 'NONE', *, *, #5010, .T. ) ;
#2357 = CARTESIAN_POINT ( 'NONE',  ( -0.1388313506760101013, 0.8999999999999996891, -0.03422900812207960164 ) ) ;
#2358 = CARTESIAN_POINT ( 'NONE',  ( 0.1262585958869498759, 0.9010000000000002451, -0.03654294513051992155 ) ) ;
#2359 = VERTEX_POINT ( 'NONE', #5147 ) ;
#2360 = CARTESIAN_POINT ( 'NONE',  ( 0.1338983944867776221, 0.9000000000000000222, 0.008520054412672745797 ) ) ;
#2361 = CARTESIAN_POINT ( 'NONE',  ( -0.06101157430533583198, 0.9009999999999999121, 0.005060081850315027718 ) ) ;
#2362 =( LENGTH_UNIT ( ) NAMED_UNIT ( * ) SI_UNIT ( .MILLI., .METRE. ) );
#2363 = ORIENTED_EDGE ( 'NONE', *, *, #1874, .F. ) ;
#2364 = DIRECTION ( 'NONE',  ( -0.000000000000000000, -1.000000000000000000, -0.000000000000000000 ) ) ;
#2365 =( NAMED_UNIT ( * ) SI_UNIT ( $, .STERADIAN. ) SOLID_ANGLE_UNIT ( ) );
#2366 = UNCERTAINTY_MEASURE_WITH_UNIT (LENGTH_MEASURE( 1.000000000000000082E-05 ), #1072, 'distance_accuracy_value', 'NONE');
#2367 = CARTESIAN_POINT ( 'NONE',  ( -0.01596703318546330991, 0.9009999999999999121, 0.04499718784943170652 ) ) ;
#2368 = CARTESIAN_POINT ( 'NONE',  ( 0.01664196492044439299, 0.9000000000000003553, -0.03808822513632294932 ) ) ;
#2369 = B_SPLINE_CURVE_WITH_KNOTS ( 'NONE', 3,
 ( #5184, #3752, #5092, #1812, #2289, #2779, #4655, #5154, #4624, #6113, #3660, #1343, #3256, #3693, #2222, #2723, #1750, #1310, #3289 ),
 .UNSPECIFIED., .F., .F.,
 ( 4, 1, 1, 1, 1, 1, 1, 1, 1, 1, 1, 1, 1, 1, 1, 1, 4 ),
 ( 0.000000000000000000, 0.1121147956622137731, 0.2158018426882338248, 0.3102026923156552263, 0.3959929252987143267, 0.4734102307422356493, 0.5427784203605524604, 0.6045480222829334727, 0.6593572656120959552, 0.7087643617117440620, 0.7553555059484816647, 0.7986869938006723180, 0.8400168391480739016, 0.8802034470065464022, 0.9197333482458337484, 0.9590486059010159270, 0.9999999999999998890 ),
 .UNSPECIFIED. ) ;
#2370 = CARTESIAN_POINT ( 'NONE',  ( -0.6482627733115838842, 0.000000000000000000, 0.3980000000000000204 ) ) ;
#2371 = CARTESIAN_POINT ( 'NONE',  ( 0.1156986244825154719, 0.9000000000000000222, 0.03126246037245813264 ) ) ;
#2372 = CARTESIAN_POINT ( 'NONE',  ( -0.07541428545408090933, 0.9010000000000000231, -0.002473110978418791451 ) ) ;
#2373 = CIRCLE ( 'NONE', #5657, 0.002000000000000048614 ) ;
#2374 = CARTESIAN_POINT ( 'NONE',  ( 0.1048211473267459809, 0.9010000000000000231, 0.04659115399771873028 ) ) ;
#2375 = EDGE_CURVE ( 'NONE', #5538, #3859, #5791, .T. ) ;
#2376 = CARTESIAN_POINT ( 'NONE',  ( -0.1417662812880069179, 0.9010000000000000231, 0.01952557634894604155 ) ) ;
#2377 = CARTESIAN_POINT ( 'NONE',  ( 0.04938661459463439957, 0.9000000000000003553, 0.03117538986780107879 ) ) ;
#2378 = CARTESIAN_POINT ( 'NONE',  ( -0.08192534564213553583, 0.9010000000000000231, 0.03370959116830481161 ) ) ;
#2379 = CARTESIAN_POINT ( 'NONE',  ( -0.1310609088088527108, 0.9010000000000002451, 0.04186268668908313395 ) ) ;
#2380 = AXIS2_PLACEMENT_3D ( 'NONE', #5040, #4570, #3580 ) ;
#2381 = ORIENTED_EDGE ( 'NONE', *, *, #6062, .T. ) ;
#2382 = CARTESIAN_POINT ( 'NONE',  ( -0.04506960565404592028, 0.8999999999999999112, 0.02344641335737677329 ) ) ;
#2383 = PRESENTATION_LAYER_ASSIGNMENT (  '', '', ( #2175 ) ) ;
#2384 = CARTESIAN_POINT ( 'NONE',  ( 0.6499563037950943922, 0.8984448070089858795, -0.3999499094262060073 ) ) ;
#2385 = CARTESIAN_POINT ( 'NONE',  ( 0.07843186839207294536, 0.9010000000000000231, -0.002473110978418791451 ) ) ;
#2386 = CARTESIAN_POINT ( 'NONE',  ( 0.1290707273162962077, 0.9010000000000000231, -0.02048379088735766476 ) ) ;
#2387 = PLANE ( 'NONE',  #4890 ) ;
#2388 = VERTEX_POINT ( 'NONE', #4707 ) ;
#2389 = CARTESIAN_POINT ( 'NONE',  ( 0.1541655707094783390, 0.8999999999999996891, 0.009045182717416900761 ) ) ;
#2390 = CARTESIAN_POINT ( 'NONE',  ( 0.1280111011512378993, 0.9010000000000000231, -0.03568168892996764069 ) ) ;
#2391 = FILL_AREA_STYLE ('',( #3887 ) ) ;
#2392 = ORIENTED_EDGE ( 'NONE', *, *, #751, .F. ) ;
#2393 = CARTESIAN_POINT ( 'NONE',  ( 0.1276398006780476713, 0.8999999999999999112, 0.004024012896437583441 ) ) ;
#2394 = CARTESIAN_POINT ( 'NONE',  ( -0.1138079197874622556, 0.9010000000000000231, -0.03639882694468771218 ) ) ;
#2395 = FACE_OUTER_BOUND ( 'NONE', #3677, .T. ) ;
#2396 = ORIENTED_EDGE ( 'NONE', *, *, #3597, .T. ) ;
#2397 = CARTESIAN_POINT ( 'NONE',  ( -0.03828980999300742039, 0.9010000000000002451, 0.004823432380191162300 ) ) ;
#2398 = CARTESIAN_POINT ( 'NONE',  ( 0.8000000000000001554, 0.9000000000000000222, 0.000000000000000000 ) ) ;
#2399 = CARTESIAN_POINT ( 'NONE',  ( -0.03808131325791223876, 0.9010000000000001341, 0.03114619588807505599 ) ) ;
#2400 = CARTESIAN_POINT ( 'NONE',  ( -0.01851710197729689727, 0.9010000000000001341, 0.04653942474816922387 ) ) ;
#2401 = EDGE_CURVE ( 'NONE', #5558, #928, #1396, .T. ) ;
#2402 = CARTESIAN_POINT ( 'NONE',  ( -0.1092484200694655294, 0.9010000000000000231, 0.03210220953440172387 ) ) ;
#2403 = SPHERICAL_SURFACE ( 'NONE', #5565, 0.002000000000000000042 ) ;
#2404 = LINE ( 'NONE', #2838, #5589 ) ;
#2405 = VECTOR ( 'NONE', #918, 1000.000000000000000 ) ;
#2406 = CARTESIAN_POINT ( 'NONE',  ( -0.06387582391561938411, 0.9000000000000002442, 0.01878089543183762353 ) ) ;
#2407 = CARTESIAN_POINT ( 'NONE',  ( 0.03348293439770338303, 0.8999999999999999112, -0.03107301951204745338 ) ) ;
#2408 = CARTESIAN_POINT ( 'NONE',  ( -0.1380899870702676779, 0.9010000000000000231, 0.03145960887674530831 ) ) ;
#2409 = CARTESIAN_POINT ( 'NONE',  ( -0.07859589652172999097, 0.9000000000000001332, 0.02558555698863765326 ) ) ;
#2410 = CARTESIAN_POINT ( 'NONE',  ( -0.1423380553768603674, 0.9009999999999998010, 0.01585329471277371546 ) ) ;
#2411 = CARTESIAN_POINT ( 'NONE',  ( -0.06214491033207505261, 0.9010000000000000231, 0.008060014470662782080 ) ) ;
#2412 = ORIENTED_EDGE ( 'NONE', *, *, #925, .T. ) ;
#2413 = SURFACE_STYLE_FILL_AREA ( #1438 ) ;
#2414 = CARTESIAN_POINT ( 'NONE',  ( 0.07842231795394689897, 0.9010000000000000231, -0.0008569971373132184884 ) ) ;
#2415 = CARTESIAN_POINT ( 'NONE',  ( 0.1277119624245435237, 0.9009999999999996900, -0.01930677103713131226 ) ) ;
#2416 = VERTEX_POINT ( 'NONE', #2842 ) ;
#2417 =( NAMED_UNIT ( * ) SI_UNIT ( $, .STERADIAN. ) SOLID_ANGLE_UNIT ( ) );
#2418 = CARTESIAN_POINT ( 'NONE',  ( -0.04592710596690142977, 0.9010000000000000231, 0.01789948517542736678 ) ) ;
#2419 = ORIENTED_EDGE ( 'NONE', *, *, #6062, .F. ) ;
#2420 = CARTESIAN_POINT ( 'NONE',  ( 1.108484219145106087, 0.9000000000000000222, 8.924125261806806511E-17 ) ) ;
#2421 = FILL_AREA_STYLE ('',( #2459 ) ) ;
#2422 = ORIENTED_EDGE ( 'NONE', *, *, #4273, .T. ) ;
#2423 = B_SPLINE_CURVE_WITH_KNOTS ( 'NONE', 3,
 ( #3251, #4650, #2840, #464, #2313, #5588, #2374, #4263, #5552, #6165, #5615, #4617, #4176, #1865, #3720, #5647, #1896, #1272, #3216 ),
 .UNSPECIFIED., .F., .F.,
 ( 4, 1, 1, 1, 1, 1, 1, 1, 1, 1, 1, 1, 1, 1, 1, 1, 4 ),
 ( 0.000000000000000000, 0.06665904530593298738, 0.1303429423273791965, 0.1919362235456412158, 0.2519958016206854112, 0.3111219432316444933, 0.3697547996986371155, 0.4286022079335121693, 0.4884358451551540914, 0.5485243594721667115, 0.6086610699182971596, 0.6692357986109764845, 0.7308807993874661957, 0.7941962717216975998, 0.8598304060149956074, 0.9285334661023540992, 1.000000000000000000 ),
 .UNSPECIFIED. ) ;
#2424 = DIRECTION ( 'NONE',  ( -0.000000000000000000, -1.000000000000000000, -0.000000000000000000 ) ) ;
#2425 = CARTESIAN_POINT ( 'NONE',  ( 0.1056902212991748247, 0.8999999999999996891, 0.01857150867026369570 ) ) ;
#2426 = CARTESIAN_POINT ( 'NONE',  ( -0.03573246183864153824, 0.9009999999999999121, 0.03195387589501878095 ) ) ;
#2427 = UNCERTAINTY_MEASURE_WITH_UNIT (LENGTH_MEASURE( 1.000000000000000082E-05 ), #1087, 'distance_accuracy_value', 'NONE');
#2428 = CARTESIAN_POINT ( 'NONE',  ( -0.03191007006466339835, 0.9010000000000002451, 0.05002398932788577890 ) ) ;
#2429 = CARTESIAN_POINT ( 'NONE',  ( 0.03804878679606268910, 0.9010000000000002451, 0.03032522652347440992 ) ) ;
#2430 = CARTESIAN_POINT ( 'NONE',  ( -0.1234805498120336298, 0.9000000000000000222, -0.02334617179742430604 ) ) ;
#2431 = DIRECTION ( 'NONE',  ( -0.000000000000000000, -1.000000000000000000, -0.000000000000000000 ) ) ;
#2432 = AXIS2_PLACEMENT_3D ( 'NONE', #4582, #5518, #4526 ) ;
#2433 = DIRECTION ( 'NONE',  ( 0.4534572437205525719, 0.000000000000000000, -0.8912780307610860264 ) ) ;
#2434 = CARTESIAN_POINT ( 'NONE',  ( -0.7980000000000000426, 0.002000000000000000042, -0.4000000000000000222 ) ) ;
#2435 = ADVANCED_FACE ( 'NONE', ( #1429 ), #3047, .T. ) ;
#2437 = CARTESIAN_POINT ( 'NONE',  ( -0.1191993881866598021, 0.9010000000000000231, 0.04878955970900834826 ) ) ;
#2436 = VECTOR ( 'NONE', #4703, 1000.000000000000000 ) ;
#2438 = VECTOR ( 'NONE', #5933, 1000.000000000000000 ) ;
#2439 = CARTESIAN_POINT ( 'NONE',  ( 0.05680775832511933410, 0.9010000000000003562, 0.02294039184561322622 ) ) ;
#2440 = DIRECTION ( 'NONE',  ( 0.000000000000000000, 0.000000000000000000, -1.000000000000000000 ) ) ;
#2441 = CARTESIAN_POINT ( 'NONE',  ( -0.1143901680379718899, 0.9009999999999998010, 0.04976978246409321377 ) ) ;
#2442 = CARTESIAN_POINT ( 'NONE',  ( 0.6498916632236223512, 0.001283495497011721657, 0.3998757945051260032 ) ) ;
#2443 = ORIENTED_EDGE ( 'NONE', *, *, #4337, .T. ) ;
#2444 =( GEOMETRIC_REPRESENTATION_CONTEXT ( 3 ) GLOBAL_UNCERTAINTY_ASSIGNED_CONTEXT ( ( #1721 ) ) GLOBAL_UNIT_ASSIGNED_CONTEXT ( ( #980, #517, #1479 ) ) REPRESENTATION_CONTEXT ( 'NONE', 'WORKASPACE' ) );
#2445 = AXIS2_PLACEMENT_3D ( 'NONE', #5528, #5123, #259 ) ;
#2446 = CARTESIAN_POINT ( 'NONE',  ( -0.07541428545408090933, 0.9000000000000001332, -0.002473110978418791451 ) ) ;
#2447 = CARTESIAN_POINT ( 'NONE',  ( -0.6482627733115838842, 0.000000000000000000, 0.3980000000000000204 ) ) ;
#2448 = CARTESIAN_POINT ( 'NONE',  ( 0.1373872138836271517, 0.9010000000000000231, 0.01694992394565763769 ) ) ;
#2449 = CARTESIAN_POINT ( 'NONE',  ( -0.1351498623771578422, 0.9010000000000000231, -0.04147551482457263738 ) ) ;
#2450 =( NAMED_UNIT ( * ) SI_UNIT ( $, .STERADIAN. ) SOLID_ANGLE_UNIT ( ) );
#2451 = ADVANCED_FACE ( 'NONE', ( #1535 ), #5352, .F. ) ;
#2452 = EDGE_LOOP ( 'NONE', ( #2443, #1734, #1968, #1539, #3753 ) ) ;
#2453 = EDGE_LOOP ( 'NONE', ( #5514, #1782, #4765, #3257 ) ) ;
#2454 = B_SPLINE_CURVE_WITH_KNOTS ( 'NONE', 3,
 ( #1647, #256, #2151, #161, #4970, #1155, #2120, #647, #5410, #3033, #4501 ),
 .UNSPECIFIED., .F., .F.,
 ( 4, 1, 1, 1, 1, 1, 1, 1, 4 ),
 ( 0.000000000000000000, 0.1240354330026179480, 0.2428459548115304567, 0.3603416824496163962, 0.4790424316556556317, 0.5993341100427882484, 0.7254884757708263132, 0.8585494285274629656, 1.000000000000000000 ),
 .UNSPECIFIED. ) ;
#2455 = CARTESIAN_POINT ( 'NONE',  ( -0.07856367496635910386, 0.9010000000000001341, -0.03030162933954572840 ) ) ;
#2456 = ORIENTED_EDGE ( 'NONE', *, *, #4420, .T. ) ;
#2457 = LINE ( 'NONE', #4851, #3138 ) ;
#2458 = EDGE_CURVE ( 'NONE', #328, #1227, #2530, .T. ) ;
#2459 = FILL_AREA_STYLE_COLOUR ( '', #6053 ) ;
#2460 = B_SPLINE_SURFACE_WITH_KNOTS ( 'NONE', 3, 1, ( 
 ( #1638, #5574 ),
 ( #5076, #4050 ),
 ( #5953, #2204 ),
 ( #3141, #5049 ),
 ( #3114, #2238 ),
 ( #3084, #4132 ),
 ( #755, #4577 ),
 ( #297, #6041 ),
 ( #5921, #1761 ),
 ( #3556, #1731 ),
 ( #4105, #1291 ),
 ( #4520, #6011 ),
 ( #4992, #211 ),
 ( #781, #2112 ),
 ( #3674, #3644 ),
 ( #5106, #5457 ),
 ( #701, #2625 ),
 ( #5020, #2143 ),
 ( #3587, #1203 ) ),
 .UNSPECIFIED., .F., .F., .F.,
 ( 4, 1, 1, 1, 1, 1, 1, 1, 1, 1, 1, 1, 1, 1, 1, 1, 4 ),
 ( 2, 2 ),
 ( 0.000000000000000000, 0.1121147956622137176, 0.2158018426882337137, 0.3102026923156551153, 0.3959929252987141046, 0.4734102307422354827, 0.5427784203605523494, 0.6045480222829330286, 0.6593572656120954001, 0.7087643617117438399, 0.7553555059484813317, 0.7986869938006723180, 0.8400168391480736796, 0.8802034470065461802, 0.9197333482458337484, 0.9590486059010160380, 1.000000000000000000 ),
 ( 0.000000000000000000, 1.000000000000000000 ),
 .UNSPECIFIED. ) ;
#2461 = ORIENTED_EDGE ( 'NONE', *, *, #4732, .F. ) ;
#2462 = FACE_OUTER_BOUND ( 'NONE', #5731, .T. ) ;
#2463 = CARTESIAN_POINT ( 'NONE',  ( 0.1206154029326597932, 0.9000000000000000222, 0.03205752690576563202 ) ) ;
#2464 = CARTESIAN_POINT ( 'NONE',  ( -0.04579615153301829639, 0.9010000000000002451, 0.02074495489224231770 ) ) ;
#2465 = CARTESIAN_POINT ( 'NONE',  ( 0.08915296505168605889, 0.8999999999999998002, 0.02734880639750923367 ) ) ;
#2466 = CARTESIAN_POINT ( 'NONE',  ( 0.000000000000000000, 0.000000000000000000, 0.000000000000000000 ) ) ;
#2467 = PRESENTATION_STYLE_ASSIGNMENT (( #1082 ) ) ;
#2468 = PLANE ( 'NONE',  #5032 ) ;
#2469 =( NAMED_UNIT ( * ) SI_UNIT ( $, .STERADIAN. ) SOLID_ANGLE_UNIT ( ) );
#2470 = FILL_AREA_STYLE ('',( #553 ) ) ;
#2471 = CARTESIAN_POINT ( 'NONE',  ( 0.7980000000000000426, 0.8979999999999999094, -0.3980000000000000204 ) ) ;
#2472 = CARTESIAN_POINT ( 'NONE',  ( 0.7980000000000000426, 0.002000000000000000042, 0.3980000000000000204 ) ) ;
#2473 = VERTEX_POINT ( 'NONE', #5945 ) ;
#2474 =( NAMED_UNIT ( * ) SI_UNIT ( $, .STERADIAN. ) SOLID_ANGLE_UNIT ( ) );
#2475 = CARTESIAN_POINT ( 'NONE',  ( 0.1375581236799059415, 0.8999999999999999112, -0.007667771680018438570 ) ) ;
#2476 = AXIS2_PLACEMENT_3D ( 'NONE', #3050, #4418, #108 ) ;
#2477 = CARTESIAN_POINT ( 'NONE',  ( -0.6500000000000001332, 0.8979999999999999094, -0.4000000000000000222 ) ) ;
#2478 = CARTESIAN_POINT ( 'NONE',  ( -0.02032729828316220955, 0.9000000000000001332, 0.01888643281808557312 ) ) ;
#2479 = CARTESIAN_POINT ( 'NONE',  ( -0.1082730701885818714, 0.9000000000000000222, 0.05003578430712354169 ) ) ;
#2480 = EDGE_CURVE ( 'NONE', #4406, #5066, #3513, .T. ) ;
#2481 = ORIENTED_EDGE ( 'NONE', *, *, #6170, .F. ) ;
#2482 = ORIENTED_EDGE ( 'NONE', *, *, #303, .F. ) ;
#2483 =( GEOMETRIC_REPRESENTATION_CONTEXT ( 3 ) GLOBAL_UNCERTAINTY_ASSIGNED_CONTEXT ( ( #4294 ) ) GLOBAL_UNIT_ASSIGNED_CONTEXT ( ( #4151, #719, #4184 ) ) REPRESENTATION_CONTEXT ( 'NONE', 'WORKASPACE' ) );
#2484 = CARTESIAN_POINT ( 'NONE',  ( 0.04467786198181653706, 0.9010000000000000231, 0.05005092748311967821 ) ) ;
#2485 = ORIENTED_EDGE ( 'NONE', *, *, #4926, .F. ) ;
#2486 = FILL_AREA_STYLE ('',( #4012 ) ) ;
#2487 = CARTESIAN_POINT ( 'NONE',  ( -0.1092484200694655294, 0.9010000000000000231, 0.03210220953440172387 ) ) ;
#2488 = ADVANCED_FACE ( 'NONE', ( #4850 ), #3920, .T. ) ;
#2489 = CARTESIAN_POINT ( 'NONE',  ( 0.6482627733115841062, 0.9000000000000000222, -0.3979999999999999094 ) ) ;
#2490 = ORIENTED_EDGE ( 'NONE', *, *, #1903, .F. ) ;
#2491 =( NAMED_UNIT ( * ) SI_UNIT ( $, .STERADIAN. ) SOLID_ANGLE_UNIT ( ) );
#2492 = CARTESIAN_POINT ( 'NONE',  ( 0.04415702864848320558, 0.9010000000000000231, -0.05507727764508545815 ) ) ;
#2493 = PRESENTATION_STYLE_ASSIGNMENT (( #4356 ) ) ;
#2494 = UNCERTAINTY_MEASURE_WITH_UNIT (LENGTH_MEASURE( 1.000000000000000082E-05 ), #42, 'distance_accuracy_value', 'NONE');
#2495 = CARTESIAN_POINT ( 'NONE',  ( -0.1092484200694655294, 0.9010000000000000231, -0.03712855969636751075 ) ) ;
#2496 = CARTESIAN_POINT ( 'NONE',  ( 0.03088064976687979538, 0.9010000000000000231, 0.02044542291170237808 ) ) ;
#2497 = CARTESIAN_POINT ( 'NONE',  ( -0.8000000000000001554, 0.002000000000000048614, -0.3980000000000000204 ) ) ;
#2498 = MECHANICAL_DESIGN_GEOMETRIC_PRESENTATION_REPRESENTATION (  '', ( #1492 ), #4995 ) ;
#2499 = CARTESIAN_POINT ( 'NONE',  ( 0.02869453120514490682, 0.9000000000000000222, -0.01117624724700897604 ) ) ;
#2500 = CARTESIAN_POINT ( 'NONE',  ( 0.03957000130286657952, 0.9009999999999999121, 0.03111449040325628759 ) ) ;
#2501 = CARTESIAN_POINT ( 'NONE',  ( -0.08192534564213553583, 0.9010000000000000231, 0.03370959116830481161 ) ) ;
#2502 = FILL_AREA_STYLE_COLOUR ( '', #1397 ) ;
#2503 = MECHANICAL_DESIGN_GEOMETRIC_PRESENTATION_REPRESENTATION (  '', ( #5486 ), #3496 ) ;
#2504 = CARTESIAN_POINT ( 'NONE',  ( -0.1234805498120336298, 0.9000000000000000222, -0.02334617179742430604 ) ) ;
#2505 = CARTESIAN_POINT ( 'NONE',  ( -0.1355943281889861740, 0.9010000000000000231, 0.03613718381239958838 ) ) ;
#2506 = CARTESIAN_POINT ( 'NONE',  ( -0.1091682918643373246, 0.9010000000000000231, 0.05005092748311967821 ) ) ;
#2507 = ORIENTED_EDGE ( 'NONE', *, *, #5577, .T. ) ;
#2508 = CARTESIAN_POINT ( 'NONE',  ( -0.09759094290604981847, 0.9000000000000002442, -0.05300480243248664042 ) ) ;
#2509 = CARTESIAN_POINT ( 'NONE',  ( 0.1491950269789817929, 0.9009999999999998010, -2.344613758900031907E-06 ) ) ;
#2510 = ADVANCED_FACE ( 'NONE', ( #3162 ), #3043, .T. ) ;
#2511 = B_SPLINE_SURFACE_WITH_KNOTS ( 'NONE', 3, 1, ( 
 ( #3140, #1201 ),
 ( #3609, #2652 ),
 ( #270, #2168 ),
 ( #1696, #482 ),
 ( #2735, #5138 ),
 ( #3673, #2823 ),
 ( #3301, #3200 ),
 ( #1289, #5166 ),
 ( #5605, #4249 ),
 ( #1352, #2790 ),
 ( #1822, #6040 ) ),
 .UNSPECIFIED., .F., .F., .F.,
 ( 4, 1, 1, 1, 1, 1, 1, 1, 4 ),
 ( 2, 2 ),
 ( 0.000000000000000000, 0.1323140339085643324, 0.2587000085531547255, 0.3809118214856532791, 0.5005348689728934541, 0.6209226176484478055, 0.7423757653984722760, 0.8682808341788558204, 1.000000000000000000 ),
 ( 0.000000000000000000, 1.000000000000000000 ),
 .UNSPECIFIED. ) ;
#2512 = CARTESIAN_POINT ( 'NONE',  ( -0.6492124365917355533, 0.8996948758056647621, -0.3990955810924762259 ) ) ;
#2513 = CARTESIAN_POINT ( 'NONE',  ( 0.1024018562781991853, 0.9009999999999998010, -0.04799619212740554447 ) ) ;
#2514 = CARTESIAN_POINT ( 'NONE',  ( -0.6499563037950943922, 0.8984448070089858795, -0.3999499094262060073 ) ) ;
#2515 = CARTESIAN_POINT ( 'NONE',  ( -0.003524145847754308822, 0.9000000000000001332, 0.009419085208411019997 ) ) ;
#2516 = ORIENTED_EDGE ( 'NONE', *, *, #5431, .F. ) ;
#2517 = ORIENTED_EDGE ( 'NONE', *, *, #2026, .T. ) ;
#2518 = CARTESIAN_POINT ( 'NONE',  ( -0.08778578607751608143, 0.9010000000000001341, -0.04665863452239823322 ) ) ;
#2519 = CARTESIAN_POINT ( 'NONE',  ( -0.6491100111865876210, 0.0002388850217823416781, 0.3989776967913849504 ) ) ;
#2520 = SURFACE_STYLE_FILL_AREA ( #4886 ) ;
#2521 = CARTESIAN_POINT ( 'NONE',  ( 0.04415702864848320558, 0.9010000000000000231, -0.05507727764508545815 ) ) ;
#2522 = DIRECTION ( 'NONE',  ( 1.000000000000000000, 0.000000000000000000, 0.000000000000000000 ) ) ;
#2523 = FILL_AREA_STYLE ('',( #5398 ) ) ;
#2524 = CARTESIAN_POINT ( 'NONE',  ( 0.09350406578578641936, 0.8999999999999996891, -0.03335670842475401549 ) ) ;
#2525 = LINE ( 'NONE', #4603, #1129 ) ;
#2526 = CARTESIAN_POINT ( 'NONE',  ( 0.1431036831357081485, 0.8999999999999999112, 0.04289793241576062705 ) ) ;
#2527 = ADVANCED_FACE ( 'NONE', ( #5039 ), #5387, .T. ) ;
#2528 = DIRECTION ( 'NONE',  ( 0.000000000000000000, 1.000000000000000000, -0.000000000000000000 ) ) ;
#2529 =( NAMED_UNIT ( * ) PLANE_ANGLE_UNIT ( ) SI_UNIT ( $, .RADIAN. ) );
#2530 = B_SPLINE_CURVE_WITH_KNOTS ( 'NONE', 3,
 ( #4885, #4512, #233, #567, #597, #2045, #142, #106, #2011, #2076, #4480, #5855, #692, #2131, #4449, #4043, #3547, #3479, #657 ),
 .UNSPECIFIED., .F., .F.,
 ( 4, 1, 1, 1, 1, 1, 1, 1, 1, 1, 1, 1, 1, 1, 1, 1, 4 ),
 ( 0.000000000000000000, 0.06332879336011479343, 0.1247364441626576115, 0.1849157484558914266, 0.2443004085890914390, 0.3038255705821009123, 0.3643529976730655040, 0.4260731436723973475, 0.4897209088385836018, 0.5537559315351888722, 0.6164580629276262824, 0.6783188623542998341, 0.7403009402150839691, 0.8026562643773395012, 0.8667321228001692024, 0.9321567378801841608, 1.000000000000000000 ),
 .UNSPECIFIED. ) ;
#2531 = FILL_AREA_STYLE_COLOUR ( '', #248 ) ;
#2532 = CARTESIAN_POINT ( 'NONE',  ( -0.07541428545408090933, 0.9000000000000001332, -0.002473110978418791451 ) ) ;
#2533 = CARTESIAN_POINT ( 'NONE',  ( 0.03512928878971834090, 0.8999999999999998002, -0.03318665845817703186 ) ) ;
#2534 = CARTESIAN_POINT ( 'NONE',  ( 0.01825182565716772579, 0.8999999999999999112, 0.03613718381239957450 ) ) ;
#2535 = DIRECTION ( 'NONE',  ( 1.000000000000000000, 0.000000000000000000, -0.000000000000000000 ) ) ;
#2536 = EDGE_CURVE ( 'NONE', #3767, #4248, #4980, .T. ) ;
#2537 = CARTESIAN_POINT ( 'NONE',  ( -0.1159147364097173061, 0.9000000000000001332, -0.03544193953851071388 ) ) ;
#2538 = CARTESIAN_POINT ( 'NONE',  ( -0.05852789401402551384, 0.9010000000000000231, -0.0006233024475048574466 ) ) ;
#2539 = B_SPLINE_CURVE_WITH_KNOTS ( 'NONE', 3,
 ( #1671, #6042, #274, #4578, #1762, #4522, #2656, #3061, #6012, #5485, #5983, #4961, #4492, #2205, #246, #3614, #213, #3646, #3588 ),
 .UNSPECIFIED., .F., .F.,
 ( 4, 1, 1, 1, 1, 1, 1, 1, 1, 1, 1, 1, 1, 1, 1, 1, 4 ),
 ( 0.000000000000000000, 0.06562092715322311032, 0.1297044336027829980, 0.1920084100512055025, 0.2531653825181657269, 0.3145900137962941989, 0.3765327730011645557, 0.4392867016490339394, 0.5037985290657704951, 0.5682839993040014193, 0.6306288907425713353, 0.6915128396476385442, 0.7519975911628823395, 0.8123768520713858798, 0.8735768952802431819, 0.9360266791627422922, 1.000000000000000000 ),
 .UNSPECIFIED. ) ;
#2540 = VERTEX_POINT ( 'NONE', #2447 ) ;
#2541 = DIRECTION ( 'NONE',  ( 0.000000000000000000, 0.000000000000000000, 1.000000000000000000 ) ) ;
#2542 = MECHANICAL_DESIGN_GEOMETRIC_PRESENTATION_REPRESENTATION (  '', ( #4429 ), #2733 ) ;
#2543 = CARTESIAN_POINT ( 'NONE',  ( 0.1477818991986417085, 0.9010000000000001341, -0.001511492681634860665 ) ) ;
#2544 = DIRECTION ( 'NONE',  ( -0.000000000000000000, -1.000000000000000000, -0.000000000000000000 ) ) ;
#2545 = CARTESIAN_POINT ( 'NONE',  ( 0.1212118983669501215, 0.9010000000000001341, -0.05505387344039900516 ) ) ;
#2546 = SURFACE_STYLE_USAGE ( .BOTH. , #4977 ) ;
#2547 = CARTESIAN_POINT ( 'NONE',  ( -0.05711528964149353155, 0.9010000000000000231, 0.03818119259311299196 ) ) ;
#2548 = VECTOR ( 'NONE', #1014, 1000.000000000000000 ) ;
#2549 = VECTOR ( 'NONE', #6, 1000.000000000000000 ) ;
#2550 = B_SPLINE_SURFACE_WITH_KNOTS ( 'NONE', 3, 1, ( 
 ( #5814, #3600 ),
 ( #1685, #5498 ),
 ( #5469, #5383 ),
 ( #4473, #1189 ),
 ( #1216, #4004 ),
 ( #2611, #3040 ),
 ( #4037, #169 ),
 ( #228, #5443 ),
 ( #742, #4912 ),
 ( #2095, #3127 ),
 ( #3539, #2580 ),
 ( #3100, #686 ),
 ( #5007, #201 ),
 ( #3473, #260 ),
 ( #4947, #4507 ),
 ( #714, #2125 ),
 ( #1160, #5939 ),
 ( #1651, #1126 ),
 ( #4538, #3573 ) ),
 .UNSPECIFIED., .F., .F., .F.,
 ( 4, 1, 1, 1, 1, 1, 1, 1, 1, 1, 1, 1, 1, 1, 1, 1, 4 ),
 ( 2, 2 ),
 ( 0.000000000000000000, 0.06648593787487795670, 0.1307356009388769558, 0.1932868395043466914, 0.2552914267067074028, 0.3165376028954670629, 0.3788667103911644296, 0.4418772064706728009, 0.5071174914664497990, 0.5722713919203373800, 0.6354271335389659603, 0.6968172524575666493, 0.7573566333814836238, 0.8172651168318800785, 0.8771342994595141551, 0.9380198203164550330, 1.000000000000000000 ),
 ( 0.000000000000000000, 1.000000000000000000 ),
 .UNSPECIFIED. ) ;
#2551 = VERTEX_POINT ( 'NONE', #1404 ) ;
#2552 = CARTESIAN_POINT ( 'NONE',  ( -0.6484447241237958348, -6.201533639411050718E-14, -0.3982103961453939966 ) ) ;
#2553 = CARTESIAN_POINT ( 'NONE',  ( -0.6499563037950942812, 0.8984448070089857685, 0.3999499094262060628 ) ) ;
#2554 = FILL_AREA_STYLE ('',( #1103 ) ) ;
#2555 = COLOUR_RGB ( '',0.9411764705882352811, 0.9411764705882352811, 0.9411764705882352811 ) ;
#2556 = CYLINDRICAL_SURFACE ( 'NONE', #5373, 0.001999999999999994404 ) ;
#2557 = CARTESIAN_POINT ( 'NONE',  ( 0.07843186839207294536, 0.8999999999999999112, -0.002473110978418791451 ) ) ;
#2558 = UNCERTAINTY_MEASURE_WITH_UNIT (LENGTH_MEASURE( 1.000000000000000082E-05 ), #705, 'distance_accuracy_value', 'NONE');
#2559 = CARTESIAN_POINT ( 'NONE',  ( 0.1164628270112569031, 0.9009999999999999121, -0.01562456911195958704 ) ) ;
#2560 = CARTESIAN_POINT ( 'NONE',  ( -0.1092484200694655294, 0.9010000000000000231, 0.03210220953440172387 ) ) ;
#2561 = DIRECTION ( 'NONE',  ( -0.000000000000000000, -1.000000000000000000, -0.000000000000000000 ) ) ;
#2562 = CARTESIAN_POINT ( 'NONE',  ( 0.09732796606470117684, 0.8999999999999999112, -0.04220637961386865256 ) ) ;
#2563 = UNCERTAINTY_MEASURE_WITH_UNIT (LENGTH_MEASURE( 1.000000000000000082E-05 ), #3258, 'distance_accuracy_value', 'NONE');
#2564 = CARTESIAN_POINT ( 'NONE',  ( 0.1048211473267459809, 0.9010000000000000231, 0.04659115399771873028 ) ) ;
#2565 = CARTESIAN_POINT ( 'NONE',  ( 0.1223020606997652776, 0.9010000000000000231, -0.05507727764508545815 ) ) ;
#2566 = CARTESIAN_POINT ( 'NONE',  ( 0.04286015516400092790, 0.8999999999999999112, 0.03202971572816053908 ) ) ;
#2567 = SURFACE_STYLE_USAGE ( .BOTH. , #4931 ) ;
#2568 = CARTESIAN_POINT ( 'NONE',  ( 0.03143619596110377307, 0.8999999999999999112, -0.02686393787373946712 ) ) ;
#2569 = EDGE_CURVE ( 'NONE', #4625, #1256, #1763, .T. ) ;
#2570 = CARTESIAN_POINT ( 'NONE',  ( 0.01105159436449522185, 0.9010000000000002451, 0.01190364535197621816 ) ) ;
#2571 = CARTESIAN_POINT ( 'NONE',  ( -0.03242000044289682081, 0.9010000000000001341, 0.03205153684864665148 ) ) ;
#2572 = CARTESIAN_POINT ( 'NONE',  ( -0.1100338156440531096, 0.9010000000000001341, -0.03709133350761327497 ) ) ;
#2573 = CARTESIAN_POINT ( 'NONE',  ( -0.1092484200694655294, 0.9000000000000001332, 0.03210220953440172387 ) ) ;
#2574 = CARTESIAN_POINT ( 'NONE',  ( -0.1209262603760421217, 0.9000000000000003553, -0.05325541046488356522 ) ) ;
#2575 = EDGE_CURVE ( 'NONE', #2249, #4307, #1461, .T. ) ;
#2576 = DIRECTION ( 'NONE',  ( -0.000000000000000000, -1.000000000000000000, -0.000000000000000000 ) ) ;
#2577 = CYLINDRICAL_SURFACE ( 'NONE', #5492, 0.002000000000000048614 ) ;
#2578 = CARTESIAN_POINT ( 'NONE',  ( -0.03328688160792706019, 0.9010000000000001341, 0.03210220953440172387 ) ) ;
#2579 = CARTESIAN_POINT ( 'NONE',  ( -0.02234448135969154328, 0.9010000000000004672, 0.02599648859591740038 ) ) ;
#2580 = CARTESIAN_POINT ( 'NONE',  ( -0.05711528964149353155, 0.8999999999999999112, 0.03818119259311299196 ) ) ;
#2581 = CARTESIAN_POINT ( 'NONE',  ( -0.002420755531233757200, 0.8999999999999999112, 0.01565181306640116635 ) ) ;
#2582 = ORIENTED_EDGE ( 'NONE', *, *, #5842, .T. ) ;
#2583 = CARTESIAN_POINT ( 'NONE',  ( -0.6500000000000000222, 0.8979999999999999094, 0.4000000000000000222 ) ) ;
#2584 = COLOUR_RGB ( '',0.9411764705882352811, 0.9411764705882352811, 0.9411764705882352811 ) ;
#2585 = CARTESIAN_POINT ( 'NONE',  ( -0.6487064766444696762, 0.8999509574261742584, 0.3985126226412294415 ) ) ;
#2586 = LINE ( 'NONE', #4621, #2335 ) ;
#2587 = CARTESIAN_POINT ( 'NONE',  ( 0.08740622736643191559, 0.8999999999999999112, 0.01671759414978633840 ) ) ;
#2588 = CARTESIAN_POINT ( 'NONE',  ( 0.07819506882651491853, 0.9010000000000002451, -0.01170503834104716194 ) ) ;
#2589 = CARTESIAN_POINT ( 'NONE',  ( 0.1322780222382268223, 0.9010000000000000231, -0.02771349559380340694 ) ) ;
#2590 = VECTOR ( 'NONE', #5422, 1000.000000000000000 ) ;
#2591 = MECHANICAL_DESIGN_GEOMETRIC_PRESENTATION_REPRESENTATION (  '', ( #1672 ), #4261 ) ;
#2592 =( NAMED_UNIT ( * ) SI_UNIT ( $, .STERADIAN. ) SOLID_ANGLE_UNIT ( ) );
#2593 = CARTESIAN_POINT ( 'NONE',  ( 0.09421511963170092763, 0.9010000000000002451, -0.03577217069382942344 ) ) ;
#2594 = CARTESIAN_POINT ( 'NONE',  ( 0.09024937315542372329, 0.9010000000000000231, 0.03051270429638850562 ) ) ;
#2595 = CARTESIAN_POINT ( 'NONE',  ( 0.1553206196471124401, 0.8999999999999999112, 0.01878870253809515611 ) ) ;
#2596 = LINE ( 'NONE', #2240, #2106 ) ;
#2597 = CARTESIAN_POINT ( 'NONE',  ( 0.07313009921522002632, 0.9000000000000003553, 0.03120962677902499455 ) ) ;
#2598 =( NAMED_UNIT ( * ) SI_UNIT ( $, .STERADIAN. ) SOLID_ANGLE_UNIT ( ) );
#2599 = CARTESIAN_POINT ( 'NONE',  ( 0.03632881830256298739, 0.8999999999999996891, -0.03429047515519519085 ) ) ;
#2600 = ADVANCED_FACE ( 'NONE', ( #4274 ), #2321, .T. ) ;
#2601 = SURFACE_STYLE_FILL_AREA ( #5082 ) ;
#2602 = CARTESIAN_POINT ( 'NONE',  ( 0.01150809846929348214, 0.8999999999999994671, 0.01585329471277370852 ) ) ;
#2603 = CARTESIAN_POINT ( 'NONE',  ( -0.7980000000000000426, 0.002000000000000048614, -0.3980000000000000204 ) ) ;
#2604 = B_SPLINE_CURVE_WITH_KNOTS ( 'NONE', 3,
 ( #5222, #6096, #2820, #448, #4790, #4695, #2390, #2358, #5726, #4281, #3761 ),
 .UNSPECIFIED., .F., .F.,
 ( 4, 1, 1, 1, 1, 1, 1, 1, 4 ),
 ( 0.000000000000000000, 0.1262080809789268843, 0.2463314545173051484, 0.3634838183347864904, 0.4847544616601202616, 0.6083827567272828141, 0.7312142544154163204, 0.8609892746833422983, 1.000000000000000000 ),
 .UNSPECIFIED. ) ;
#2605 = VERTEX_POINT ( 'NONE', #1032 ) ;
#2606 = CARTESIAN_POINT ( 'NONE',  ( 0.6490108047624454368, 0.0001787810796609710516, 0.3988634594555445223 ) ) ;
#2607 = CARTESIAN_POINT ( 'NONE',  ( -0.05634377263356808718, 0.9000000000000001332, -0.005157405850213663684 ) ) ;
#2608 = DIRECTION ( 'NONE',  ( 1.000000000000000000, 0.000000000000000000, 0.000000000000000000 ) ) ;
#2609 = CARTESIAN_POINT ( 'NONE',  ( 0.07842231795394689897, 0.9010000000000000231, -0.0008569971373132184884 ) ) ;
#2610 = CYLINDRICAL_SURFACE ( 'NONE', #5462, 0.001999999999999994404 ) ;
#2611 = CARTESIAN_POINT ( 'NONE',  ( -0.04511489503190705547, 0.9010000000000000231, 0.04771965636078286110 ) ) ;
#2612 = CARTESIAN_POINT ( 'NONE',  ( 0.1276398006780476713, 0.9009999999999999121, 0.004024012896437583441 ) ) ;
#2613 = ORIENTED_EDGE ( 'NONE', *, *, #2672, .F. ) ;
#2614 = ADVANCED_FACE ( 'NONE', ( #2092 ), #601, .T. ) ;
#2615 = CARTESIAN_POINT ( 'NONE',  ( 0.1548226381423537801, 0.9000000000000002442, 0.02419902159851280987 ) ) ;
#2616 = CARTESIAN_POINT ( 'NONE',  ( 0.02848528015843986710, 0.9010000000000001341, 0.003110909882816257840 ) ) ;
#2617 = SURFACE_STYLE_FILL_AREA ( #4513 ) ;
#2618 = CARTESIAN_POINT ( 'NONE',  ( 0.1483755172761427599, 0.8999999999999996891, -0.01951704324108728336 ) ) ;
#2619 = CARTESIAN_POINT ( 'NONE',  ( 0.04502582109370684843, 0.9010000000000002451, -0.05506438017631783838 ) ) ;
#2620 = COLOUR_RGB ( '',0.9411764705882352811, 0.9411764705882352811, 0.9411764705882352811 ) ;
#2621 = CARTESIAN_POINT ( 'NONE',  ( 0.1311377010732869275, 0.8999999999999999112, -0.02319117530323303727 ) ) ;
#2622 = DIRECTION ( 'NONE',  ( -0.000000000000000000, -1.000000000000000000, -0.000000000000000000 ) ) ;
#2623 = CARTESIAN_POINT ( 'NONE',  ( 0.7980000000000000426, 0.002000000000000000042, 0.3980000000000000204 ) ) ;
#2624 = UNCERTAINTY_MEASURE_WITH_UNIT (LENGTH_MEASURE( 1.000000000000000082E-05 ), #49, 'distance_accuracy_value', 'NONE');
#2625 = CARTESIAN_POINT ( 'NONE',  ( -0.1075434564100337526, 0.8999999999999999112, -0.03705893677448043877 ) ) ;
#2626 = CARTESIAN_POINT ( 'NONE',  ( 0.1431036831357081485, 0.9010000000000000231, 0.04289793241576062705 ) ) ;
#2627 = CARTESIAN_POINT ( 'NONE',  ( -0.04588955147769741699, 0.9000000000000001332, 0.01693362510097122173 ) ) ;
#2628 = PLANE ( 'NONE',  #1930 ) ;
#2629 = CARTESIAN_POINT ( 'NONE',  ( 0.1133980733892724635, 0.8999999999999998002, -0.03333872536719770935 ) ) ;
#2630 = CARTESIAN_POINT ( 'NONE',  ( 0.1378838055713509925, 0.8999999999999998002, -0.008483214382899582906 ) ) ;
#2631 = SURFACE_STYLE_USAGE ( .BOTH. , #1519 ) ;
#2632 = DIRECTION ( 'NONE',  ( 0.000000000000000000, 0.000000000000000000, 1.000000000000000000 ) ) ;
#2633 = CARTESIAN_POINT ( 'NONE',  ( -0.1254142854540808982, 0.9010000000000000231, -0.001331284055341868094 ) ) ;
#2634 = CARTESIAN_POINT ( 'NONE',  ( 0.6500000000002214007, 0.001850084579625940447, 0.4000000000002689182 ) ) ;
#2635 = CARTESIAN_POINT ( 'NONE',  ( 0.6489175192122750291, 0.8998516726475158656, 0.3987558495093769806 ) ) ;
#2636 = EDGE_CURVE ( 'NONE', #5046, #4846, #4973, .T. ) ;
#2637 = CARTESIAN_POINT ( 'NONE',  ( 0.6500000000000000222, 0.8979999999999999094, 0.4000000000000000222 ) ) ;
#2638 = CARTESIAN_POINT ( 'NONE',  ( 0.1471140151499751025, 0.9009999999999999121, -0.04110593495846610879 ) ) ;
#2639 = FACE_OUTER_BOUND ( 'NONE', #3223, .T. ) ;
#2640 = CARTESIAN_POINT ( 'NONE',  ( 0.7980000000000000426, 0.9000000000000000222, -0.3980000000000000204 ) ) ;
#2641 = ORIENTED_EDGE ( 'NONE', *, *, #1581, .T. ) ;
#2642 = MECHANICAL_DESIGN_GEOMETRIC_PRESENTATION_REPRESENTATION (  '', ( #433 ), #335 ) ;
#2643 = CARTESIAN_POINT ( 'NONE',  ( -0.09703839552103453447, 0.9010000000000000231, 0.02294039184561323663 ) ) ;
#2644 = CARTESIAN_POINT ( 'NONE',  ( 0.1183540286887935500, 0.9000000000000002442, -0.03655893932867797236 ) ) ;
#2645 = CARTESIAN_POINT ( 'NONE',  ( 0.05466401285683070849, 0.9010000000000000231, 0.04879373029465090134 ) ) ;
#2646 = CARTESIAN_POINT ( 'NONE',  ( 0.07611522281607061013, 0.9010000000000001341, -0.02711954755700123065 ) ) ;
#2647 = CARTESIAN_POINT ( 'NONE',  ( 0.07788794684315270000, 0.9000000000000002442, -0.01596909689922644884 ) ) ;
#2648 = COLOUR_RGB ( '',0.9411764705882352811, 0.9411764705882352811, 0.9411764705882352811 ) ;
#2649 = B_SPLINE_CURVE_WITH_KNOTS ( 'NONE', 3,
 ( #4880, #4474, #202, #3575, #2039, #624, #3541, #4948, #3945, #3974, #2547, #5417, #5470, #4978, #3914, #229, #1190, #5347, #5444 ),
 .UNSPECIFIED., .F., .F.,
 ( 4, 1, 1, 1, 1, 1, 1, 1, 1, 1, 1, 1, 1, 1, 1, 1, 4 ),
 ( 0.000000000000000000, 0.06648593787487795670, 0.1307356009388769558, 0.1932868395043466914, 0.2552914267067074028, 0.3165376028954670629, 0.3788667103911644296, 0.4418772064706728009, 0.5071174914664497990, 0.5722713919203373800, 0.6354271335389659603, 0.6968172524575666493, 0.7573566333814836238, 0.8172651168318800785, 0.8771342994595141551, 0.9380198203164550330, 1.000000000000000000 ),
 .UNSPECIFIED. ) ;
#2650 = ORIENTED_EDGE ( 'NONE', *, *, #1712, .F. ) ;
#2651 = EDGE_CURVE ( 'NONE', #12, #415, #2182, .T. ) ;
#2652 = CARTESIAN_POINT ( 'NONE',  ( 0.01947274923867053920, 0.8999999999999999112, -0.04255720200933740816 ) ) ;
#2653 = DIRECTION ( 'NONE',  ( -0.8912577427698286092, 0.000000000000000000, -0.4534971179101695005 ) ) ;
#2654 = CARTESIAN_POINT ( 'NONE',  ( -0.1100634893770658512, 0.8999999999999999112, 0.05003549220544333681 ) ) ;
#2655 = CARTESIAN_POINT ( 'NONE',  ( 0.1344678464413668340, 0.9010000000000002451, 0.04776594429724828617 ) ) ;
#2656 = CARTESIAN_POINT ( 'NONE',  ( -0.005801998278669529344, 0.9000000000000001332, 0.03367568134087479265 ) ) ;
#2657 = ORIENTED_EDGE ( 'NONE', *, *, #1110, .T. ) ;
#2658 = FACE_OUTER_BOUND ( 'NONE', #2846, .T. ) ;
#2659 = CARTESIAN_POINT ( 'NONE',  ( 0.03209497810415015695, 0.9010000000000001341, -0.02839128719109008589 ) ) ;
#2660 = CARTESIAN_POINT ( 'NONE',  ( 0.1368453299305345261, 0.9010000000000000231, -0.007901796875854688249 ) ) ;
#2661 = DIRECTION ( 'NONE',  ( 0.000000000000000000, 0.000000000000000000, 1.000000000000000000 ) ) ;
#2662 = FACE_OUTER_BOUND ( 'NONE', #5639, .T. ) ;
#2663 = CARTESIAN_POINT ( 'NONE',  ( 0.6495274362460348172, 0.0006151841771219276498, 0.3994577499140557486 ) ) ;
#2664 = CARTESIAN_POINT ( 'NONE',  ( 0.6497883585563697384, 0.8989549610486294862, 0.3997572847167403243 ) ) ;
#2665 = CARTESIAN_POINT ( 'NONE',  ( 0.6490108047624453258, 0.8998212189203390610, 0.3988634594555444113 ) ) ;
#2666 = CARTESIAN_POINT ( 'NONE',  ( 0.1332142363339330338, 0.8999999999999999112, -0.05318706012173094605 ) ) ;
#2667 =( LENGTH_UNIT ( ) NAMED_UNIT ( * ) SI_UNIT ( .MILLI., .METRE. ) );
#2668 = CARTESIAN_POINT ( 'NONE',  ( -0.1014312905818814253, 0.8999999999999995781, -0.03421147205442881534 ) ) ;
#2669 = ORIENTED_EDGE ( 'NONE', *, *, #787, .T. ) ;
#2670 = CARTESIAN_POINT ( 'NONE',  ( 0.02278524503730119596, 0.9009999999999999121, 0.04186268668908310620 ) ) ;
#2671 = CARTESIAN_POINT ( 'NONE',  ( 0.1133980733892724635, 0.9009999999999998010, -0.03333872536719770935 ) ) ;
#2672 = EDGE_CURVE ( 'NONE', #4566, #5315, #1423, .T. ) ;
#2673 = CARTESIAN_POINT ( 'NONE',  ( -0.02028608032587578269, 0.9000000000000000222, 0.01789948517542736678 ) ) ;
#2674 = LINE ( 'NONE', #5563, #1565 ) ;
#2675 = CARTESIAN_POINT ( 'NONE',  ( -0.6500000000000001332, 0.8979999999999999094, -0.4000000000000000222 ) ) ;
#2676 = CARTESIAN_POINT ( 'NONE',  ( -0.02359158217913823880, 0.8999999999999999112, -0.01153243345573000400 ) ) ;
#2677 = CARTESIAN_POINT ( 'NONE',  ( -0.1428941049213635073, 0.9009999999999999121, -0.01421012942464640501 ) ) ;
#2678 = ORIENTED_EDGE ( 'NONE', *, *, #905, .F. ) ;
#2679 = SURFACE_SIDE_STYLE ('',( #3111 ) ) ;
#2680 = CARTESIAN_POINT ( 'NONE',  ( 0.000000000000000000, 0.9000000000000000222, 0.000000000000000000 ) ) ;
#2681 = CARTESIAN_POINT ( 'NONE',  ( 0.05718222338047136699, 0.9009999999999999121, -0.02752280458400069643 ) ) ;
#2682 = STYLED_ITEM ( 'NONE', ( #3703 ), #1910 ) ;
#2683 = CARTESIAN_POINT ( 'NONE',  ( 0.1076738391727582594, 0.9000000000000001332, 0.04786476210976885887 ) ) ;
#2684 = EDGE_CURVE ( 'NONE', #3117, #4369, #1648, .T. ) ;
#2685 = VERTEX_POINT ( 'NONE', #3568 ) ;
#2686 = AXIS2_PLACEMENT_3D ( 'NONE', #3310, #4803, #986 ) ;
#2687 = DIRECTION ( 'NONE',  ( -0.000000000000000000, -0.000000000000000000, -1.000000000000000000 ) ) ;
#2688 = CARTESIAN_POINT ( 'NONE',  ( 0.1501850548967328669, 0.8999999999999999112, -0.02777011761658656000 ) ) ;
#2689 = DIRECTION ( 'NONE',  ( -0.000000000000000000, -0.000000000000000000, -1.000000000000000000 ) ) ;
#2690 = CARTESIAN_POINT ( 'NONE',  ( -0.1246827053896295001, 0.9009999999999995790, -0.01668914976313395915 ) ) ;
#2691 = VERTEX_POINT ( 'NONE', #1214 ) ;
#2692 = CARTESIAN_POINT ( 'NONE',  ( -0.08065795944782068461, 0.9010000000000000231, -0.03591469967808750413 ) ) ;
#2693 = CARTESIAN_POINT ( 'NONE',  ( -0.1273488845628316657, 0.9010000000000000231, -0.04982318191645693922 ) ) ;
#2694 = CARTESIAN_POINT ( 'NONE',  ( -0.03420821187711153150, 0.8999999999999999112, 0.003936584318432892818 ) ) ;
#2695 = CARTESIAN_POINT ( 'NONE',  ( -0.1433630034027988664, 0.8999999999999999112, -0.001531604568162380853 ) ) ;
#2696 = VERTEX_POINT ( 'NONE', #1777 ) ;
#2697 = CARTESIAN_POINT ( 'NONE',  ( 0.01694972150391758567, 0.9009999999999999121, 0.03388616946846450401 ) ) ;
#2698 = CARTESIAN_POINT ( 'NONE',  ( 0.1133980733892724635, 0.8999999999999998002, -0.03333872536719770935 ) ) ;
#2699 = CARTESIAN_POINT ( 'NONE',  ( -0.1044595392515194759, 0.9010000000000001341, 0.03117538986780106491 ) ) ;
#2700 = CARTESIAN_POINT ( 'NONE',  ( 0.1279768144250405804, 0.9009999999999999121, -0.05464834374033384484 ) ) ;
#2701 = FILL_AREA_STYLE ('',( #6093 ) ) ;
#2702 = VECTOR ( 'NONE', #286, 1000.000000000000000 ) ;
#2703 = SURFACE_STYLE_FILL_AREA ( #4899 ) ;
#2704 = ORIENTED_EDGE ( 'NONE', *, *, #5063, .F. ) ;
#2705 = LINE ( 'NONE', #5167, #4466 ) ;
#2706 = CARTESIAN_POINT ( 'NONE',  ( 0.05102648778011002750, 0.9009999999999996900, -0.03529417692304603199 ) ) ;
#2707 = CARTESIAN_POINT ( 'NONE',  ( 0.07198220229311308449, 0.9010000000000001341, -0.03841954792534682528 ) ) ;
#2708 = ORIENTED_EDGE ( 'NONE', *, *, #3239, .T. ) ;
#2709 = CYLINDRICAL_SURFACE ( 'NONE', #5520, 0.6084470225131334287 ) ;
#2710 = EDGE_CURVE ( 'NONE', #936, #3197, #6108, .T. ) ;
#2711 = CARTESIAN_POINT ( 'NONE',  ( -0.7980000000000000426, 0.8979999999999999094, -0.3980000000000000204 ) ) ;
#2712 = CARTESIAN_POINT ( 'NONE',  ( 0.1502064263095452823, 0.8999999999999999112, -0.02973160662524388168 ) ) ;
#2713 = CARTESIAN_POINT ( 'NONE',  ( -0.09361491809752087168, 0.9000000000000001332, 0.006436198783255781160 ) ) ;
#2714 = CARTESIAN_POINT ( 'NONE',  ( -0.1251516226410089028, 0.8999999999999994671, -0.01117624724700897083 ) ) ;
#2715 = ORIENTED_EDGE ( 'NONE', *, *, #3152, .F. ) ;
#2716 = CARTESIAN_POINT ( 'NONE',  ( 0.000000000000000000, 0.002000000000000000042, -0.3980000000000000204 ) ) ;
#2717 = CARTESIAN_POINT ( 'NONE',  ( 0.1373990654742242024, 0.9010000000000000231, 0.01800075059040279549 ) ) ;
#2718 = EDGE_CURVE ( 'NONE', #3767, #2752, #1713, .T. ) ;
#2719 = CARTESIAN_POINT ( 'NONE',  ( 0.6492124365917352202, 0.8996948758056648732, 0.3990955810924760039 ) ) ;
#2720 = SURFACE_STYLE_FILL_AREA ( #1247 ) ;
#2721 = CARTESIAN_POINT ( 'NONE',  ( 0.1223020606997652776, 0.9000000000000001332, -0.05507727764508545815 ) ) ;
#2722 = LINE ( 'NONE', #5091, #6174 ) ;
#2723 = CARTESIAN_POINT ( 'NONE',  ( 0.04795773737532316866, 0.8999999999999998002, -0.03670556409641050760 ) ) ;
#2724 = EDGE_LOOP ( 'NONE', ( #3205, #1819, #3509, #2731 ) ) ;
#2725 = CARTESIAN_POINT ( 'NONE',  ( 0.1278851711104367628, 0.8999999999999999112, 0.04952721436369835611 ) ) ;
#2726 = CARTESIAN_POINT ( 'NONE',  ( 0.1317776326779539209, 0.9010000000000001341, 0.02886913158716699138 ) ) ;
#2727 = CARTESIAN_POINT ( 'NONE',  ( 0.07422903505129933854, 0.9009999999999999121, 0.02851237849927955662 ) ) ;
#2728 = CARTESIAN_POINT ( 'NONE',  ( 0.1501663736944089111, 0.9009999999999999121, -0.03145936491836581750 ) ) ;
#2729 = CARTESIAN_POINT ( 'NONE',  ( -0.06335820104987009704, 0.9000000000000003553, 0.02474237120222437525 ) ) ;
#2730 = AXIS2_PLACEMENT_3D ( 'NONE', #2285, #3548, #5616 ) ;
#2731 = ORIENTED_EDGE ( 'NONE', *, *, #2718, .F. ) ;
#2732 = ORIENTED_EDGE ( 'NONE', *, *, #3124, .T. ) ;
#2733 =( GEOMETRIC_REPRESENTATION_CONTEXT ( 3 ) GLOBAL_UNCERTAINTY_ASSIGNED_CONTEXT ( ( #660 ) ) GLOBAL_UNIT_ASSIGNED_CONTEXT ( ( #1765, #5080, #3768 ) ) REPRESENTATION_CONTEXT ( 'NONE', 'WORKASPACE' ) );
#2734 = VECTOR ( 'NONE', #5567, 1000.000000000000000 ) ;
#2735 = CARTESIAN_POINT ( 'NONE',  ( 0.02649726928332218207, 0.9010000000000001341, -0.04982318191645692534 ) ) ;
#2736 = CARTESIAN_POINT ( 'NONE',  ( -0.1410553555008579873, 0.9000000000000001332, 0.02291271037115825970 ) ) ;
#2737 = CARTESIAN_POINT ( 'NONE',  ( 0.09324451654763186992, 0.9000000000000000222, 0.03623359924253317932 ) ) ;
#2738 = ORIENTED_EDGE ( 'NONE', *, *, #4192, .T. ) ;
#2739 = CARTESIAN_POINT ( 'NONE',  ( -0.1092484200694655294, 0.9000000000000001332, 0.03210220953440172387 ) ) ;
#2740 = CARTESIAN_POINT ( 'NONE',  ( 0.04459773377668834610, 0.9010000000000000231, -0.03712855969636751075 ) ) ;
#2741 = CARTESIAN_POINT ( 'NONE',  ( -0.04047467002701090472, 0.9010000000000000231, 0.006093408410241480354 ) ) ;
#2742 = CARTESIAN_POINT ( 'NONE',  ( -0.1044595392515194759, 0.9000000000000001332, 0.03117538986780106491 ) ) ;
#2743 = CARTESIAN_POINT ( 'NONE',  ( 0.02843186839207294259, 0.8999999999999999112, -0.001331284055341868094 ) ) ;
#2744 = CARTESIAN_POINT ( 'NONE',  ( 0.1130472530074575627, 0.9010000000000000231, -0.01533368790149571871 ) ) ;
#2745 = CARTESIAN_POINT ( 'NONE',  ( -0.1021725059435788646, 0.9010000000000003562, -0.05434940545442304427 ) ) ;
#2746 = CARTESIAN_POINT ( 'NONE',  ( 0.1305467992618312700, 0.9010000000000001341, 0.02973801221860004201 ) ) ;
#2747 = ADVANCED_FACE ( 'NONE', ( #5996 ), #1186, .T. ) ;
#2748 = CARTESIAN_POINT ( 'NONE',  ( 0.1401724331259361356, 0.9000000000000001332, -0.04914859162608015142 ) ) ;
#2749 =( LENGTH_UNIT ( ) NAMED_UNIT ( * ) SI_UNIT ( .MILLI., .METRE. ) );
#2750 = CARTESIAN_POINT ( 'NONE',  ( 0.1221818683920729426, 0.9010000000000000231, -0.03712855969636751075 ) ) ;
#2751 = EDGE_CURVE ( 'NONE', #5776, #1192, #6025, .T. ) ;
#2752 = VERTEX_POINT ( 'NONE', #3098 ) ;
#2753 = CARTESIAN_POINT ( 'NONE',  ( 0.1233027102027686867, 0.8999999999999998002, 0.03207405753280618416 ) ) ;
#2754 = CARTESIAN_POINT ( 'NONE',  ( 0.07741579153815290881, 0.9010000000000001341, 0.01516769326465640562 ) ) ;
#2755 = CARTESIAN_POINT ( 'NONE',  ( 0.1471140151499751025, 0.9009999999999999121, -0.04110593495846610879 ) ) ;
#2756 = CARTESIAN_POINT ( 'NONE',  ( -0.06379822072815714840, 0.8999999999999998002, 0.02179261766316717766 ) ) ;
#2757 = ORIENTED_EDGE ( 'NONE', *, *, #3291, .T. ) ;
#2758 = CARTESIAN_POINT ( 'NONE',  ( 0.04626168701168998504, 0.9000000000000001332, 0.03205301768824950215 ) ) ;
#2759 = ORIENTED_EDGE ( 'NONE', *, *, #4853, .T. ) ;
#2760 = PLANE ( 'NONE',  #1442 ) ;
#2761 = CARTESIAN_POINT ( 'NONE',  ( -0.02942796499762738785, 0.8999999999999999112, -0.01269042163678113337 ) ) ;
#2762 = CARTESIAN_POINT ( 'NONE',  ( -0.1326815219244642796, 0.8999999999999999112, 0.04012640489766579333 ) ) ;
#2763 = EDGE_LOOP ( 'NONE', ( #4386, #4941, #1942, #1470 ) ) ;
#2764 = CARTESIAN_POINT ( 'NONE',  ( 0.01048315044335500039, 0.9000000000000001332, -0.001531604568162380853 ) ) ;
#2765 = LINE ( 'NONE', #1859, #41 ) ;
#2766 = CARTESIAN_POINT ( 'NONE',  ( -0.03191007006466339835, 0.9010000000000002451, 0.05002398932788577890 ) ) ;
#2767 = LINE ( 'NONE', #5205, #5323 ) ;
#2768 = CARTESIAN_POINT ( 'NONE',  ( 0.02845017530176954107, 0.9000000000000001332, 0.0001912801437514796308 ) ) ;
#2769 = CARTESIAN_POINT ( 'NONE',  ( -0.7980000000000000426, 0.9000000000000000222, 0.4000000000000000222 ) ) ;
#2770 = COLOUR_RGB ( '',0.9019607843137255054, 0.7098039215686274828, 0.4392156862745097978 ) ;
#2771 = ORIENTED_EDGE ( 'NONE', *, *, #1443, .T. ) ;
#2772 = SURFACE_SIDE_STYLE ('',( #886 ) ) ;
#2773 = EDGE_CURVE ( 'NONE', #4107, #2359, #4144, .T. ) ;
#2774 = CARTESIAN_POINT ( 'NONE',  ( 0.1233027102027686867, 0.9009999999999998010, 0.03207405753280618416 ) ) ;
#2775 = VECTOR ( 'NONE', #2544, 1000.000000000000000 ) ;
#2776 = CARTESIAN_POINT ( 'NONE',  ( 0.04202898570683550467, 0.8999999999999996891, 0.05000525472347360639 ) ) ;
#2777 = CARTESIAN_POINT ( 'NONE',  ( 0.1502267401869447627, 0.9010000000000000231, -0.02885532251688032943 ) ) ;
#2778 = CARTESIAN_POINT ( 'NONE',  ( -0.09105002984455548565, 0.9010000000000000231, 0.04486787705809486271 ) ) ;
#2779 = CARTESIAN_POINT ( 'NONE',  ( 0.05943212107049544723, 0.8999999999999999112, -0.01900855553905306597 ) ) ;
#2780 = ORIENTED_EDGE ( 'NONE', *, *, #3096, .T. ) ;
#2781 = CARTESIAN_POINT ( 'NONE',  ( 0.1278851711104367628, 0.9009999999999999121, 0.04952721436369835611 ) ) ;
#2782 = EDGE_CURVE ( 'NONE', #5316, #6155, #3926, .T. ) ;
#2783 = CARTESIAN_POINT ( 'NONE',  ( 0.07820383024967444974, 0.9000000000000001332, 0.006853463484889396606 ) ) ;
#2784 = CARTESIAN_POINT ( 'NONE',  ( 0.1497643444759731435, 0.9010000000000005782, -0.03400135775730344506 ) ) ;
#2785 = EDGE_CURVE ( 'NONE', #4210, #5046, #4404, .T. ) ;
#2786 = ORIENTED_EDGE ( 'NONE', *, *, #3667, .F. ) ;
#2787 = SURFACE_SIDE_STYLE ('',( #839 ) ) ;
#2788 = CARTESIAN_POINT ( 'NONE',  ( 0.05081360659037026384, 0.9000000000000001332, 0.03040672219967174503 ) ) ;
#2789 = EDGE_LOOP ( 'NONE', ( #4882, #3832, #1371, #841 ) ) ;
#2790 = CARTESIAN_POINT ( 'NONE',  ( 0.04283257682590426579, 0.8999999999999999112, -0.05503319143535112534 ) ) ;
#2791 = VECTOR ( 'NONE', #1835, 1000.000000000000000 ) ;
#2792 = FILL_AREA_STYLE ('',( #1918 ) ) ;
#2793 = ORIENTED_EDGE ( 'NONE', *, *, #4264, .F. ) ;
#2794 = PRESENTATION_LAYER_ASSIGNMENT (  '', '', ( #3706 ) ) ;
#2795 = ORIENTED_EDGE ( 'NONE', *, *, #2575, .F. ) ;
#2796 = SURFACE_STYLE_FILL_AREA ( #4199 ) ;
#2797 =( NAMED_UNIT ( * ) PLANE_ANGLE_UNIT ( ) SI_UNIT ( $, .RADIAN. ) );
#2798 = CARTESIAN_POINT ( 'NONE',  ( -0.02395272079906845750, 0.9010000000000001341, 0.04881379370536739065 ) ) ;
#2799 = DIRECTION ( 'NONE',  ( 1.000000000000000000, 0.000000000000000000, -0.000000000000000000 ) ) ;
#2800 = COLOUR_RGB ( '',0.9411764705882352811, 0.9411764705882352811, 0.9411764705882352811 ) ;
#2801 = CARTESIAN_POINT ( 'NONE',  ( 0.04459773377668834610, 0.8999999999999999112, 0.03210220953440172387 ) ) ;
#2802 = CARTESIAN_POINT ( 'NONE',  ( 0.1185923795456789859, 0.9000000000000000222, 0.03197107776130263951 ) ) ;
#2803 = ORIENTED_EDGE ( 'NONE', *, *, #4459, .T. ) ;
#2804 = CARTESIAN_POINT ( 'NONE',  ( -0.09338517988210826015, 0.9010000000000002451, -0.05097231666860020660 ) ) ;
#2805 = CARTESIAN_POINT ( 'NONE',  ( 0.1148637350036203209, 0.9010000000000003562, -0.03457334019344984050 ) ) ;
#2806 = CARTESIAN_POINT ( 'NONE',  ( -0.1427945594816586450, 0.9010000000000002451, 0.01190364535197621296 ) ) ;
#2807 = CARTESIAN_POINT ( 'NONE',  ( 0.05778913562418708239, 0.8999999999999999112, 0.02032294584786754552 ) ) ;
#2808 = DIRECTION ( 'NONE',  ( -1.000000000000000000, 0.000000000000000000, 0.000000000000000000 ) ) ;
#2809 = CARTESIAN_POINT ( 'NONE',  ( -0.09487733538780504516, 0.9000000000000002442, 0.04716697732936905862 ) ) ;
#2810 = EDGE_LOOP ( 'NONE', ( #5817, #137, #5051, #502 ) ) ;
#2811 = ADVANCED_FACE ( 'NONE', ( #3893 ), #5829, .F. ) ;
#2812 = CARTESIAN_POINT ( 'NONE',  ( 0.04517372589279967238, 0.8999999999999996891, -0.03710503881139981530 ) ) ;
#2813 = CARTESIAN_POINT ( 'NONE',  ( 0.1540215002807392985, 0.9009999999999999121, 0.02727136343670072752 ) ) ;
#2814 = CARTESIAN_POINT ( 'NONE',  ( 0.07192080820401830499, 0.9009999999999999121, 0.03370959116830480468 ) ) ;
#2815 = FACE_OUTER_BOUND ( 'NONE', #1590, .T. ) ;
#2816 = CARTESIAN_POINT ( 'NONE',  ( -0.7980000000000000426, 0.8979999999999999094, 0.3980000000000000204 ) ) ;
#2817 = B_SPLINE_CURVE_WITH_KNOTS ( 'NONE', 3,
 ( #5434, #3462, #1642, #674, #157, #1119, #2629, #5803, #1150, #4398, #4964 ),
 .UNSPECIFIED., .F., .F.,
 ( 4, 1, 1, 1, 1, 1, 1, 1, 4 ),
 ( 0.000000000000000000, 0.1235225888124362181, 0.2451066492784788331, 0.3672656097279722309, 0.4946905456421145098, 0.6223238729478116626, 0.7460028360253887492, 0.8722531479452954040, 1.000000000000000000 ),
 .UNSPECIFIED. ) ;
#2818 = EDGE_LOOP ( 'NONE', ( #1288, #5126, #2968 ) ) ;
#2819 = CARTESIAN_POINT ( 'NONE',  ( -0.1402606574164892428, 0.9010000000000000231, -0.02993969693113646482 ) ) ;
#2820 = CARTESIAN_POINT ( 'NONE',  ( 0.1321753719026536877, 0.9009999999999999121, -0.02963524828149501078 ) ) ;
#2821 = ORIENTED_EDGE ( 'NONE', *, *, #1416, .F. ) ;
#2822 = EDGE_CURVE ( 'NONE', #2696, #1915, #237, .T. ) ;
#2823 = CARTESIAN_POINT ( 'NONE',  ( 0.02960516254388110766, 0.9000000000000000222, -0.05174212879816673244 ) ) ;
#2824 =( NAMED_UNIT ( * ) SI_UNIT ( $, .STERADIAN. ) SOLID_ANGLE_UNIT ( ) );
#2825 = CARTESIAN_POINT ( 'NONE',  ( -0.03334697776177321382, 0.9010000000000000231, 0.003897081329273516161 ) ) ;
#2826 = CIRCLE ( 'NONE', #3229, 0.002000000000000048614 ) ;
#2827 = B_SPLINE_CURVE_WITH_KNOTS ( 'NONE', 3,
 ( #5839, #61, #1962, #126, #1491, #3406, #5306, #1025, #5991, #5028, #737 ),
 .UNSPECIFIED., .F., .F.,
 ( 4, 1, 1, 1, 1, 1, 1, 1, 4 ),
 ( 0.000000000000000000, 0.1354037467141837592, 0.2622251654516489783, 0.3858490677562557147, 0.5108573636088598047, 0.6349774647635284541, 0.7532990766584847231, 0.8739320409395670008, 1.000000000000000000 ),
 .UNSPECIFIED. ) ;
#2828 = ADVANCED_FACE ( 'NONE', ( #3863 ), #1550, .T. ) ;
#2829 = ORIENTED_EDGE ( 'NONE', *, *, #4174, .F. ) ;
#2830 =( GEOMETRIC_REPRESENTATION_CONTEXT ( 3 ) GLOBAL_UNCERTAINTY_ASSIGNED_CONTEXT ( ( #2558 ) ) GLOBAL_UNIT_ASSIGNED_CONTEXT ( ( #705, #3992, #2598 ) ) REPRESENTATION_CONTEXT ( 'NONE', 'WORKASPACE' ) );
#2831 = FILL_AREA_STYLE_COLOUR ( '', #3629 ) ;
#2832 = DIRECTION ( 'NONE',  ( 0.000000000000000000, -1.000000000000000000, 0.000000000000000000 ) ) ;
#2833 = CARTESIAN_POINT ( 'NONE',  ( -0.1273488845628316657, 0.9010000000000000231, -0.04982318191645693922 ) ) ;
#2834 = SURFACE_STYLE_USAGE ( .BOTH. , #1273 ) ;
#2835 = CARTESIAN_POINT ( 'NONE',  ( -0.002846559562144815314, 0.9010000000000004672, 0.02517180399075242755 ) ) ;
#2836 = CARTESIAN_POINT ( 'NONE',  ( 0.01246933194599060893, 0.9000000000000002442, -0.02516093932430846919 ) ) ;
#2837 = CARTESIAN_POINT ( 'NONE',  ( -0.6484447241237956128, -6.196095612283998135E-14, 0.3982103961453940522 ) ) ;
#2838 = CARTESIAN_POINT ( 'NONE',  ( -0.02028608032587578269, 0.9010000000000000231, 0.01789948517542736678 ) ) ;
#2839 = FACE_BOUND ( 'NONE', #2763, .T. ) ;
#2840 = CARTESIAN_POINT ( 'NONE',  ( 0.1172220721864707660, 0.9009999999999999121, 0.04997550569784886543 ) ) ;
#2841 = MECHANICAL_DESIGN_GEOMETRIC_PRESENTATION_REPRESENTATION (  '', ( #4733 ), #3042 ) ;
#2842 = CARTESIAN_POINT ( 'NONE',  ( -0.02028608032587578269, 0.9000000000000000222, 0.01789948517542736678 ) ) ;
#2843 = CARTESIAN_POINT ( 'NONE',  ( -0.1433535496940852028, 0.9010000000000000231, 6.449193210029902036E-05 ) ) ;
#2844 =( LENGTH_UNIT ( ) NAMED_UNIT ( * ) SI_UNIT ( .MILLI., .METRE. ) );
#2845 = CARTESIAN_POINT ( 'NONE',  ( -0.1417662812880069179, 0.9010000000000000231, 0.01952557634894604155 ) ) ;
#2846 = EDGE_LOOP ( 'NONE', ( #2641, #5356, #4289, #873 ) ) ;
#2847 = CARTESIAN_POINT ( 'NONE',  ( 0.04459773377668834610, 0.8999999999999998002, -0.03712855969636751075 ) ) ;
#2848 = CARTESIAN_POINT ( 'NONE',  ( 0.1529675590454608047, 0.9010000000000001341, 0.03022892589919315420 ) ) ;
#2849 = ADVANCED_FACE ( 'NONE', ( #1610 ), #1114, .T. ) ;
#2850 = CARTESIAN_POINT ( 'NONE',  ( 0.04557308365757199026, 0.9010000000000001341, 0.05003578430712354863 ) ) ;
#2851 = CARTESIAN_POINT ( 'NONE',  ( 0.7980000000000000426, 0.8979999999999999094, -0.3980000000000000204 ) ) ;
#2852 = CARTESIAN_POINT ( 'NONE',  ( -0.6489175192122752511, 0.8998516726475159766, -0.3987558495093769251 ) ) ;
#2853 = ORIENTED_EDGE ( 'NONE', *, *, #3219, .T. ) ;
#2854 = CARTESIAN_POINT ( 'NONE',  ( 0.1491950269789817929, 0.8999999999999998002, -2.344613758900031907E-06 ) ) ;
#2855 = CARTESIAN_POINT ( 'NONE',  ( -0.6484832003429489289, 0.000000000000000000, -0.3982548875554663970 ) ) ;
#2856 = ADVANCED_FACE ( 'NONE', ( #3023 ), #1950, .T. ) ;
#2857 = CARTESIAN_POINT ( 'NONE',  ( 0.04467786198181653706, 0.8999999999999998002, 0.05005092748311967821 ) ) ;
#2858 = ORIENTED_EDGE ( 'NONE', *, *, #1074, .T. ) ;
#2859 = PRESENTATION_STYLE_ASSIGNMENT (( #451 ) ) ;
#2860 = CARTESIAN_POINT ( 'NONE',  ( -0.06264775432451645532, 0.9010000000000002451, 0.009740224526693942383 ) ) ;
#2861 = CARTESIAN_POINT ( 'NONE',  ( 0.05778913562418708239, 0.8999999999999999112, 0.02032294584786754552 ) ) ;
#2862 = EDGE_LOOP ( 'NONE', ( #1038, #1318, #3939, #5634 ) ) ;
#2863 = APPLICATION_PROTOCOL_DEFINITION ( 'draft international standard', 'automotive_design', 1998, #3184 ) ;
#2864 = CARTESIAN_POINT ( 'NONE',  ( -0.04581680343567362534, 0.9009999999999998010, 0.01506262563393197598 ) ) ;
#2865 = CARTESIAN_POINT ( 'NONE',  ( 0.1088893794878892513, 0.9000000000000002442, 0.02616936667796914903 ) ) ;
#2866 = CARTESIAN_POINT ( 'NONE',  ( 0.1264198771485275929, 0.8999999999999998002, 0.03152726913651421325 ) ) ;
#2867 = UNCERTAINTY_MEASURE_WITH_UNIT (LENGTH_MEASURE( 1.000000000000000082E-05 ), #1569, 'distance_accuracy_value', 'NONE');
#2868 = CARTESIAN_POINT ( 'NONE',  ( 0.6497883585563699604, 0.001045038951370650098, -0.3997572847167403798 ) ) ;
#2869 = CARTESIAN_POINT ( 'NONE',  ( -0.6498293095714811063, 0.001120943203332219664, 0.3998042847562123248 ) ) ;
#2870 = CARTESIAN_POINT ( 'NONE',  ( -0.6488050738202444379, 0.8998994340293756666, 0.3986262191057000082 ) ) ;
#2871 = B_SPLINE_CURVE_WITH_KNOTS ( 'NONE', 3,
 ( #2972, #4440, #94, #4874, #590, #3845, #2508, #3501, #3441, #5777, #5311, #1062, #1464, #5412, #4784, #4370, #5872, #3969, #3909, #3379, #4407, #5278, #1030, #4308, #996, #3941, #2446 ),
 .UNSPECIFIED., .F., .F.,
 ( 4, 1, 1, 1, 1, 1, 1, 1, 1, 1, 1, 1, 1, 1, 1, 1, 1, 1, 1, 1, 1, 1, 1, 1, 4 ),
 ( 0.000000000000000000, 0.03663489025512731839, 0.07203398234778937703, 0.1066259706074960262, 0.1403056939382974211, 0.1736194704926824761, 0.2064256725696814176, 0.2390670061327424822, 0.2718828805625944645, 0.3048398888131204076, 0.3385290337045872011, 0.3726161878593847732, 0.4075482500265396046, 0.4437189059571693406, 0.4813115090919058980, 0.5201129981462018215, 0.5609129028334480793, 0.6040246006136038570, 0.6500745638656777459, 0.6995722277770578534, 0.7523625390892968445, 0.8087887173463874646, 0.8689542125204782197, 0.9326747199379386011, 1.000000000000000000 ),
 .UNSPECIFIED. ) ;
#2872 = FACE_OUTER_BOUND ( 'NONE', #4709, .T. ) ;
#2873 = CARTESIAN_POINT ( 'NONE',  ( 0.02892077535816578449, 0.9000000000000000222, -0.01404035714097477162 ) ) ;
#2874 = CARTESIAN_POINT ( 'NONE',  ( 0.02630175366790356295, 0.8999999999999994671, 0.04484735562173471773 ) ) ;
#2875 = CARTESIAN_POINT ( 'NONE',  ( -0.07541428545408090933, 0.9010000000000000231, -0.002473110978418791451 ) ) ;
#2876 = CARTESIAN_POINT ( 'NONE',  ( -0.1310609088088527108, 0.9000000000000001332, 0.04186268668908313395 ) ) ;
#2877 = DIRECTION ( 'NONE',  ( 0.8919390152644691705, 0.000000000000000000, 0.4521557177002732408 ) ) ;
#2878 = ORIENTED_EDGE ( 'NONE', *, *, #1208, .T. ) ;
#2879 = LINE ( 'NONE', #2065, #6115 ) ;
#2880 =( GEOMETRIC_REPRESENTATION_CONTEXT ( 3 ) GLOBAL_UNCERTAINTY_ASSIGNED_CONTEXT ( ( #2624 ) ) GLOBAL_UNIT_ASSIGNED_CONTEXT ( ( #49, #5701, #5265 ) ) REPRESENTATION_CONTEXT ( 'NONE', 'WORKASPACE' ) );
#2881 = CARTESIAN_POINT ( 'NONE',  ( 0.1373849539460993974, 0.9009999999999998010, 0.01898968852012839978 ) ) ;
#2882 = CARTESIAN_POINT ( 'NONE',  ( -0.1433351879664146178, 0.8999999999999999112, 0.003164554580687270816 ) ) ;
#2883 = CARTESIAN_POINT ( 'NONE',  ( -0.09829088801818347543, 0.9010000000000000231, 0.02523121594465813772 ) ) ;
#2884 = CARTESIAN_POINT ( 'NONE',  ( 0.1262585958869498759, 0.9010000000000002451, -0.03654294513051992155 ) ) ;
#2885 = CARTESIAN_POINT ( 'NONE',  ( -0.6500000000002216227, 0.8981499154203740343, -0.4000000000002689182 ) ) ;
#2886 = VERTEX_POINT ( 'NONE', #1172 ) ;
#2887 = CARTESIAN_POINT ( 'NONE',  ( 0.1516040602789811287, 0.8999999999999999112, 0.003378715235055416120 ) ) ;
#2888 = EDGE_CURVE ( 'NONE', #75, #3923, #963, .T. ) ;
#2889 = CARTESIAN_POINT ( 'NONE',  ( -0.09523094950925845015, 0.9000000000000002442, 0.01737089936649919772 ) ) ;
#2890 =( LENGTH_UNIT ( ) NAMED_UNIT ( * ) SI_UNIT ( .MILLI., .METRE. ) );
#2891 = ORIENTED_EDGE ( 'NONE', *, *, #1737, .T. ) ;
#2892 =( NAMED_UNIT ( * ) PLANE_ANGLE_UNIT ( ) SI_UNIT ( $, .RADIAN. ) );
#2893 = PRODUCT_DEFINITION ( 'UNKNOWN', '', #252, #4547 ) ;
#2894 = ORIENTED_EDGE ( 'NONE', *, *, #2375, .T. ) ;
#2895 = VECTOR ( 'NONE', #338, 1000.000000000000000 ) ;
#2896 = CARTESIAN_POINT ( 'NONE',  ( -1.108484219145106087, 0.000000000000000000, 8.924125261806806511E-17 ) ) ;
#2897 = CARTESIAN_POINT ( 'NONE',  ( 0.1073364532122401405, 0.9009999999999999121, 0.02349725292308342192 ) ) ;
#2898 = CARTESIAN_POINT ( 'NONE',  ( 0.1233027102027686867, 0.8999999999999998002, 0.03207405753280618416 ) ) ;
#2899 = CARTESIAN_POINT ( 'NONE',  ( -0.02116276177714435797, 0.9010000000000000231, 0.04784187996370220519 ) ) ;
#2900 = CARTESIAN_POINT ( 'NONE',  ( -0.7980000000000000426, 0.002000000000000000042, 0.3980000000000000204 ) ) ;
#2901 = FILL_AREA_STYLE_COLOUR ( '', #1100 ) ;
#2902 = STYLED_ITEM ( 'NONE', ( #2467 ), #349 ) ;
#2903 = CARTESIAN_POINT ( 'NONE',  ( 0.05555526582797038621, 0.9010000000000002451, 0.02523121594465813772 ) ) ;
#2904 = CARTESIAN_POINT ( 'NONE',  ( 0.1212118983669501215, 0.9010000000000001341, -0.05505387344039900516 ) ) ;
#2905 = EDGE_CURVE ( 'NONE', #4307, #3468, #5573, .T. ) ;
#2906 = B_SPLINE_SURFACE_WITH_KNOTS ( 'NONE', 3, 1, ( 
 ( #2521, #2161 ),
 ( #2619, #5822 ),
 ( #3983, #5912 ),
 ( #5948, #3516 ),
 ( #3581, #2985 ),
 ( #5423, #2079 ),
 ( #1197, #235 ),
 ( #1659, #3108 ),
 ( #3078, #4888 ),
 ( #722, #4015 ),
 ( #1630, #599 ),
 ( #3550, #694 ),
 ( #5449, #4419 ),
 ( #145, #5015 ),
 ( #3951, #267 ),
 ( #5857, #4918 ),
 ( #3451, #4515 ),
 ( #4984, #1570 ),
 ( #5885, #2134 ),
 ( #2646, #1604 ),
 ( #207, #630 ),
 ( #3481, #1166 ),
 ( #4045, #5394 ),
 ( #2588, #1106 ),
 ( #1538, #5475 ),
 ( #5353, #4546 ),
 ( #3019, #2557 ) ),
 .UNSPECIFIED., .F., .F., .F.,
 ( 4, 1, 1, 1, 1, 1, 1, 1, 1, 1, 1, 1, 1, 1, 1, 1, 1, 1, 1, 1, 1, 1, 1, 1, 4 ),
 ( 2, 2 ),
 ( 0.000000000000000000, 0.03663489025512712410, 0.07203398234778957132, 0.1066259706074962205, 0.1403056939382972546, 0.1736194704926826704, 0.2064256725696816119, 0.2390670061327423435, 0.2718828805625946310, 0.3048398888131204076, 0.3385290337045873676, 0.3726161878593849397, 0.4075482500265395491, 0.4437189059571695071, 0.4813115090919060091, 0.5201129981462018215, 0.5609129028334483014, 0.6040246006136038570, 0.6500745638656778569, 0.6995722277770579645, 0.7523625390892969556, 0.8087887173463875756, 0.8689542125204782197, 0.9326747199379386011, 1.000000000000000000 ),
 ( 0.000000000000000000, 1.000000000000000000 ),
 .UNSPECIFIED. ) ;
#2907 = CARTESIAN_POINT ( 'NONE',  ( 0.03945598580818196477, 0.9010000000000003562, 0.04976978246409322071 ) ) ;
#2908 = CARTESIAN_POINT ( 'NONE',  ( 0.05555526582797038621, 0.9010000000000002451, 0.02523121594465813772 ) ) ;
#2909 = CARTESIAN_POINT ( 'NONE',  ( -0.1235934628094854243, 0.8999999999999996891, 0.04714262068267498218 ) ) ;
#2910 = CARTESIAN_POINT ( 'NONE',  ( 0.6499767431879637236, 0.001628334437939663211, 0.3999733464888127754 ) ) ;
#2911 = ORIENTED_EDGE ( 'NONE', *, *, #1416, .T. ) ;
#2912 = DIRECTION ( 'NONE',  ( -1.000000000000000000, 0.000000000000000000, 0.000000000000000000 ) ) ;
#2913 = EDGE_CURVE ( 'NONE', #5776, #3919, #3962, .T. ) ;
#2914 = CARTESIAN_POINT ( 'NONE',  ( 0.1371421373218577322, 0.9000000000000003553, 0.02043475188418769628 ) ) ;
#2915 = B_SPLINE_CURVE_WITH_KNOTS ( 'NONE', 3,
 ( #2105, #177, #1134, #3052, #659, #4482, #1755, #352, #4125, #4631, #4098, #5600, #3134, #2293, #5505, #4571 ),
 .UNSPECIFIED., .F., .F.,
 ( 4, 3, 3, 3, 3, 4 ),
 ( 4.701032857261367484E-20, 5.535654255782849844E-07, 1.103371656382697729E-06, 1.847285420013703222E-06, 2.821060109827548233E-06, 3.653927284469131472E-06 ),
 .UNSPECIFIED. ) ;
#2916 = CARTESIAN_POINT ( 'NONE',  ( 0.07842231795394689897, 0.8999999999999998002, -0.0008569971373132184884 ) ) ;
#2917 = CARTESIAN_POINT ( 'NONE',  ( -0.1372041889257094860, 0.9010000000000000231, -0.03808822513632294932 ) ) ;
#2918 = VERTEX_POINT ( 'NONE', #5606 ) ;
#2919 = CARTESIAN_POINT ( 'NONE',  ( 0.04202898570683550467, 0.9010000000000000231, 0.05000525472347360639 ) ) ;
#2920 = FACE_OUTER_BOUND ( 'NONE', #275, .T. ) ;
#2921 = ORIENTED_EDGE ( 'NONE', *, *, #3404, .T. ) ;
#2922 = CARTESIAN_POINT ( 'NONE',  ( 0.1228993698574168125, 0.8999999999999999112, -0.03710142950004363671 ) ) ;
#2923 = CARTESIAN_POINT ( 'NONE',  ( -0.1254031625747702716, 0.9009999999999999121, -0.002506511678296997458 ) ) ;
#2924 = ORIENTED_EDGE ( 'NONE', *, *, #1313, .T. ) ;
#2925 = CARTESIAN_POINT ( 'NONE',  ( -0.1157973670500911656, 0.9009999999999995790, 0.03032522652347438910 ) ) ;
#2926 = CARTESIAN_POINT ( 'NONE',  ( 0.1054686844691369307, 0.8999999999999999112, 0.01734651682594107527 ) ) ;
#2927 = CARTESIAN_POINT ( 'NONE',  ( -0.8000000000000001554, 0.9000000000000000222, 0.000000000000000000 ) ) ;
#2928 = CARTESIAN_POINT ( 'NONE',  ( 0.8000000000000001554, 0.8979999999999999094, 0.3980000000000000204 ) ) ;
#2929 = CARTESIAN_POINT ( 'NONE',  ( 0.03662250692592445428, 0.9009999999999996900, 0.02929533174978218857 ) ) ;
#2930 = DIRECTION ( 'NONE',  ( 0.000000000000000000, 0.000000000000000000, 1.000000000000000000 ) ) ;
#2931 = AXIS2_PLACEMENT_3D ( 'NONE', #3807, #2799, #2340 ) ;
#2932 = CARTESIAN_POINT ( 'NONE',  ( -0.07641386399175892352, 0.9010000000000000231, -0.01996003725395848263 ) ) ;
#2933 = CARTESIAN_POINT ( 'NONE',  ( 0.03793141743643656250, 0.9000000000000001332, -0.03544193953851068613 ) ) ;
#2935 = CYLINDRICAL_SURFACE ( 'NONE', #2432, 0.001999999999999994404 ) ;
#2934 =( GEOMETRIC_REPRESENTATION_CONTEXT ( 3 ) GLOBAL_UNCERTAINTY_ASSIGNED_CONTEXT ( ( #4738 ) ) GLOBAL_UNIT_ASSIGNED_CONTEXT ( ( #1960, #3811, #2469 ) ) REPRESENTATION_CONTEXT ( 'NONE', 'WORKASPACE' ) );
#2936 = STYLED_ITEM ( 'NONE', ( #4128 ), #5178 ) ;
#2937 = CARTESIAN_POINT ( 'NONE',  ( -0.02040702257552430218, 0.9010000000000003562, 0.02079539938483194669 ) ) ;
#2938 = CARTESIAN_POINT ( 'NONE',  ( -0.1224099578850500886, 0.9000000000000001332, -0.02686393787373946018 ) ) ;
#2939 = CARTESIAN_POINT ( 'NONE',  ( -0.05852789401402551384, 0.9000000000000000222, -0.0006233024475048574466 ) ) ;
#2940 = ORIENTED_EDGE ( 'NONE', *, *, #1110, .F. ) ;
#2941 = EDGE_CURVE ( 'NONE', #2918, #4134, #5384, .T. ) ;
#2942 = STYLED_ITEM ( 'NONE', ( #4417 ), #3961 ) ;
#2943 = DIRECTION ( 'NONE',  ( 1.000000000000000000, 0.000000000000000000, 0.000000000000000000 ) ) ;
#2944 = CARTESIAN_POINT ( 'NONE',  ( 0.1534569355146809533, 0.8999999999999999112, 0.007080212985275748799 ) ) ;
#2945 = CARTESIAN_POINT ( 'NONE',  ( -0.6497544626328463080, 0.8990232999191479779, -0.3997183879874685042 ) ) ;
#2946 = CARTESIAN_POINT ( 'NONE',  ( -0.1242409913022727574, 0.8999999999999998002, -0.05174212879816671162 ) ) ;
#2947 = CARTESIAN_POINT ( 'NONE',  ( -0.09487733538780504516, 0.9000000000000001332, 0.04716697732936905862 ) ) ;
#2948 = VERTEX_POINT ( 'NONE', #3270 ) ;
#2949 = ORIENTED_EDGE ( 'NONE', *, *, #3211, .T. ) ;
#2950 = DIRECTION ( 'NONE',  ( -0.000000000000000000, -1.000000000000000000, -0.000000000000000000 ) ) ;
#2951 = CARTESIAN_POINT ( 'NONE',  ( 0.01463382686100055986, 0.9000000000000000222, 0.02885411966180115306 ) ) ;
#2952 = ORIENTED_EDGE ( 'NONE', *, *, #5395, .T. ) ;
#2953 = CARTESIAN_POINT ( 'NONE',  ( 0.1321753719026536877, 0.8999999999999999112, -0.02963524828149501078 ) ) ;
#2954 = PRESENTATION_STYLE_ASSIGNMENT (( #1233 ) ) ;
#2955 = B_SPLINE_SURFACE_WITH_KNOTS ( 'NONE', 3, 1, ( 
 ( #3438, #1434 ),
 ( #5341, #4841 ),
 ( #1028, #3816 ),
 ( #2031, #92 ),
 ( #1060, #5714 ),
 ( #26, #3938 ),
 ( #2411, #3004 ),
 ( #4906, #1935 ),
 ( #3377, #5248 ),
 ( #3907, #617 ),
 ( #5808, #1523 ),
 ( #2538, #2939 ),
 ( #2970, #1495 ),
 ( #558, #4872 ),
 ( #5775, #3408 ) ),
 .UNSPECIFIED., .F., .F., .F.,
 ( 4, 1, 1, 1, 1, 1, 1, 1, 1, 1, 1, 1, 4 ),
 ( 2, 2 ),
 ( 0.000000000000000000, 0.09253783465933068664, 0.1855907730267336853, 0.2795524791599529602, 0.3756022954876758746, 0.4276167156194811692, 0.4871168707665554654, 0.5541989278073822245, 0.6286239860240634414, 0.7096875605186883096, 0.7991807418287657505, 0.8953573266116912066, 1.000000000000000000 ),
 ( 0.000000000000000000, 1.000000000000000000 ),
 .UNSPECIFIED. ) ;
#2956 = CARTESIAN_POINT ( 'NONE',  ( 0.6486282395424921576, 0.8999666631596556776, -0.3984223011851883434 ) ) ;
#2957 = CARTESIAN_POINT ( 'NONE',  ( -0.1251770108551727434, 0.9010000000000000231, 0.007309439108918358748 ) ) ;
#2958 = CARTESIAN_POINT ( 'NONE',  ( -0.1343734046074833155, 0.9009999999999999121, -0.04255720200933739428 ) ) ;
#2959 = CARTESIAN_POINT ( 'NONE',  ( 0.1278678878716651701, 0.8999999999999999112, 0.03106492363651460267 ) ) ;
#2960 = CARTESIAN_POINT ( 'NONE',  ( 0.08768401422291792480, 0.8999999999999999112, 0.02042165176963665896 ) ) ;
#2961 = CARTESIAN_POINT ( 'NONE',  ( 0.06606036776863781490, 0.9010000000000001341, -0.04665863452239824016 ) ) ;
#2962 = SURFACE_SIDE_STYLE ('',( #1613 ) ) ;
#2963 = CARTESIAN_POINT ( 'NONE',  ( 0.1104831504433550216, 0.9010000000000000231, -0.02815420072200854051 ) ) ;
#2964 = CARTESIAN_POINT ( 'NONE',  ( 0.02916344845652427825, 0.9000000000000000222, -0.01668914976313396609 ) ) ;
#2965 = CARTESIAN_POINT ( 'NONE',  ( 0.04003823405869161994, 0.8999999999999998002, -0.03639882694468773300 ) ) ;
#2966 = CARTESIAN_POINT ( 'NONE',  ( 0.01048315044335500039, 0.8999999999999996891, -0.001531604568162380853 ) ) ;
#2967 = CARTESIAN_POINT ( 'NONE',  ( 0.1104831504433550216, 0.9000000000000000222, -0.02815420072200854051 ) ) ;
#2968 = ORIENTED_EDGE ( 'NONE', *, *, #4011, .F. ) ;
#2969 = CIRCLE ( 'NONE', #4968, 0.002000000000000048614 ) ;
#2970 = CARTESIAN_POINT ( 'NONE',  ( -0.05748022250366413566, 0.9010000000000002451, -0.002840743715186448432 ) ) ;
#2971 = ORIENTED_EDGE ( 'NONE', *, *, #5292, .T. ) ;
#2972 = CARTESIAN_POINT ( 'NONE',  ( -0.1096891251976706561, 0.9000000000000000222, -0.05507727764508545815 ) ) ;
#2973 = DIRECTION ( 'NONE',  ( 0.000000000000000000, 0.000000000000000000, 1.000000000000000000 ) ) ;
#2974 = MECHANICAL_DESIGN_GEOMETRIC_PRESENTATION_REPRESENTATION (  '', ( #477 ), #5763 ) ;
#2975 = CARTESIAN_POINT ( 'NONE',  ( 0.1370401117806839819, 0.9010000000000001341, 0.01426247521144601016 ) ) ;
#2976 = FILL_AREA_STYLE_COLOUR ( '', #1199 ) ;
#2977 = CARTESIAN_POINT ( 'NONE',  ( -0.002337362377157837026, 0.9010000000000000231, 0.01892111979081198200 ) ) ;
#2978 = ORIENTED_EDGE ( 'NONE', *, *, #5452, .T. ) ;
#2979 = VERTEX_POINT ( 'NONE', #780 ) ;
#2980 = CARTESIAN_POINT ( 'NONE',  ( -0.09543349515744146971, 0.9009999999999999121, -0.05208803695162561587 ) ) ;
#2981 = CARTESIAN_POINT ( 'NONE',  ( -0.1254142854540808982, 0.9010000000000000231, -0.001331284055341868094 ) ) ;
#2982 = EDGE_CURVE ( 'NONE', #1090, #4129, #2705, .T. ) ;
#2983 = DIRECTION ( 'NONE',  ( 0.000000000000000000, 1.000000000000000000, -0.000000000000000000 ) ) ;
#2984 = CARTESIAN_POINT ( 'NONE',  ( 0.1426132029444711902, 0.9000000000000000222, -0.01173143734822928996 ) ) ;
#2985 = CARTESIAN_POINT ( 'NONE',  ( 0.05167364790257503865, 0.9000000000000001332, -0.05434940545442305815 ) ) ;
#2986 = ADVANCED_FACE ( 'NONE', ( #6069 ), #754, .T. ) ;
#2987 = CARTESIAN_POINT ( 'NONE',  ( 0.000000000000000000, 0.8979999999999999094, -0.3980000000000000204 ) ) ;
#2988 = EDGE_CURVE ( 'NONE', #2473, #1687, #5078, .T. ) ;
#2989 = CARTESIAN_POINT ( 'NONE',  ( -0.09336300340279884979, 0.9010000000000000231, -0.002473110978418791451 ) ) ;
#2990 =( LENGTH_UNIT ( ) NAMED_UNIT ( * ) SI_UNIT ( .MILLI., .METRE. ) );
#2991 = UNCERTAINTY_MEASURE_WITH_UNIT (LENGTH_MEASURE( 1.000000000000000082E-05 ), #5056, 'distance_accuracy_value', 'NONE');
#2992 = CARTESIAN_POINT ( 'NONE',  ( 0.08740622736643191559, 0.9010000000000000231, 0.01671759414978633840 ) ) ;
#2993 = FILL_AREA_STYLE_COLOUR ( '', #77 ) ;
#2994 = B_SPLINE_CURVE_WITH_KNOTS ( 'NONE', 3,
 ( #487, #3245, #4767, #2397, #2741, #5144, #4200, #5610, #2864, #1888, #1357 ),
 .UNSPECIFIED., .F., .F.,
 ( 4, 1, 1, 1, 1, 1, 1, 1, 4 ),
 ( 0.000000000000000000, 0.1227180515039702074, 0.2401431180450293301, 0.3573623765102159622, 0.4816738524649464281, 0.6078658287995974963, 0.7329554806750190332, 0.8621444613629476450, 1.000000000000000000 ),
 .UNSPECIFIED. ) ;
#2995 = CARTESIAN_POINT ( 'NONE',  ( 0.03013989007736233780, 0.9000000000000001332, 0.01769503867720892756 ) ) ;
#2996 = CARTESIAN_POINT ( 'NONE',  ( -0.02359158217913823880, 0.9010000000000000231, -0.01153243345573000400 ) ) ;
#2997 = CARTESIAN_POINT ( 'NONE',  ( -0.09829088801818347543, 0.9010000000000000231, 0.02523121594465813772 ) ) ;
#2998 = VECTOR ( 'NONE', #3213, 1000.000000000000000 ) ;
#2999 = CARTESIAN_POINT ( 'NONE',  ( -0.1254142854540808982, 0.9010000000000000231, -0.001331284055341868094 ) ) ;
#3000 = CARTESIAN_POINT ( 'NONE',  ( 0.03793141743643656250, 0.8999999999999999112, -0.03544193953851068613 ) ) ;
#3001 = CARTESIAN_POINT ( 'NONE',  ( 0.01279079834529587428, 0.9010000000000000231, 0.02291271037115827011 ) ) ;
#3002 = STYLED_ITEM ( 'NONE', ( #4062 ), #682 ) ;
#3003 = ORIENTED_EDGE ( 'NONE', *, *, #2785, .T. ) ;
#3004 = CARTESIAN_POINT ( 'NONE',  ( -0.06214491033207505261, 0.9000000000000000222, 0.008060014470662782080 ) ) ;
#3005 = ORIENTED_EDGE ( 'NONE', *, *, #1737, .F. ) ;
#3006 = FACE_OUTER_BOUND ( 'NONE', #4222, .T. ) ;
#3007 = STYLED_ITEM ( 'NONE', ( #1707 ), #1147 ) ;
#3008 = B_SPLINE_SURFACE_WITH_KNOTS ( 'NONE', 3, 1, ( 
 ( #227, #5938 ),
 ( #591, #1094 ),
 ( #97, #3912 ),
 ( #2094, #134 ),
 ( #4506, #2068 ),
 ( #5442, #3443 ),
 ( #2579, #1159 ),
 ( #685, #1065 ),
 ( #4443, #1650 ),
 ( #4410, #2478 ),
 ( #3572, #3072 ) ),
 .UNSPECIFIED., .F., .F., .F.,
 ( 4, 1, 1, 1, 1, 1, 1, 1, 4 ),
 ( 2, 2 ),
 ( 0.000000000000000000, 0.1211522424913107215, 0.2376005895733862006, 0.3560524880869224140, 0.4805249744886037067, 0.6076386115432812485, 0.7334299283789934565, 0.8621816073824756232, 0.9999999999999998890 ),
 ( 0.000000000000000000, 1.000000000000000000 ),
 .UNSPECIFIED. ) ;
#3009 = CARTESIAN_POINT ( 'NONE',  ( -0.6490108047624457699, 0.8998212189203389499, -0.3988634594555445778 ) ) ;
#3010 = FILL_AREA_STYLE ('',( #200 ) ) ;
#3011 = CARTESIAN_POINT ( 'NONE',  ( -0.007257764109836965793, 0.8999999999999996891, 0.001117899971440872295 ) ) ;
#3012 = ORIENTED_EDGE ( 'NONE', *, *, #203, .T. ) ;
#3013 = ADVANCED_FACE ( 'NONE', ( #5198 ), #5290, .F. ) ;
#3014 = ORIENTED_EDGE ( 'NONE', *, *, #5152, .F. ) ;
#3015 = CARTESIAN_POINT ( 'NONE',  ( -0.08613021918020526135, 0.9009999999999999121, -0.04486961594020563021 ) ) ;
#3016 = CARTESIAN_POINT ( 'NONE',  ( -0.6489175192122750291, 0.0001483273524841123645, 0.3987558495093769806 ) ) ;
#3017 = CARTESIAN_POINT ( 'NONE',  ( -0.7980000000000000426, 0.8979999999999999094, -0.3980000000000000204 ) ) ;
#3018 = CARTESIAN_POINT ( 'NONE',  ( 0.1262585958869498759, 0.9000000000000002442, -0.03654294513051992155 ) ) ;
#3019 = CARTESIAN_POINT ( 'NONE',  ( 0.07843186839207294536, 0.9010000000000000231, -0.002473110978418791451 ) ) ;
#3020 = CARTESIAN_POINT ( 'NONE',  ( 0.1261342914271748883, 0.9000000000000001332, -0.01829328161422361099 ) ) ;
#3021 = EDGE_CURVE ( 'NONE', #1355, #4813, #570, .T. ) ;
#3022 = CARTESIAN_POINT ( 'NONE',  ( 0.01095204892479040640, 0.8999999999999998002, -0.01421012942464640501 ) ) ;
#3023 = FACE_OUTER_BOUND ( 'NONE', #4555, .T. ) ;
#3024 = DIRECTION ( 'NONE',  ( -1.000000000000000000, -0.000000000000000000, -0.000000000000000000 ) ) ;
#3025 = LINE ( 'NONE', #2565, #3675 ) ;
#3026 = CARTESIAN_POINT ( 'NONE',  ( 0.04286015516400092790, 0.9010000000000000231, 0.03202971572816053908 ) ) ;
#3027 = PRESENTATION_STYLE_ASSIGNMENT (( #641 ) ) ;
#3028 = EDGE_CURVE ( 'NONE', #4750, #745, #3664, .T. ) ;
#3029 = CARTESIAN_POINT ( 'NONE',  ( 0.05232499511826468885, 0.8999999999999999112, 0.04933696907557085648 ) ) ;
#3030 = LINE ( 'NONE', #3560, #3930 ) ;
#3031 = CARTESIAN_POINT ( 'NONE',  ( 0.03276906096840721122, 0.8999999999999996891, -0.02979219464340984030 ) ) ;
#3032 = CARTESIAN_POINT ( 'NONE',  ( -0.08071605463093385613, 0.9010000000000002451, 0.03120962677902499455 ) ) ;
#3033 = CARTESIAN_POINT ( 'NONE',  ( -0.09863440365108787355, 0.9010000000000001341, 0.02577254636336517163 ) ) ;
#3034 = ORIENTED_EDGE ( 'NONE', *, *, #203, .F. ) ;
#3035 =( GEOMETRIC_REPRESENTATION_CONTEXT ( 3 ) GLOBAL_UNCERTAINTY_ASSIGNED_CONTEXT ( ( #5672 ) ) GLOBAL_UNIT_ASSIGNED_CONTEXT ( ( #2210, #3467, #1462 ) ) REPRESENTATION_CONTEXT ( 'NONE', 'WORKASPACE' ) );
#3036 =( LENGTH_UNIT ( ) NAMED_UNIT ( * ) SI_UNIT ( .MILLI., .METRE. ) );
#3037 = CARTESIAN_POINT ( 'NONE',  ( 0.1547050852019053457, 0.9010000000000002451, 0.01109674178380970835 ) ) ;
#3038 = CARTESIAN_POINT ( 'NONE',  ( -0.6498916632236225732, 0.8987165045029882338, -0.3998757945051259477 ) ) ;
#3039 = CARTESIAN_POINT ( 'NONE',  ( 0.1212118983669501215, 0.9000000000000002442, -0.05505387344039900516 ) ) ;
#3040 = CARTESIAN_POINT ( 'NONE',  ( -0.04511489503190705547, 0.8999999999999999112, 0.04771965636078286110 ) ) ;
#3041 = CARTESIAN_POINT ( 'NONE',  ( 0.04415702864848320558, 0.9000000000000000222, -0.05507727764508545815 ) ) ;
#3042 =( GEOMETRIC_REPRESENTATION_CONTEXT ( 3 ) GLOBAL_UNCERTAINTY_ASSIGNED_CONTEXT ( ( #3864 ) ) GLOBAL_UNIT_ASSIGNED_CONTEXT ( ( #5641, #2797, #2491 ) ) REPRESENTATION_CONTEXT ( 'NONE', 'WORKASPACE' ) );
#3043 = B_SPLINE_SURFACE_WITH_KNOTS ( 'NONE', 3, 1, ( 
 ( #5973, #1314 ),
 ( #3727, #3225 ),
 ( #2260, #6059 ),
 ( #318, #2644 ),
 ( #1222, #6001 ),
 ( #5561, #3696 ),
 ( #2671, #2698 ),
 ( #6089, #1753 ),
 ( #4569, #5597 ),
 ( #1718, #3604 ),
 ( #3632, #5130 ) ),
 .UNSPECIFIED., .F., .F., .F.,
 ( 4, 1, 1, 1, 1, 1, 1, 1, 4 ),
 ( 2, 2 ),
 ( 0.000000000000000000, 0.1235225888124362181, 0.2451066492784788331, 0.3672656097279722309, 0.4946905456421145098, 0.6223238729478116626, 0.7460028360253887492, 0.8722531479452954040, 1.000000000000000000 ),
 ( 0.000000000000000000, 1.000000000000000000 ),
 .UNSPECIFIED. ) ;
#3044 = ORIENTED_EDGE ( 'NONE', *, *, #3535, .F. ) ;
#3045 = CARTESIAN_POINT ( 'NONE',  ( 0.05521175019506600889, 0.9000000000000000222, 0.02577254636336517510 ) ) ;
#3046 = CARTESIAN_POINT ( 'NONE',  ( -0.6482627733115838842, 0.9000000000000000222, 0.3980000000000000204 ) ) ;
#3047 = SPHERICAL_SURFACE ( 'NONE', #1573, 0.002000000000000000042 ) ;
#3048 = CIRCLE ( 'NONE', #4717, 0.6084470225131334287 ) ;
#3049 = SPHERICAL_SURFACE ( 'NONE', #919, 0.002000000000000000042 ) ;
#3050 = CARTESIAN_POINT ( 'NONE',  ( -1.108484219145106087, 0.9000000000000000222, 8.924125261806806511E-17 ) ) ;
#3051 = B_SPLINE_CURVE_WITH_KNOTS ( 'NONE', 3,
 ( #831, #4683, #6137, #892, #4118, #4714, #1870, #6055, #1844, #6028, #1781, #406, #798, #3724, #2318, #3785, #5593, #4209, #5653, #2809, #348, #1370, #5681, #3222, #1279, #2348, #5557 ),
 .UNSPECIFIED., .F., .F.,
 ( 4, 1, 1, 1, 1, 1, 1, 1, 1, 1, 1, 1, 1, 1, 1, 1, 1, 1, 1, 1, 1, 1, 1, 1, 4 ),
 ( 0.000000000000000000, 0.06849087449695398511, 0.1330765404908785254, 0.1938289871915770957, 0.2510828574460499674, 0.3044008371534407953, 0.3544083437255269309, 0.4012947817777443027, 0.4447006845454780088, 0.4856924920892443653, 0.5246764844274038886, 0.5623067591777589636, 0.5979465846525345851, 0.6324735490267262561, 0.6657520428969367909, 0.6979852995504441937, 0.7295862241486804622, 0.7608251968744890181, 0.7923550795612060993, 0.8243126039626630375, 0.8571562719790690732, 0.8909268871454048000, 0.9259604429162998640, 0.9620613229943376643, 1.000000000000000000 ),
 .UNSPECIFIED. ) ;
#3052 = CARTESIAN_POINT ( 'NONE',  ( 0.6499341210850063666, 0.001455582122423635652, -0.3999244763379541934 ) ) ;
#3053 = CARTESIAN_POINT ( 'NONE',  ( 0.1290707273162962077, 0.8999999999999999112, -0.02048379088735766476 ) ) ;
#3054 = ADVANCED_FACE ( 'NONE', ( #2048 ), #2906, .T. ) ;
#3055 = FILL_AREA_STYLE ('',( #3171 ) ) ;
#3056 = CARTESIAN_POINT ( 'NONE',  ( 0.09969443613472260546, 0.9000000000000001332, -0.04521764724465852231 ) ) ;
#3057 = CARTESIAN_POINT ( 'NONE',  ( -0.1142761525432872821, 0.9000000000000003553, 0.03111449040325629453 ) ) ;
#3058 = UNCERTAINTY_MEASURE_WITH_UNIT (LENGTH_MEASURE( 1.000000000000000082E-05 ), #1183, 'distance_accuracy_value', 'NONE');
#3059 = CARTESIAN_POINT ( 'NONE',  ( 0.09324451654763186992, 0.9010000000000000231, 0.03623359924253317932 ) ) ;
#3060 = CARTESIAN_POINT ( 'NONE',  ( -0.7980000000000000426, 0.8979999999999999094, 0.3980000000000000204 ) ) ;
#3061 = CARTESIAN_POINT ( 'NONE',  ( -0.007348420684687191964, 0.9000000000000002442, 0.03626959370798461813 ) ) ;
#3062 =( NAMED_UNIT ( * ) SI_UNIT ( $, .STERADIAN. ) SOLID_ANGLE_UNIT ( ) );
#3063 =( NAMED_UNIT ( * ) PLANE_ANGLE_UNIT ( ) SI_UNIT ( $, .RADIAN. ) );
#3064 = LINE ( 'NONE', #706, #4362 ) ;
#3065 = CARTESIAN_POINT ( 'NONE',  ( 0.01049260415206864153, 0.8999999999999998002, 6.449193210029845115E-05 ) ) ;
#3066 = DIRECTION ( 'NONE',  ( 1.000000000000000000, 0.000000000000000000, 0.000000000000000000 ) ) ;
#3067 = CARTESIAN_POINT ( 'NONE',  ( -0.1217511757420037671, 0.9010000000000001341, -0.02839128719109009630 ) ) ;
#3068 = CARTESIAN_POINT ( 'NONE',  ( 0.6499563037950942812, 0.001555192991014079556, 0.3999499094262060073 ) ) ;
#3069 = CARTESIAN_POINT ( 'NONE',  ( -0.1096891251976706561, 0.9000000000000000222, -0.05507727764508545815 ) ) ;
#3070 = CARTESIAN_POINT ( 'NONE',  ( 0.1550849516147408402, 0.8999999999999998002, 0.01322694055908972023 ) ) ;
#3071 = CARTESIAN_POINT ( 'NONE',  ( -0.03573246183864153824, 0.9010000000000000231, 0.03195387589501878095 ) ) ;
#3072 = CARTESIAN_POINT ( 'NONE',  ( -0.02028608032587578269, 0.9000000000000000222, 0.01789948517542736678 ) ) ;
#3073 = CARTESIAN_POINT ( 'NONE',  ( 0.02843186839207294259, 0.8999999999999999112, -0.001331284055341868094 ) ) ;
#3074 = CARTESIAN_POINT ( 'NONE',  ( 0.1325821184224073579, 0.9009999999999999121, 0.007286671030348888974 ) ) ;
#3075 = VERTEX_POINT ( 'NONE', #4452 ) ;
#3076 = CARTESIAN_POINT ( 'NONE',  ( 0.03700428878723577980, 0.9009999999999998010, 0.04933522291535232668 ) ) ;
#3077 = CARTESIAN_POINT ( 'NONE',  ( -0.6500000000002214007, 0.8981499154203740343, 0.4000000000002689182 ) ) ;
#3078 = CARTESIAN_POINT ( 'NONE',  ( 0.06046097396404562230, 0.9010000000000000231, -0.05097231666860017191 ) ) ;
#3079 = CARTESIAN_POINT ( 'NONE',  ( 0.1317878575184511514, 0.9010000000000003562, -0.02466779883871787413 ) ) ;
#3080 = MECHANICAL_DESIGN_GEOMETRIC_PRESENTATION_REPRESENTATION (  '', ( #2682 ), #4471 ) ;
#3081 = COLOUR_RGB ( '',0.9411764705882352811, 0.9411764705882352811, 0.9411764705882352811 ) ;
#3082 = CARTESIAN_POINT ( 'NONE',  ( 0.000000000000000000, 0.002000000000000048614, 0.3980000000000000204 ) ) ;
#3083 = CARTESIAN_POINT ( 'NONE',  ( -0.1185515894782982194, 0.9000000000000002442, 0.02802743762480509188 ) ) ;
#3084 = CARTESIAN_POINT ( 'NONE',  ( -0.09441403277565837970, 0.9009999999999999121, -0.01900855553905306597 ) ) ;
#3085 = CARTESIAN_POINT ( 'NONE',  ( 0.07528247887979473696, 0.9009999999999999121, -0.03030162933954570759 ) ) ;
#3086 = CARTESIAN_POINT ( 'NONE',  ( 0.01869629146899603328, 0.9010000000000000231, -0.04147551482457263738 ) ) ;
#3087 = CARTESIAN_POINT ( 'NONE',  ( 0.04401519271766411029, 0.9009999999999999121, 0.03207790524200764687 ) ) ;
#3088 = DIRECTION ( 'NONE',  ( -0.000000000000000000, -1.000000000000000000, -0.000000000000000000 ) ) ;
#3089 = PRESENTATION_STYLE_ASSIGNMENT (( #2631 ) ) ;
#3090 = DIRECTION ( 'NONE',  ( -0.000000000000000000, 1.000000000000000000, 0.000000000000000000 ) ) ;
#3091 = B_SPLINE_SURFACE_WITH_KNOTS ( 'NONE', 3, 1, ( 
 ( #2908, #4808 ),
 ( #4334, #3287 ),
 ( #2439, #403 ),
 ( #3343, #2807 ),
 ( #1341, #1809 ),
 ( #3722, #5617 ),
 ( #5181, #435 ),
 ( #3253, #2346 ),
 ( #1585, #5805 ),
 ( #3995, #1554 ),
 ( #2060, #4365 ) ),
 .UNSPECIFIED., .F., .F., .F.,
 ( 4, 1, 1, 1, 1, 1, 1, 1, 4 ),
 ( 2, 2 ),
 ( 0.000000000000000000, 0.08887073112253615625, 0.1863547159714916412, 0.2940776543961755585, 0.4122365279576112318, 0.5417781444209643915, 0.6827026066315659003, 0.8350963526041701446, 0.9999999999999998890 ),
 ( 0.000000000000000000, 1.000000000000000000 ),
 .UNSPECIFIED. ) ;
#3092 = CARTESIAN_POINT ( 'NONE',  ( 0.1223020606997652776, 0.9000000000000001332, -0.05507727764508545815 ) ) ;
#3093 = MECHANICAL_DESIGN_GEOMETRIC_PRESENTATION_REPRESENTATION (  '', ( #5778 ), #3297 ) ;
#3094 = CARTESIAN_POINT ( 'NONE',  ( -0.09888089342813329019, 0.9010000000000000231, -0.03138761580963361081 ) ) ;
#3095 = CARTESIAN_POINT ( 'NONE',  ( 0.6499200829467802754, 0.8986268448232854755, 0.3999083835508947526 ) ) ;
#3096 = EDGE_CURVE ( 'NONE', #2306, #1851, #2915, .T. ) ;
#3097 = PRESENTATION_LAYER_ASSIGNMENT (  '', '', ( #5784 ) ) ;
#3098 = CARTESIAN_POINT ( 'NONE',  ( -0.7980000000000000426, 0.000000000000000000, -0.3980000000000000204 ) ) ;
#3099 = CARTESIAN_POINT ( 'NONE',  ( -0.1075844668344638627, 0.8999999999999999112, 0.03205301768824950215 ) ) ;
#3100 = CARTESIAN_POINT ( 'NONE',  ( -0.05893172514321852462, 0.9010000000000001341, 0.03567831928456167284 ) ) ;
#3101 = LINE ( 'NONE', #4445, #4793 ) ;
#3102 = EDGE_CURVE ( 'NONE', #4369, #12, #760, .T. ) ;
#3103 = ORIENTED_EDGE ( 'NONE', *, *, #5759, .F. ) ;
#3104 = CIRCLE ( 'NONE', #2311, 0.001999999999999994404 ) ;
#3105 = CARTESIAN_POINT ( 'NONE',  ( -0.09829088801818347543, 0.9009999999999999121, 0.02523121594465813772 ) ) ;
#3106 = CARTESIAN_POINT ( 'NONE',  ( 0.1339976311798104502, 0.9009999999999999121, 0.02682785956393307983 ) ) ;
#3107 = CARTESIAN_POINT ( 'NONE',  ( -0.1059783743901110686, 0.9000000000000000222, 0.03171878295294837391 ) ) ;
#3108 = CARTESIAN_POINT ( 'NONE',  ( 0.05841265868871241274, 0.9000000000000000222, -0.05208803695162563668 ) ) ;
#3109 =( GEOMETRIC_REPRESENTATION_CONTEXT ( 3 ) GLOBAL_UNCERTAINTY_ASSIGNED_CONTEXT ( ( #489 ) ) GLOBAL_UNIT_ASSIGNED_CONTEXT ( ( #3866, #1020, #640 ) ) REPRESENTATION_CONTEXT ( 'NONE', 'WORKASPACE' ) );
#3110 = CARTESIAN_POINT ( 'NONE',  ( 0.05625521094010404316, 0.8999999999999999112, -0.05300480243248664042 ) ) ;
#3111 = SURFACE_STYLE_FILL_AREA ( #3055 ) ;
#3112 = CARTESIAN_POINT ( 'NONE',  ( -0.1092484200694655294, 0.9010000000000000231, 0.03210220953440172387 ) ) ;
#3113 = UNCERTAINTY_MEASURE_WITH_UNIT (LENGTH_MEASURE( 1.000000000000000082E-05 ), #4450, 'distance_accuracy_value', 'NONE');
#3114 = CARTESIAN_POINT ( 'NONE',  ( -0.09393958195852560034, 0.9009999999999998010, -0.01541684573134548611 ) ) ;
#3115 = CARTESIAN_POINT ( 'NONE',  ( 0.1375099794762552619, 0.9000000000000000222, 0.04643847573952248481 ) ) ;
#3116 = CARTESIAN_POINT ( 'NONE',  ( 0.1172220721864707660, 0.8999999999999999112, 0.04997550569784886543 ) ) ;
#3117 = VERTEX_POINT ( 'NONE', #5071 ) ;
#3118 = FILL_AREA_STYLE ('',( #4556 ) ) ;
#3119 = CARTESIAN_POINT ( 'NONE',  ( 0.03512928878971834090, 0.9010000000000000231, -0.03318665845817703186 ) ) ;
#3120 = DIRECTION ( 'NONE',  ( 0.000000000000000000, 0.000000000000000000, 1.000000000000000000 ) ) ;
#3121 = B_SPLINE_CURVE_WITH_KNOTS ( 'NONE', 3,
 ( #2477, #3442, #4910, #4844, #3038, #1594, #2945, #5846, #133, #622, #2512, #3009, #96, #3972, #1499, #5381 ),
 .UNSPECIFIED., .F., .F.,
 ( 4, 3, 3, 3, 3, 4 ),
 ( 0.000000000000000000, 5.535654255783270184E-07, 1.103371656382714034E-06, 1.847285420013638424E-06, 2.821060109827456330E-06, 3.653927284469122154E-06 ),
 .UNSPECIFIED. ) ;
#3122 =( NAMED_UNIT ( * ) SI_UNIT ( $, .STERADIAN. ) SOLID_ANGLE_UNIT ( ) );
#3123 = CARTESIAN_POINT ( 'NONE',  ( -0.1014312905818814253, 0.9009999999999995790, -0.03421147205442881534 ) ) ;
#3124 = EDGE_CURVE ( 'NONE', #745, #4413, #1348, .T. ) ;
#3125 =( NAMED_UNIT ( * ) PLANE_ANGLE_UNIT ( ) SI_UNIT ( $, .RADIAN. ) );
#3126 = LINE ( 'NONE', #829, #1042 ) ;
#3127 = CARTESIAN_POINT ( 'NONE',  ( -0.05507873615008900686, 0.8999999999999999112, 0.04059183390647280731 ) ) ;
#3128 = CARTESIAN_POINT ( 'NONE',  ( -0.1058884164708306791, 0.8999999999999998002, -0.03670556409641050066 ) ) ;
#3129 = ORIENTED_EDGE ( 'NONE', *, *, #4926, .T. ) ;
#3130 = AXIS2_PLACEMENT_3D ( 'NONE', #2176, #4963, #5460 ) ;
#3131 = LINE ( 'NONE', #5972, #5925 ) ;
#3132 = MECHANICAL_DESIGN_GEOMETRIC_PRESENTATION_REPRESENTATION (  '', ( #533 ), #4825 ) ;
#3133 = CARTESIAN_POINT ( 'NONE',  ( -0.02602699895328370802, 0.9000000000000003553, 0.02988576348018040507 ) ) ;
#3134 = CARTESIAN_POINT ( 'NONE',  ( 0.6488050738202447709, 0.0001005659706242759507, -0.3986262191057001192 ) ) ;
#3135 = CARTESIAN_POINT ( 'NONE',  ( 0.1243283379376118880, 0.8999999999999999112, -0.01737522911072904644 ) ) ;
#3136 = PRESENTATION_LAYER_ASSIGNMENT (  '', '', ( #148 ) ) ;
#3137 = CARTESIAN_POINT ( 'NONE',  ( 0.02951136092847858952, 0.8999999999999999112, -0.01911985382351149426 ) ) ;
#3138 = VECTOR ( 'NONE', #4350, 1000.000000000000000 ) ;
#3139 = VERTEX_POINT ( 'NONE', #4659 ) ;
#3140 = CARTESIAN_POINT ( 'NONE',  ( 0.01869629146899603328, 0.9010000000000000231, -0.04147551482457263738 ) ) ;
#3141 = CARTESIAN_POINT ( 'NONE',  ( -0.09361521801082126060, 0.9010000000000001341, -0.01143877687389749029 ) ) ;
#3142 = CYLINDRICAL_SURFACE ( 'NONE', #2476, 0.6084470225131334287 ) ;
#3143 = CARTESIAN_POINT ( 'NONE',  ( 0.07611522281607061013, 0.9010000000000001341, -0.02711954755700123065 ) ) ;
#3144 = ORIENTED_EDGE ( 'NONE', *, *, #3829, .T. ) ;
#3145 = SURFACE_SIDE_STYLE ('',( #5406 ) ) ;
#3146 = CARTESIAN_POINT ( 'NONE',  ( 0.03945598580818196477, 0.9000000000000003553, 0.04976978246409322071 ) ) ;
#3147 = DIRECTION ( 'NONE',  ( -1.000000000000000000, 0.000000000000000000, 0.000000000000000000 ) ) ;
#3148 = FACE_BOUND ( 'NONE', #1380, .T. ) ;
#3149 = CARTESIAN_POINT ( 'NONE',  ( 0.1550849516147408402, 0.9009999999999999121, 0.01322694055908972023 ) ) ;
#3150 = PLANE ( 'NONE',  #1386 ) ;
#3151 = ORIENTED_EDGE ( 'NONE', *, *, #191, .F. ) ;
#3152 = EDGE_CURVE ( 'NONE', #3468, #6123, #2674, .T. ) ;
#3153 = DIRECTION ( 'NONE',  ( -0.000000000000000000, -1.000000000000000000, -0.000000000000000000 ) ) ;
#3154 = CARTESIAN_POINT ( 'NONE',  ( -0.1242409913022727574, 0.8999999999999998002, -0.05174212879816671162 ) ) ;
#3155 = CARTESIAN_POINT ( 'NONE',  ( 0.6486282395424917135, 0.8999666631596556776, 0.3984223011851882323 ) ) ;
#3156 =( LENGTH_UNIT ( ) NAMED_UNIT ( * ) SI_UNIT ( .MILLI., .METRE. ) );
#3157 = CARTESIAN_POINT ( 'NONE',  ( 0.1482650917880456443, 0.8999999999999999112, -0.03883421052760834685 ) ) ;
#3158 = CARTESIAN_POINT ( 'NONE',  ( -0.1028196660660438411, 0.9000000000000002442, -0.03529417692304604587 ) ) ;
#3159 = B_SPLINE_CURVE_WITH_KNOTS ( 'NONE', 3,
 ( #5849, #1597, #99, #2127, #3508, #4006, #1560, #715, #3074, #5907, #687, #2612, #1127, #4038, #593, #2005, #4063, #1278, #3188 ),
 .UNSPECIFIED., .F., .F.,
 ( 4, 1, 1, 1, 1, 1, 1, 1, 1, 1, 1, 1, 1, 1, 1, 1, 4 ),
 ( 0.000000000000000000, 0.05061342041271667258, 0.1007597227549727054, 0.1492748125078579569, 0.1988884379588271023, 0.2493064970530067814, 0.3023226859423756574, 0.3572206482518703319, 0.4154373215830227117, 0.4764429313671186828, 0.5398286479827865136, 0.6061838488371142919, 0.6759412007935894362, 0.7497824080738355601, 0.8282876884211456403, 0.9118449242474470084, 1.000000000000000000 ),
 .UNSPECIFIED. ) ;
#3160 = ORIENTED_EDGE ( 'NONE', *, *, #1339, .F. ) ;
#3161 = CARTESIAN_POINT ( 'NONE',  ( -0.09788645621464792113, 0.9010000000000001341, 0.02449150522857129406 ) ) ;
#3162 = FACE_OUTER_BOUND ( 'NONE', #1402, .T. ) ;
#3163 = CARTESIAN_POINT ( 'NONE',  ( 0.07192080820401830499, 0.9009999999999999121, 0.03370959116830480468 ) ) ;
#3164 = CARTESIAN_POINT ( 'NONE',  ( 0.1251765434626153084, 0.9010000000000002451, -0.05500941673963080647 ) ) ;
#3165 = B_SPLINE_CURVE_WITH_KNOTS ( 'NONE', 3,
 ( #552, #5802, #3430, #4776, #4332, #526, #4363, #22, #989, #2904, #87 ),
 .UNSPECIFIED., .F., .F.,
 ( 4, 1, 1, 1, 1, 1, 1, 1, 4 ),
 ( 0.000000000000000000, 0.1274068638107690998, 0.2511055387650941717, 0.3729077916389046954, 0.4944963015983252497, 0.6161714362084778074, 0.7405628981726766202, 0.8676048506052689291, 1.000000000000000000 ),
 .UNSPECIFIED. ) ;
#3166 = COLOUR_RGB ( '',0.9411764705882352811, 0.9411764705882352811, 0.9411764705882352811 ) ;
#3167 = CARTESIAN_POINT ( 'NONE',  ( 0.07062223978796781931, 0.9000000000000000222, 0.03601904295315424415 ) ) ;
#3168 = EDGE_CURVE ( 'NONE', #4601, #510, #1284, .T. ) ;
#3169 = ORIENTED_EDGE ( 'NONE', *, *, #4539, .F. ) ;
#3170 = EDGE_CURVE ( 'NONE', #3825, #423, #5598, .T. ) ;
#3171 = FILL_AREA_STYLE_COLOUR ( '', #2555 ) ;
#3172 = CARTESIAN_POINT ( 'NONE',  ( -0.03248559955664501869, 0.9000000000000000222, -0.01276958533739315158 ) ) ;
#3173 = CARTESIAN_POINT ( 'NONE',  ( -0.8000000000000001554, 0.8979999999999999094, -0.3980000000000000204 ) ) ;
#3174 = CARTESIAN_POINT ( 'NONE',  ( 0.09960077404113298893, 0.9000000000000000222, 0.04322754473611262888 ) ) ;
#3175 = EDGE_CURVE ( 'NONE', #1417, #5165, #3227, .T. ) ;
#3176 = ORIENTED_EDGE ( 'NONE', *, *, #2239, .T. ) ;
#3177 = PRESENTATION_LAYER_ASSIGNMENT (  '', '', ( #1672 ) ) ;
#3178 = CARTESIAN_POINT ( 'NONE',  ( 0.8000000000000001554, 0.002000000000000000042, -0.4000000000000000222 ) ) ;
#3179 = CARTESIAN_POINT ( 'NONE',  ( 0.04378266446908801734, 0.9000000000000002442, 0.05003549220544335069 ) ) ;
#3180 = CARTESIAN_POINT ( 'NONE',  ( 0.1501850548967328669, 0.9010000000000000231, -0.02777011761658656000 ) ) ;
#3181 = FACE_OUTER_BOUND ( 'NONE', #1854, .T. ) ;
#3182 = CARTESIAN_POINT ( 'NONE',  ( 0.1516040602789811287, 0.9009999999999999121, 0.003378715235055416120 ) ) ;
#3183 = CARTESIAN_POINT ( 'NONE',  ( 0.06048315044335499796, 0.9010000000000000231, -0.002473110978418791451 ) ) ;
#3184 = APPLICATION_CONTEXT ( 'automotive_design' ) ;
#3185 = CARTESIAN_POINT ( 'NONE',  ( -0.09983184325618134347, 0.9009999999999998010, -0.05377069934923398714 ) ) ;
#3186 = CARTESIAN_POINT ( 'NONE',  ( 0.1053549453151498838, 0.9010000000000000231, 0.01671759414978633840 ) ) ;
#3187 =( NAMED_UNIT ( * ) SI_UNIT ( $, .STERADIAN. ) SOLID_ANGLE_UNIT ( ) );
#3188 = CARTESIAN_POINT ( 'NONE',  ( 0.1130472530074575627, 0.9010000000000000231, 0.001332978765170955530 ) ) ;
#3189 = DIRECTION ( 'NONE',  ( -0.000000000000000000, -1.000000000000000000, -0.000000000000000000 ) ) ;
#3190 = ORIENTED_EDGE ( 'NONE', *, *, #3998, .F. ) ;
#3191 = CARTESIAN_POINT ( 'NONE',  ( 0.1515617158239220552, 0.9000000000000000222, 0.03303352793416490518 ) ) ;
#3192 = CARTESIAN_POINT ( 'NONE',  ( 0.1264198771485275929, 0.8999999999999998002, 0.03152726913651421325 ) ) ;
#3193 = CARTESIAN_POINT ( 'NONE',  ( 0.07785953897740456597, 0.9009999999999996900, 0.01114848166613261263 ) ) ;
#3194 = CARTESIAN_POINT ( 'NONE',  ( 0.1426132029444711902, 0.9010000000000000231, -0.01173143734822928996 ) ) ;
#3195 = DIRECTION ( 'NONE',  ( 0.000000000000000000, 1.000000000000000000, -0.000000000000000000 ) ) ;
#3196 = VECTOR ( 'NONE', #120, 1000.000000000000000 ) ;
#3197 = VERTEX_POINT ( 'NONE', #5535 ) ;
#3198 = DIRECTION ( 'NONE',  ( 0.000000000000000000, 0.000000000000000000, -1.000000000000000000 ) ) ;
#3199 = EDGE_LOOP ( 'NONE', ( #4702, #2461, #2356, #1206 ) ) ;
#3200 = CARTESIAN_POINT ( 'NONE',  ( 0.03291989347011176764, 0.8999999999999999112, -0.05325541046488354441 ) ) ;
#3201 = CARTESIAN_POINT ( 'NONE',  ( -0.009039584288976915127, 0.9000000000000003553, -0.001381045802295746130 ) ) ;
#3202 = CARTESIAN_POINT ( 'NONE',  ( 0.05943212107049544723, 0.9009999999999999121, -0.01900855553905306597 ) ) ;
#3203 = CARTESIAN_POINT ( 'NONE',  ( 0.08828812155769999448, 0.9000000000000000222, 0.02398731132899512009 ) ) ;
#3204 = EDGE_CURVE ( 'NONE', #2948, #3825, #3511, .T. ) ;
#3205 = ORIENTED_EDGE ( 'NONE', *, *, #4266, .T. ) ;
#3206 = DIRECTION ( 'NONE',  ( -1.000000000000000000, 0.000000000000000000, -0.000000000000000000 ) ) ;
#3207 = CARTESIAN_POINT ( 'NONE',  ( 0.03632881830256298739, 0.9009999999999999121, -0.03429047515519519085 ) ) ;
#3208 = CARTESIAN_POINT ( 'NONE',  ( 0.1502267401869447627, 0.8999999999999999112, -0.02885532251688032943 ) ) ;
#3209 = LINE ( 'NONE', #4559, #1826 ) ;
#3210 = CARTESIAN_POINT ( 'NONE',  ( 0.1471140151499751025, 0.8999999999999999112, -0.04110593495846610879 ) ) ;
#3211 = EDGE_CURVE ( 'NONE', #2334, #262, #5517, .T. ) ;
#3212 = CARTESIAN_POINT ( 'NONE',  ( 0.1446051914462124777, 0.9010000000000003562, -0.004162688792818869041 ) ) ;
#3213 = DIRECTION ( 'NONE',  ( -0.000000000000000000, -1.000000000000000000, -0.000000000000000000 ) ) ;
#3214 = ORIENTED_EDGE ( 'NONE', *, *, #5336, .F. ) ;
#3215 =( LENGTH_UNIT ( ) NAMED_UNIT ( * ) SI_UNIT ( .MILLI., .METRE. ) );
#3216 = CARTESIAN_POINT ( 'NONE',  ( 0.08740622736643191559, 0.9010000000000000231, 0.01671759414978633840 ) ) ;
#3217 =( LENGTH_UNIT ( ) NAMED_UNIT ( * ) SI_UNIT ( .MILLI., .METRE. ) );
#3218 = CARTESIAN_POINT ( 'NONE',  ( 0.01869629146899603328, 0.9010000000000000231, -0.04147551482457263738 ) ) ;
#3219 = EDGE_CURVE ( 'NONE', #4724, #2388, #5739, .T. ) ;
#3220 = CARTESIAN_POINT ( 'NONE',  ( -0.6500000000000001332, 0.002000000000000048614, -0.4000000000000000222 ) ) ;
#3221 = CARTESIAN_POINT ( 'NONE',  ( 0.1009455926174850776, 0.9000000000000000222, -0.04652756390792830987 ) ) ;
#3222 = CARTESIAN_POINT ( 'NONE',  ( -0.1039599314786992801, 0.9000000000000000222, 0.04976801119537206664 ) ) ;
#3223 = EDGE_LOOP ( 'NONE', ( #369, #1280, #1813, #100 ) ) ;
#3224 = CARTESIAN_POINT ( 'NONE',  ( 0.06046385946214915402, 0.9009999999999999121, -0.007083230377343272335 ) ) ;
#3225 = CARTESIAN_POINT ( 'NONE',  ( 0.1215315339852736237, 0.8999999999999998002, -0.03709654891773817020 ) ) ;
#3226 = FACE_OUTER_BOUND ( 'NONE', #5011, .T. ) ;
#3227 = LINE ( 'NONE', #3699, #4861 ) ;
#3228 = CARTESIAN_POINT ( 'NONE',  ( -0.06384980299756001787, 0.9000000000000001332, 0.01979074799024193101 ) ) ;
#3229 = AXIS2_PLACEMENT_3D ( 'NONE', #4169, #3563, #1267 ) ;
#3230 = ORIENTED_EDGE ( 'NONE', *, *, #931, .T. ) ;
#3231 = COLOUR_RGB ( '',0.9019607843137255054, 0.7098039215686274828, 0.4392156862745097978 ) ;
#3232 =( LENGTH_UNIT ( ) NAMED_UNIT ( * ) SI_UNIT ( .MILLI., .METRE. ) );
#3233 = LINE ( 'NONE', #2418, #3433 ) ;
#3234 = EDGE_LOOP ( 'NONE', ( #1444, #5941, #6114, #294, #6043, #1976, #3214, #5086 ) ) ;
#3235 =( GEOMETRIC_REPRESENTATION_CONTEXT ( 3 ) GLOBAL_UNCERTAINTY_ASSIGNED_CONTEXT ( ( #183 ) ) GLOBAL_UNIT_ASSIGNED_CONTEXT ( ( #1969, #3878, #1091 ) ) REPRESENTATION_CONTEXT ( 'NONE', 'WORKASPACE' ) );
#3236 = AXIS2_PLACEMENT_3D ( 'NONE', #1287, #3198, #2267 ) ;
#3237 = CARTESIAN_POINT ( 'NONE',  ( 0.1056902212991748247, 0.9009999999999996900, 0.01857150867026369570 ) ) ;
#3238 = CARTESIAN_POINT ( 'NONE',  ( 0.05680775832511933410, 0.9000000000000001332, 0.02294039184561322622 ) ) ;
#3239 = EDGE_CURVE ( 'NONE', #5318, #5558, #1376, .T. ) ;
#3240 = B_SPLINE_CURVE_WITH_KNOTS ( 'NONE', 3,
 ( #4967, #221, #5409, #4939, #5307, #4905, #4839, #555, #160, #646, #587 ),
 .UNSPECIFIED., .F., .F.,
 ( 4, 1, 1, 1, 1, 1, 1, 1, 4 ),
 ( 0.000000000000000000, 0.1235225888124362181, 0.2451066492784788331, 0.3672656097279722309, 0.4946905456421145098, 0.6223238729478116626, 0.7460028360253887492, 0.8722531479452954040, 1.000000000000000000 ),
 .UNSPECIFIED. ) ;
#3241 = VECTOR ( 'NONE', #1922, 1000.000000000000000 ) ;
#3242 = ORIENTED_EDGE ( 'NONE', *, *, #313, .F. ) ;
#3243 = CARTESIAN_POINT ( 'NONE',  ( -0.02042396852773876309, 0.9000000000000000222, 0.01506478040315349654 ) ) ;
#3244 = CARTESIAN_POINT ( 'NONE',  ( 0.03348293439770338303, 0.9009999999999999121, -0.03107301951204745338 ) ) ;
#3245 = CARTESIAN_POINT ( 'NONE',  ( -0.03420821187711153150, 0.9010000000000000231, 0.003936584318432892818 ) ) ;
#3246 = CARTESIAN_POINT ( 'NONE',  ( 0.6499563037950945033, 0.001555192991014200119, -0.3999499094262060628 ) ) ;
#3247 = CARTESIAN_POINT ( 'NONE',  ( 0.1206794645459190879, 0.9010000000000000231, 0.05005092748311967821 ) ) ;
#3248 = CARTESIAN_POINT ( 'NONE',  ( 0.1553380122158606602, 0.9010000000000000231, 0.01692411460207001242 ) ) ;
#3249 = CARTESIAN_POINT ( 'NONE',  ( 0.1066853940645330484, 0.9000000000000000222, 0.02198208923131129630 ) ) ;
#3250 = CARTESIAN_POINT ( 'NONE',  ( -0.1021725059435788646, 0.9000000000000000222, -0.05434940545442304427 ) ) ;
#3251 = CARTESIAN_POINT ( 'NONE',  ( 0.1206794645459190879, 0.9010000000000000231, 0.05005092748311967821 ) ) ;
#3252 = ADVANCED_FACE ( 'NONE', ( #1877 ), #5845, .T. ) ;
#3253 = CARTESIAN_POINT ( 'NONE',  ( 0.06023123574863297608, 0.9010000000000003562, 0.006436198783255779425 ) ) ;
#3254 = CARTESIAN_POINT ( 'NONE',  ( 0.1501663736944089111, 0.9009999999999999121, -0.03145936491836581750 ) ) ;
#3255 = CARTESIAN_POINT ( 'NONE',  ( 0.1048354436553894653, 0.9000000000000002442, -0.04987734265222906749 ) ) ;
#3256 = CARTESIAN_POINT ( 'NONE',  ( 0.05241486326427241549, 0.9000000000000000222, -0.03421147205442884309 ) ) ;
#3257 = ORIENTED_EDGE ( 'NONE', *, *, #6036, .F. ) ;
#3258 =( LENGTH_UNIT ( ) NAMED_UNIT ( * ) SI_UNIT ( .MILLI., .METRE. ) );
#3259 = CARTESIAN_POINT ( 'NONE',  ( 0.6499200829467803864, 0.8986268448232855865, -0.3999083835508946971 ) ) ;
#3260 = CARTESIAN_POINT ( 'NONE',  ( -0.1427945594816586450, 0.9000000000000001332, 0.01190364535197621296 ) ) ;
#3261 = CARTESIAN_POINT ( 'NONE',  ( 0.07525025732442390536, 0.8999999999999998002, 0.02558555698863765326 ) ) ;
#3262 = CARTESIAN_POINT ( 'NONE',  ( 0.1491501132992359147, 0.9010000000000000231, -0.03646144908670187479 ) ) ;
#3263 = CARTESIAN_POINT ( 'NONE',  ( -0.05893172514321852462, 0.9000000000000001332, 0.03567831928456167284 ) ) ;
#3264 = ORIENTED_EDGE ( 'NONE', *, *, #2206, .F. ) ;
#3265 = CARTESIAN_POINT ( 'NONE',  ( -0.1372041889257094860, 0.9010000000000000231, -0.03808822513632294932 ) ) ;
#3266 = CARTESIAN_POINT ( 'NONE',  ( -0.09341293221825144877, 0.9009999999999998010, 0.002096254690847113109 ) ) ;
#3267 = ORIENTED_EDGE ( 'NONE', *, *, #2181, .F. ) ;
#3268 = B_SPLINE_CURVE_WITH_KNOTS ( 'NONE', 3,
 ( #2857, #3179, #2177, #3146, #5544, #4082, #4168, #1328, #2148, #5987, #3616, #5081, #4055, #5516, #5053, #786, #4608, #2951, #1474, #3918, #5819, #3449, #5351, #1071, #5258, #1102, #3416 ),
 .UNSPECIFIED., .F., .F.,
 ( 4, 1, 1, 1, 1, 1, 1, 1, 1, 1, 1, 1, 1, 1, 1, 1, 1, 1, 1, 1, 1, 1, 1, 1, 4 ),
 ( 0.000000000000000000, 0.03821733796913611564, 0.07486720303994333359, 0.1101580815531044005, 0.1444539266593009574, 0.1780797262741531661, 0.2111707725935980384, 0.2436870542144173313, 0.2758717334447992053, 0.3083755160139863838, 0.3412633249363585253, 0.3751503394709051475, 0.4096552607042130423, 0.4451573674923579027, 0.4820734672046717018, 0.5205757562184276654, 0.5605536808978380803, 0.6031075754382527743, 0.6486887095294887606, 0.6979476778875630671, 0.7507677670183533492, 0.8073094024459646079, 0.8676555707911408621, 0.9318612220995584616, 1.000000000000000000 ),
 .UNSPECIFIED. ) ;
#3269 = DIRECTION ( 'NONE',  ( -0.000000000000000000, -1.000000000000000000, -0.000000000000000000 ) ) ;
#3270 = CARTESIAN_POINT ( 'NONE',  ( 0.1223020606997652776, 0.9010000000000000231, -0.05507727764508545815 ) ) ;
#3271 = CARTESIAN_POINT ( 'NONE',  ( 0.1130472530074575627, 0.9000000000000000222, -0.01533368790149571871 ) ) ;
#3272 = B_SPLINE_CURVE_WITH_KNOTS ( 'NONE', 3,
 ( #3709, #1324, #3238, #2861, #5637, #6126, #3799, #5140, #843, #942, #3303 ),
 .UNSPECIFIED., .F., .F.,
 ( 4, 1, 1, 1, 1, 1, 1, 1, 4 ),
 ( 0.000000000000000000, 0.08887073112253615625, 0.1863547159714916412, 0.2940776543961755585, 0.4122365279576112318, 0.5417781444209643915, 0.6827026066315659003, 0.8350963526041701446, 0.9999999999999998890 ),
 .UNSPECIFIED. ) ;
#3273 = VECTOR ( 'NONE', #2195, 1000.000000000000114 ) ;
#3274 = EDGE_LOOP ( 'NONE', ( #4881, #4378, #4734, #799 ) ) ;
#3275 = ORIENTED_EDGE ( 'NONE', *, *, #5760, .T. ) ;
#3276 = SURFACE_STYLE_USAGE ( .BOTH. , #1356 ) ;
#3277 = STYLED_ITEM ( 'NONE', ( #2954 ), #2070 ) ;
#3278 = CARTESIAN_POINT ( 'NONE',  ( 0.1374062273664319045, 0.9010000000000000231, 0.01749884414978634256 ) ) ;
#3279 = CARTESIAN_POINT ( 'NONE',  ( -0.01356075468747450739, 0.9009999999999998010, 0.04313015871786000932 ) ) ;
#3280 = EDGE_CURVE ( 'NONE', #752, #510, #5215, .T. ) ;
#3281 = CARTESIAN_POINT ( 'NONE',  ( 0.1080396951087097546, 0.8999999999999998002, 0.02491040918850950109 ) ) ;
#3282 = EDGE_LOOP ( 'NONE', ( #418, #5752, #3296, #960 ) ) ;
#3283 = CARTESIAN_POINT ( 'NONE',  ( -0.08318382382979840062, 0.9009999999999998010, -0.04074124499085628875 ) ) ;
#3284 = CARTESIAN_POINT ( 'NONE',  ( 0.1216610350587396111, 0.9010000000000000231, 0.03210220953440172387 ) ) ;
#3285 = FACE_OUTER_BOUND ( 'NONE', #350, .T. ) ;
#3286 = MECHANICAL_DESIGN_GEOMETRIC_PRESENTATION_REPRESENTATION (  '', ( #4371 ), #2074 ) ;
#3287 = CARTESIAN_POINT ( 'NONE',  ( 0.05595969763150594745, 0.9000000000000000222, 0.02449150522857129059 ) ) ;
#3288 = CARTESIAN_POINT ( 'NONE',  ( -0.07775000797419885645, 0.8999999999999996891, 0.02238201666804670240 ) ) ;
#3289 = CARTESIAN_POINT ( 'NONE',  ( 0.04459773377668834610, 0.8999999999999998002, -0.03712855969636751075 ) ) ;
#3290 = ORIENTED_EDGE ( 'NONE', *, *, #364, .T. ) ;
#3291 = EDGE_CURVE ( 'NONE', #3117, #4715, #2373, .T. ) ;
#3292 = CARTESIAN_POINT ( 'NONE',  ( 0.05496526041802058532, 0.9010000000000001341, -0.03138761580963363162 ) ) ;
#3293 = CARTESIAN_POINT ( 'NONE',  ( 0.07680797892842947117, 0.8999999999999998002, 0.01890897579672851797 ) ) ;
#3294 = CARTESIAN_POINT ( 'NONE',  ( -0.1136040192306247143, 0.9000000000000000222, -0.05494696498555177999 ) ) ;
#3295 = CARTESIAN_POINT ( 'NONE',  ( 0.6500000000000000222, 0.8979999999999999094, 0.4000000000000000222 ) ) ;
#3296 = ORIENTED_EDGE ( 'NONE', *, *, #408, .T. ) ;
#3297 =( GEOMETRIC_REPRESENTATION_CONTEXT ( 3 ) GLOBAL_UNCERTAINTY_ASSIGNED_CONTEXT ( ( #3058 ) ) GLOBAL_UNIT_ASSIGNED_CONTEXT ( ( #1183, #1709, #1927 ) ) REPRESENTATION_CONTEXT ( 'NONE', 'WORKASPACE' ) );
#3298 = CARTESIAN_POINT ( 'NONE',  ( 0.1553045237248642796, 0.9000000000000001332, 0.01543091992027339696 ) ) ;
#3299 = CARTESIAN_POINT ( 'NONE',  ( -0.09523094950925845015, 0.9010000000000003562, 0.01737089936649919772 ) ) ;
#3300 = ORIENTED_EDGE ( 'NONE', *, *, #2332, .T. ) ;
#3301 = CARTESIAN_POINT ( 'NONE',  ( 0.03291989347011176764, 0.9010000000000000231, -0.05325541046488354441 ) ) ;
#3302 = CARTESIAN_POINT ( 'NONE',  ( -0.1251516226410089028, 0.9009999999999994680, -0.01117624724700897083 ) ) ;
#3303 = CARTESIAN_POINT ( 'NONE',  ( 0.06048315044335499796, 0.9000000000000001332, -0.002473110978418791451 ) ) ;
#3304 = PRESENTATION_LAYER_ASSIGNMENT (  '', '', ( #3898 ) ) ;
#3305 = ORIENTED_EDGE ( 'NONE', *, *, #5453, .T. ) ;
#3306 = CARTESIAN_POINT ( 'NONE',  ( 0.000000000000000000, 0.9000000000000000222, -0.3980000000000000204 ) ) ;
#3307 = CARTESIAN_POINT ( 'NONE',  ( 0.1216610350587396111, 0.9000000000000000222, 0.03210220953440172387 ) ) ;
#3308 = CARTESIAN_POINT ( 'NONE',  ( 0.6491100111865879541, 0.0002388850217822616369, -0.3989776967913848948 ) ) ;
#3309 = CARTESIAN_POINT ( 'NONE',  ( 0.01095204892479040640, 0.8999999999999999112, -0.01421012942464640501 ) ) ;
#3310 = CARTESIAN_POINT ( 'NONE',  ( 0.7980000000000000426, 0.002000000000000000042, 0.3980000000000000204 ) ) ;
#3311 = CARTESIAN_POINT ( 'NONE',  ( 0.1098232459429742403, 0.8999999999999998002, 0.02730831124737345336 ) ) ;
#3312 = DIRECTION ( 'NONE',  ( -1.000000000000000000, -9.050995130694665674E-13, 0.000000000000000000 ) ) ;
#3313 = CARTESIAN_POINT ( 'NONE',  ( 0.03464676565949404569, 0.9010000000000000231, 0.04878955970900834133 ) ) ;
#3314 = CARTESIAN_POINT ( 'NONE',  ( -0.07542383589220694184, 0.9000000000000001332, -0.0008569971373132183800 ) ) ;
#3315 = DIRECTION ( 'NONE',  ( -0.000000000000000000, -1.000000000000000000, -0.000000000000000000 ) ) ;
#3316 = ADVANCED_FACE ( 'NONE', ( #2815 ), #3452, .T. ) ;
#3317 = ORIENTED_EDGE ( 'NONE', *, *, #2294, .T. ) ;
#3318 = CARTESIAN_POINT ( 'NONE',  ( 0.05102648778011002750, 0.8999999999999994671, -0.03529417692304603199 ) ) ;
#3319 = CARTESIAN_POINT ( 'NONE',  ( 0.6491100111865878430, 0.8997611149782177575, -0.3989776967913848948 ) ) ;
#3320 = CARTESIAN_POINT ( 'NONE',  ( 0.05232499511826468885, 0.9009999999999999121, 0.04933696907557085648 ) ) ;
#3321 = CARTESIAN_POINT ( 'NONE',  ( 0.1317878575184511514, 0.9010000000000003562, -0.02466779883871787413 ) ) ;
#3322 = CARTESIAN_POINT ( 'NONE',  ( -0.6499848537858929909, 0.8983013211944569365, -0.3999826409444677822 ) ) ;
#3323 = ORIENTED_EDGE ( 'NONE', *, *, #720, .F. ) ;
#3324 = CARTESIAN_POINT ( 'NONE',  ( 0.1368453299305345261, 0.8999999999999999112, -0.007901796875854688249 ) ) ;
#3325 = CARTESIAN_POINT ( 'NONE',  ( -0.6499563037950945033, 0.001555192991014200119, -0.3999499094262060628 ) ) ;
#3326 = ORIENTED_EDGE ( 'NONE', *, *, #2773, .T. ) ;
#3327 = CARTESIAN_POINT ( 'NONE',  ( 0.1373872138836271517, 0.9000000000000000222, 0.01694992394565763769 ) ) ;
#3328 = CARTESIAN_POINT ( 'NONE',  ( -0.1203632194484504925, 0.9010000000000000231, -0.03107301951204746726 ) ) ;
#3329 = CARTESIAN_POINT ( 'NONE',  ( -0.1310609088088527108, 0.9000000000000002442, 0.04186268668908313395 ) ) ;
#3330 = ORIENTED_EDGE ( 'NONE', *, *, #5431, .T. ) ;
#3331 = CARTESIAN_POINT ( 'NONE',  ( -0.1433630034027988664, 0.8999999999999999112, -0.001531604568162380853 ) ) ;
#3332 = CARTESIAN_POINT ( 'NONE',  ( 0.1066853940645330484, 0.9000000000000000222, 0.02198208923131129630 ) ) ;
#3333 = CARTESIAN_POINT ( 'NONE',  ( -0.04592710596690142977, 0.9010000000000000231, 0.01789948517542736678 ) ) ;
#3334 = CARTESIAN_POINT ( 'NONE',  ( -0.007348420684687191964, 0.9010000000000002451, 0.03626959370798461813 ) ) ;
#3335 = CARTESIAN_POINT ( 'NONE',  ( 0.02848528015843986710, 0.9000000000000000222, 0.003110909882816257840 ) ) ;
#3336 = CARTESIAN_POINT ( 'NONE',  ( -0.1092484200694655294, 0.9000000000000000222, -0.03712855969636751075 ) ) ;
#3337 = VECTOR ( 'NONE', #1880, 1000.000000000000000 ) ;
#3338 = CARTESIAN_POINT ( 'NONE',  ( -0.6498916632236223512, 0.8987165045029883448, 0.3998757945051259477 ) ) ;
#3339 = CARTESIAN_POINT ( 'NONE',  ( -0.07565108501963890841, 0.9009999999999996900, -0.01170503834104716367 ) ) ;
#3340 = DIRECTION ( 'NONE',  ( 0.000000000000000000, 1.000000000000000000, -0.000000000000000000 ) ) ;
#3341 = VECTOR ( 'NONE', #4020, 1000.000000000000000 ) ;
#3342 = CARTESIAN_POINT ( 'NONE',  ( -0.1423380553768603674, 0.9009999999999998010, 0.01585329471277371546 ) ) ;
#3343 = CARTESIAN_POINT ( 'NONE',  ( 0.05778913562418708239, 0.9010000000000001341, 0.02032294584786754552 ) ) ;
#3344 = B_SPLINE_CURVE_WITH_KNOTS ( 'NONE', 3,
 ( #4727, #2855, #5603, #938, #3732, #1446, #6122, #4190, #971, #4758, #3356, #4664, #3325, #4316, #4247, #1853 ),
 .UNSPECIFIED., .F., .F.,
 ( 4, 3, 3, 3, 3, 4 ),
 ( 1.590913496192664633E-21, 1.010940986815039615E-06, 1.933591621084683385E-06, 2.632595132266467379E-06, 3.201352646834119003E-06, 3.647884843224990602E-06 ),
 .UNSPECIFIED. ) ;
#3345 = EDGE_CURVE ( 'NONE', #238, #5698, #2969, .T. ) ;
#3346 = CARTESIAN_POINT ( 'NONE',  ( -0.07541428545408090933, 0.8999999999999999112, -0.002473110978418791451 ) ) ;
#3347 = CARTESIAN_POINT ( 'NONE',  ( -0.1235934628094854243, 0.9009999999999998010, 0.04714262068267498218 ) ) ;
#3348 = CARTESIAN_POINT ( 'NONE',  ( -0.03094313160792706158, 0.9010000000000000231, -0.05507727764508545815 ) ) ;
#3349 = ORIENTED_EDGE ( 'NONE', *, *, #4468, .T. ) ;
#3350 = PRESENTATION_STYLE_ASSIGNMENT (( #1374 ) ) ;
#3351 = CARTESIAN_POINT ( 'NONE',  ( 0.07525025732442390536, 0.9010000000000000231, 0.02558555698863765326 ) ) ;
#3352 = CARTESIAN_POINT ( 'NONE',  ( -0.1402606574164892428, 0.9010000000000000231, -0.02993969693113646482 ) ) ;
#3353 = CARTESIAN_POINT ( 'NONE',  ( -0.6492970924032266389, 0.8996261930578581811, -0.3991929659193230173 ) ) ;
#3354 = ORIENTED_EDGE ( 'NONE', *, *, #2015, .F. ) ;
#3355 = CARTESIAN_POINT ( 'NONE',  ( 0.1477818991986417085, 0.9000000000000001332, -0.001511492681634860665 ) ) ;
#3356 = CARTESIAN_POINT ( 'NONE',  ( -0.6498614298910191378, 0.001199326879951619074, -0.3998411293895273166 ) ) ;
#3357 = ORIENTED_EDGE ( 'NONE', *, *, #1975, .F. ) ;
#3358 = SPHERICAL_SURFACE ( 'NONE', #2046, 0.002000000000000000042 ) ;
#3359 = CARTESIAN_POINT ( 'NONE',  ( -0.1092484200694655294, 0.9010000000000000231, -0.03712855969636751075 ) ) ;
#3360 = CARTESIAN_POINT ( 'NONE',  ( -0.1433630034027988664, 0.8999999999999999112, -0.001531604568162380853 ) ) ;
#3361 = ADVANCED_FACE ( 'NONE', ( #651 ), #3008, .T. ) ;
#3362 = EDGE_LOOP ( 'NONE', ( #6097, #2296, #3762, #399 ) ) ;
#3363 = CARTESIAN_POINT ( 'NONE',  ( 0.1002067081356627226, 0.9010000000000000231, -0.04578240585021366854 ) ) ;
#3364 = DIRECTION ( 'NONE',  ( 0.4534971179101695005, 0.000000000000000000, -0.8912577427698284982 ) ) ;
#3365 = CARTESIAN_POINT ( 'NONE',  ( 0.1222158844248602549, 0.9000000000000001332, 0.03209269478947967408 ) ) ;
#3366 = UNCERTAINTY_MEASURE_WITH_UNIT (LENGTH_MEASURE( 1.000000000000000082E-05 ), #2667, 'distance_accuracy_value', 'NONE');
#3367 = CARTESIAN_POINT ( 'NONE',  ( 0.6499848537858931019, 0.001698678805543125383, -0.3999826409444677822 ) ) ;
#3368 = CARTESIAN_POINT ( 'NONE',  ( -0.6498916632236223512, 0.001283495497011721657, 0.3998757945051260032 ) ) ;
#3369 = CARTESIAN_POINT ( 'NONE',  ( -0.6492124365917352202, 0.8996948758056648732, 0.3990955810924760039 ) ) ;
#3370 = ADVANCED_FACE ( 'NONE', ( #2037 ), #2610, .T. ) ;
#3371 = CARTESIAN_POINT ( 'NONE',  ( -0.07701671376089365417, 0.9009999999999998010, -0.02367520802437588293 ) ) ;
#3372 = STYLED_ITEM ( 'NONE', ( #2493 ), #2811 ) ;
#3373 = CARTESIAN_POINT ( 'NONE',  ( 0.02278524503730119596, 0.9009999999999999121, 0.04186268668908310620 ) ) ;
#3374 = COLOUR_RGB ( '',0.7921568627450980005, 0.8196078431372548767, 0.9333333333333333481 ) ;
#3375 = CARTESIAN_POINT ( 'NONE',  ( -0.08607398124505478976, 0.9009999999999999121, 0.04010744002157060062 ) ) ;
#3376 = CARTESIAN_POINT ( 'NONE',  ( -0.1293472713381162154, 0.9009999999999996900, 0.04343766765440031791 ) ) ;
#3377 = CARTESIAN_POINT ( 'NONE',  ( -0.06101157430533583198, 0.9010000000000000231, 0.005060081850315027718 ) ) ;
#3378 = ORIENTED_EDGE ( 'NONE', *, *, #3291, .F. ) ;
#3379 = CARTESIAN_POINT ( 'NONE',  ( -0.07773093103008330007, 0.9000000000000003553, -0.02711954755700123065 ) ) ;
#3380 = VECTOR ( 'NONE', #2561, 1000.000000000000000 ) ;
#3381 = CARTESIAN_POINT ( 'NONE',  ( 0.1356955000921907795, 0.9010000000000002451, 0.02445146269420372595 ) ) ;
#3382 = CARTESIAN_POINT ( 'NONE',  ( -0.1433630034027988664, 0.8999999999999999112, -0.001531604568162380853 ) ) ;
#3383 = CARTESIAN_POINT ( 'NONE',  ( 0.06621884012298266675, 0.9010000000000000231, 0.04188868003568389786 ) ) ;
#3384 = CARTESIAN_POINT ( 'NONE',  ( 0.1322171868680274698, 0.9010000000000001341, -0.02617342464058107845 ) ) ;
#3385 = SURFACE_STYLE_FILL_AREA ( #1941 ) ;
#3386 = VERTEX_POINT ( 'NONE', #3220 ) ;
#3387 = ORIENTED_EDGE ( 'NONE', *, *, #4539, .T. ) ;
#3388 = CARTESIAN_POINT ( 'NONE',  ( -0.08186395155304081184, 0.9010000000000001341, -0.03841954792534682528 ) ) ;
#3389 = CARTESIAN_POINT ( 'NONE',  ( -0.6497883585563697384, 0.001045038951370553821, 0.3997572847167403243 ) ) ;
#3390 = ORIENTED_EDGE ( 'NONE', *, *, #5571, .F. ) ;
#3391 = CARTESIAN_POINT ( 'NONE',  ( 0.1322780222382268223, 0.8999999999999999112, -0.02771349559380340694 ) ) ;
#3392 = CARTESIAN_POINT ( 'NONE',  ( -0.1175173355435908812, 0.9010000000000000231, -0.03429047515519517003 ) ) ;
#3393 = DIRECTION ( 'NONE',  ( 0.000000000000000000, 1.000000000000000000, 0.000000000000000000 ) ) ;
#3394 = ORIENTED_EDGE ( 'NONE', *, *, #3546, .F. ) ;
#3395 = CARTESIAN_POINT ( 'NONE',  ( -0.03068343618238688481, 0.8999999999999998002, 0.004015320735809066628 ) ) ;
#3396 = VECTOR ( 'NONE', #4871, 1000.000000000000000 ) ;
#3397 = CARTESIAN_POINT ( 'NONE',  ( 0.1185923795456789859, 0.9000000000000000222, 0.03197107776130263951 ) ) ;
#3398 = CARTESIAN_POINT ( 'NONE',  ( -0.04025313927853307189, 0.9009999999999999121, 0.02983146877488832005 ) ) ;
#3399 = CARTESIAN_POINT ( 'NONE',  ( 0.1138760901889245003, 0.9000000000000001332, 0.04954358280627220446 ) ) ;
#3400 = CARTESIAN_POINT ( 'NONE',  ( 0.03957000130286657952, 0.9009999999999999121, 0.03111449040325628759 ) ) ;
#3401 = CARTESIAN_POINT ( 'NONE',  ( -0.1243347929176753242, 0.9000000000000002442, -0.01911985382351150120 ) ) ;
#3402 =( GEOMETRIC_REPRESENTATION_CONTEXT ( 3 ) GLOBAL_UNCERTAINTY_ASSIGNED_CONTEXT ( ( #4489 ) ) GLOBAL_UNIT_ASSIGNED_CONTEXT ( ( #1547, #2529, #5865 ) ) REPRESENTATION_CONTEXT ( 'NONE', 'WORKASPACE' ) );
#3403 = CARTESIAN_POINT ( 'NONE',  ( 0.05454509329150279695, 0.9010000000000001341, 0.02682310018442016913 ) ) ;
#3404 = EDGE_CURVE ( 'NONE', #3468, #4715, #1965, .T. ) ;
#3405 = CARTESIAN_POINT ( 'NONE',  ( 0.02822187512430632608, 0.9010000000000000231, 0.04607667239710256518 ) ) ;
#3406 = CARTESIAN_POINT ( 'NONE',  ( -0.02394635127091755689, 0.9009999999999999121, 0.007853370818603745696 ) ) ;
#3407 = CARTESIAN_POINT ( 'NONE',  ( -0.08762731372317122958, 0.9010000000000000231, 0.04188868003568389092 ) ) ;
#3408 = CARTESIAN_POINT ( 'NONE',  ( -0.05634377263356808718, 0.9000000000000001332, -0.005157405850213663684 ) ) ;
#3409 = ORIENTED_EDGE ( 'NONE', *, *, #3626, .F. ) ;
#3410 = CARTESIAN_POINT ( 'NONE',  ( 0.1541655707094783390, 0.9009999999999996900, 0.009045182717416900761 ) ) ;
#3411 = CARTESIAN_POINT ( 'NONE',  ( -0.04579615153301829639, 0.9010000000000003562, 0.02074495489224231770 ) ) ;
#3412 = CARTESIAN_POINT ( 'NONE',  ( -0.1302007875311381735, 0.9000000000000000222, -0.04744859719091561873 ) ) ;
#3413 = ORIENTED_EDGE ( 'NONE', *, *, #1313, .F. ) ;
#3414 = EDGE_LOOP ( 'NONE', ( #1243, #1099, #4182, #5661 ) ) ;
#3415 = CARTESIAN_POINT ( 'NONE',  ( -0.1088203327524470132, 0.9010000000000001341, -0.05506438017631783144 ) ) ;
#3416 = CARTESIAN_POINT ( 'NONE',  ( 0.01048315044335500039, 0.9000000000000001332, -0.001531604568162380853 ) ) ;
#3417 = ORIENTED_EDGE ( 'NONE', *, *, #1443, .F. ) ;
#3418 = DIRECTION ( 'NONE',  ( 0.000000000000000000, 0.000000000000000000, -1.000000000000000000 ) ) ;
#3419 = EDGE_CURVE ( 'NONE', #2388, #752, #3126, .T. ) ;
#3420 = CARTESIAN_POINT ( 'NONE',  ( -0.03244618569827752153, 0.9000000000000000222, 0.003937069110888776098 ) ) ;
#3421 = CARTESIAN_POINT ( 'NONE',  ( 0.01095204892479040640, 0.9009999999999999121, -0.01421012942464640501 ) ) ;
#3422 = CARTESIAN_POINT ( 'NONE',  ( 0.1130972749022312318, 0.9000000000000000222, 0.03005346915413797601 ) ) ;
#3423 = CARTESIAN_POINT ( 'NONE',  ( 0.08768401422291792480, 0.9010000000000000231, 0.02042165176963665896 ) ) ;
#3424 = ADVANCED_FACE ( 'NONE', ( #5497 ), #2057, .T. ) ;
#3425 = CARTESIAN_POINT ( 'NONE',  ( 0.05625521094010404316, 0.9009999999999999121, -0.05300480243248664042 ) ) ;
#3426 = LINE ( 'NONE', #4393, #3196 ) ;
#3427 = MECHANICAL_DESIGN_GEOMETRIC_PRESENTATION_REPRESENTATION (  '', ( #1723 ), #28 ) ;
#3428 = CIRCLE ( 'NONE', #728, 0.6084470225131334287 ) ;
#3429 = CARTESIAN_POINT ( 'NONE',  ( -0.01505771494126039757, 0.9010000000000000231, -0.04702439302970084362 ) ) ;
#3430 = CARTESIAN_POINT ( 'NONE',  ( 0.1024018562781991853, 0.9009999999999998010, -0.04799619212740554447 ) ) ;
#3431 = DIRECTION ( 'NONE',  ( -0.000000000000000000, -1.000000000000000000, -0.000000000000000000 ) ) ;
#3432 = CARTESIAN_POINT ( 'NONE',  ( -0.07775000797419885645, 0.9009999999999998010, 0.02238201666804670240 ) ) ;
#3433 = VECTOR ( 'NONE', #38, 1000.000000000000000 ) ;
#3434 = CARTESIAN_POINT ( 'NONE',  ( -0.02032729828316220955, 0.9010000000000001341, 0.01888643281808557312 ) ) ;
#3435 = CARTESIAN_POINT ( 'NONE',  ( 0.08740622736643191559, 0.9010000000000000231, 0.01671759414978633840 ) ) ;
#3436 = CARTESIAN_POINT ( 'NONE',  ( -0.1401874983050001577, 0.9010000000000001341, 0.02601360862749354727 ) ) ;
#3437 = ADVANCED_FACE ( 'NONE', ( #1748 ), #4901, .T. ) ;
#3438 = CARTESIAN_POINT ( 'NONE',  ( -0.06387582391561937023, 0.9010000000000001341, 0.01878089543183762006 ) ) ;
#3439 = ORIENTED_EDGE ( 'NONE', *, *, #3219, .F. ) ;
#3440 =( GEOMETRIC_REPRESENTATION_CONTEXT ( 3 ) GLOBAL_UNCERTAINTY_ASSIGNED_CONTEXT ( ( #4552 ) ) GLOBAL_UNIT_ASSIGNED_CONTEXT ( ( #5392, #2892, #143 ) ) REPRESENTATION_CONTEXT ( 'NONE', 'WORKASPACE' ) );
#3441 = CARTESIAN_POINT ( 'NONE',  ( -0.09338517988210826015, 0.9000000000000002442, -0.05097231666860020660 ) ) ;
#3442 = CARTESIAN_POINT ( 'NONE',  ( -0.6500000000000001332, 0.8981845218085255933, -0.4000000000000000222 ) ) ;
#3443 = CARTESIAN_POINT ( 'NONE',  ( -0.02404606552789235671, 0.8999999999999998002, 0.02811371051209027652 ) ) ;
#3444 = CARTESIAN_POINT ( 'NONE',  ( -0.1039599314786992801, 0.9010000000000000231, 0.04976801119537206664 ) ) ;
#3445 = CARTESIAN_POINT ( 'NONE',  ( -0.004497835751196229727, 0.8999999999999996891, 0.006511813943554324927 ) ) ;
#3446 = ORIENTED_EDGE ( 'NONE', *, *, #3175, .F. ) ;
#3447 = ORIENTED_EDGE ( 'NONE', *, *, #5914, .F. ) ;
#3448 = CARTESIAN_POINT ( 'NONE',  ( -0.6497544626328463080, 0.0009767000808519389100, -0.3997183879874685042 ) ) ;
#3449 = CARTESIAN_POINT ( 'NONE',  ( 0.01150809846929348214, 0.8999999999999998002, 0.01585329471277370852 ) ) ;
#3450 = SURFACE_STYLE_FILL_AREA ( #2486 ) ;
#3451 = CARTESIAN_POINT ( 'NONE',  ( 0.07318819439833315621, 0.9009999999999999121, -0.03591469967808748331 ) ) ;
#3452 = B_SPLINE_SURFACE_WITH_KNOTS ( 'NONE', 3, 1, ( 
 ( #4720, #2354 ),
 ( #6143, #3538 ),
 ( #2513, #4911 ),
 ( #623, #5904 ),
 ( #1559, #1623 ),
 ( #2124, #4877 ),
 ( #4036, #4373 ),
 ( #5847, #5345 ),
 ( #2003, #5876 ),
 ( #2545, #3039 ),
 ( #3472, #4946 ) ),
 .UNSPECIFIED., .F., .F., .F.,
 ( 4, 1, 1, 1, 1, 1, 1, 1, 4 ),
 ( 2, 2 ),
 ( 0.000000000000000000, 0.1274068638107690998, 0.2511055387650941717, 0.3729077916389046954, 0.4944963015983252497, 0.6161714362084778074, 0.7405628981726766202, 0.8676048506052689291, 1.000000000000000000 ),
 ( 0.000000000000000000, 1.000000000000000000 ),
 .UNSPECIFIED. ) ;
#3453 = CARTESIAN_POINT ( 'NONE',  ( 0.6498916632236225732, 0.8987165045029882338, -0.3998757945051259477 ) ) ;
#3454 = EDGE_LOOP ( 'NONE', ( #2490, #3976, #516, #3671 ) ) ;
#3455 = CARTESIAN_POINT ( 'NONE',  ( -0.1237062637687915134, 0.9009999999999996900, 0.01769503867720892756 ) ) ;
#3456 = CARTESIAN_POINT ( 'NONE',  ( -0.1253959785443843067, 0.9010000000000000231, 0.0001912801437514791971 ) ) ;
#3457 = CARTESIAN_POINT ( 'NONE',  ( 0.02960516254388110766, 0.9000000000000001332, -0.05174212879816673244 ) ) ;
#3458 = CARTESIAN_POINT ( 'NONE',  ( 0.1206794645459190879, 0.9010000000000000231, 0.05005092748311967821 ) ) ;
#3459 = FACE_OUTER_BOUND ( 'NONE', #3274, .T. ) ;
#3460 = CARTESIAN_POINT ( 'NONE',  ( -0.03145597648696247389, 0.8999999999999998002, -0.01274292787690913670 ) ) ;
#3461 = CARTESIAN_POINT ( 'NONE',  ( 0.05340082327956545416, 0.9009999999999999121, 0.02823865876485402715 ) ) ;
#3462 = CARTESIAN_POINT ( 'NONE',  ( 0.1215315339852736237, 0.8999999999999998002, -0.03709654891773817020 ) ) ;
#3463 = CARTESIAN_POINT ( 'NONE',  ( -0.07643036230800094588, 0.9010000000000000231, 0.01516769326465639695 ) ) ;
#3464 = DIRECTION ( 'NONE',  ( 0.000000000000000000, -0.000000000000000000, 1.000000000000000000 ) ) ;
#3465 = LINE ( 'NONE', #2069, #4499 ) ;
#3466 = CARTESIAN_POINT ( 'NONE',  ( -0.1275444001782503334, 0.9010000000000001341, 0.04484735562173475937 ) ) ;
#3467 =( NAMED_UNIT ( * ) PLANE_ANGLE_UNIT ( ) SI_UNIT ( $, .RADIAN. ) );
#3468 = VERTEX_POINT ( 'NONE', #1843 ) ;
#3469 = FACE_OUTER_BOUND ( 'NONE', #2818, .T. ) ;
#3470 = CARTESIAN_POINT ( 'NONE',  ( 0.1477818991986417085, 0.9000000000000000222, -0.001511492681634860665 ) ) ;
#3471 = CARTESIAN_POINT ( 'NONE',  ( 0.1373493623960100607, 0.9010000000000002451, 0.01585714959585861686 ) ) ;
#3472 = CARTESIAN_POINT ( 'NONE',  ( 0.1223020606997652776, 0.9010000000000000231, -0.05507727764508545815 ) ) ;
#3473 = CARTESIAN_POINT ( 'NONE',  ( -0.06171236023889248995, 0.9010000000000001341, 0.03038687285390298184 ) ) ;
#3474 = CARTESIAN_POINT ( 'NONE',  ( -0.007257764109836965793, 0.9009999999999998010, 0.001117899971440872295 ) ) ;
#3475 = ORIENTED_EDGE ( 'NONE', *, *, #844, .T. ) ;
#3476 = VERTEX_POINT ( 'NONE', #4208 ) ;
#3477 = COLOUR_RGB ( '',0.9411764705882352811, 0.9411764705882352811, 0.9411764705882352811 ) ;
#3478 = CARTESIAN_POINT ( 'NONE',  ( 0.03945598580818196477, 0.9010000000000003562, 0.04976978246409322071 ) ) ;
#3479 = CARTESIAN_POINT ( 'NONE',  ( -0.002365494402216769543, 0.9009999999999998010, 0.01781824486401964100 ) ) ;
#3480 = CARTESIAN_POINT ( 'NONE',  ( 0.1316482202687332959, 0.9000000000000000222, -0.03145389591487036951 ) ) ;
#3481 = CARTESIAN_POINT ( 'NONE',  ( 0.07743228985439491729, 0.9010000000000001341, -0.01996003725395848957 ) ) ;
#3482 = ADVANCED_FACE ( 'NONE', ( #6112 ), #5243, .T. ) ;
#3483 = DIRECTION ( 'NONE',  ( 1.000000000000000000, 0.000000000000000000, 0.000000000000000000 ) ) ;
#3484 = B_SPLINE_CURVE_WITH_KNOTS ( 'NONE', 3,
 ( #988, #5708, #4395, #4361, #582, #1427, #551, #3461, #3403, #5738, #2903 ),
 .UNSPECIFIED., .F., .F.,
 ( 4, 1, 1, 1, 1, 1, 1, 1, 4 ),
 ( 0.000000000000000000, 0.1240354330026170737, 0.2428459548115287636, 0.3603416824496157300, 0.4790424316556542439, 0.5993341100427885815, 0.7254884757708253140, 0.8585494285274634096, 0.9999999999999998890 ),
 .UNSPECIFIED. ) ;
#3485 = CARTESIAN_POINT ( 'NONE',  ( -0.6500000000000001332, 0.002000000000000000042, -0.4000000000000000222 ) ) ;
#3486 = CARTESIAN_POINT ( 'NONE',  ( -0.1110135770202495681, 0.9009999999999998010, -0.05503319143535111840 ) ) ;
#3487 = CARTESIAN_POINT ( 'NONE',  ( -0.1142761525432872821, 0.9010000000000002451, 0.03111449040325629453 ) ) ;
#3488 = UNCERTAINTY_MEASURE_WITH_UNIT (LENGTH_MEASURE( 1.000000000000000082E-05 ), #5055, 'distance_accuracy_value', 'NONE');
#3489 = CARTESIAN_POINT ( 'NONE',  ( 0.03646992071202859176, 0.8999999999999999112, -0.05432422426270084453 ) ) ;
#3490 = SURFACE_SIDE_STYLE ('',( #1515 ) ) ;
#3491 = CARTESIAN_POINT ( 'NONE',  ( 0.05896881845834883035, 0.9000000000000002442, 0.04716697732936904475 ) ) ;
#3492 = CARTESIAN_POINT ( 'NONE',  ( 0.01048315044335500039, 0.9010000000000000231, -0.001531604568162380853 ) ) ;
#3493 = CARTESIAN_POINT ( 'NONE',  ( 0.04117345110229053695, 0.9009999999999999121, 0.03168219816481541301 ) ) ;
#3494 = CARTESIAN_POINT ( 'NONE',  ( 0.01071200778105648246, 0.8999999999999996891, 0.007674721884922071184 ) ) ;
#3495 = SURFACE_SIDE_STYLE ('',( #5372 ) ) ;
#3496 =( GEOMETRIC_REPRESENTATION_CONTEXT ( 3 ) GLOBAL_UNCERTAINTY_ASSIGNED_CONTEXT ( ( #1667 ) ) GLOBAL_UNIT_ASSIGNED_CONTEXT ( ( #2749, #4653, #4117 ) ) REPRESENTATION_CONTEXT ( 'NONE', 'WORKASPACE' ) );
#3497 = CARTESIAN_POINT ( 'NONE',  ( -0.1115736078833780287, 0.9010000000000002451, -0.03701835041680134192 ) ) ;
#3498 = EDGE_CURVE ( 'NONE', #4500, #4210, #2994, .T. ) ;
#3499 = CARTESIAN_POINT ( 'NONE',  ( -0.09771583917483413206, 0.9010000000000001341, -0.02961204664994143351 ) ) ;
#3500 = ORIENTED_EDGE ( 'NONE', *, *, #3881, .T. ) ;
#3501 = CARTESIAN_POINT ( 'NONE',  ( -0.09543349515744146971, 0.8999999999999999112, -0.05208803695162561587 ) ) ;
#3502 =( GEOMETRIC_REPRESENTATION_CONTEXT ( 3 ) GLOBAL_UNCERTAINTY_ASSIGNED_CONTEXT ( ( #2427 ) ) GLOBAL_UNIT_ASSIGNED_CONTEXT ( ( #1087, #4869, #3527 ) ) REPRESENTATION_CONTEXT ( 'NONE', 'WORKASPACE' ) );
#3503 = CARTESIAN_POINT ( 'NONE',  ( 0.1553380122158606602, 0.8999999999999999112, 0.01692411460207001242 ) ) ;
#3504 = CARTESIAN_POINT ( 'NONE',  ( 0.1349673923007032872, 0.9010000000000000231, 0.009868593058264736942 ) ) ;
#3505 =( LENGTH_UNIT ( ) NAMED_UNIT ( * ) SI_UNIT ( .MILLI., .METRE. ) );
#3506 = CARTESIAN_POINT ( 'NONE',  ( 0.02843186839207294259, 0.9010000000000000231, -0.001331284055341868094 ) ) ;
#3507 = EDGE_CURVE ( 'NONE', #6087, #5755, #4291, .T. ) ;
#3508 = CARTESIAN_POINT ( 'NONE',  ( 0.1365517396959527174, 0.9009999999999998010, 0.01272852697754398368 ) ) ;
#3509 = ORIENTED_EDGE ( 'NONE', *, *, #1663, .F. ) ;
#3510 = CARTESIAN_POINT ( 'NONE',  ( -0.07542312248097131355, 0.9009999999999999121, -0.004069255259697149990 ) ) ;
#3511 = B_SPLINE_CURVE_WITH_KNOTS ( 'NONE', 3,
 ( #1253, #5099, #3164, #2700, #4598, #320, #836, #803, #2228, #867, #3606, #6034, #2755, #382, #3262, #2784, #2728, #4153, #6061 ),
 .UNSPECIFIED., .F., .F.,
 ( 4, 1, 1, 1, 1, 1, 1, 1, 1, 1, 1, 1, 1, 1, 1, 1, 4 ),
 ( 0.000000000000000000, 0.06821391069664131668, 0.1340948027129805764, 0.1982856151357148267, 0.2611601861891397203, 0.3236346542898935752, 0.3863667501562177975, 0.4496423858959014974, 0.5142449020307917618, 0.5784133384205223383, 0.6403746860373719096, 0.7006148497351880611, 0.7601039771708680837, 0.8192989800104282239, 0.8784659836354113960, 0.9383604016893761779, 1.000000000000000000 ),
 .UNSPECIFIED. ) ;
#3512 = CARTESIAN_POINT ( 'NONE',  ( -0.6484832003429488179, 0.9000000000000000222, 0.3982548875554663415 ) ) ;
#3513 = LINE ( 'NONE', #1656, #1779 ) ;
#3514 = CARTESIAN_POINT ( 'NONE',  ( 0.03291989347011176764, 0.9010000000000000231, -0.05325541046488354441 ) ) ;
#3515 = DIRECTION ( 'NONE',  ( -0.000000000000000000, 1.000000000000000000, -0.000000000000000000 ) ) ;
#3516 = CARTESIAN_POINT ( 'NONE',  ( 0.04925007120554896617, 0.8999999999999998002, -0.05476435226409977208 ) ) ;
#3517 = CARTESIAN_POINT ( 'NONE',  ( 0.1221533706366737249, 0.9009999999999999121, -0.01666037999430364583 ) ) ;
#3518 = CARTESIAN_POINT ( 'NONE',  ( -0.02394635127091755689, 0.9009999999999999121, 0.007853370818603745696 ) ) ;
#3519 = CARTESIAN_POINT ( 'NONE',  ( -0.1098309611284897652, 0.9000000000000002442, 0.03207790524200765381 ) ) ;
#3520 = CARTESIAN_POINT ( 'NONE',  ( 0.1206794645459190879, 0.8999999999999999112, 0.05005092748311967821 ) ) ;
#3521 = FACE_OUTER_BOUND ( 'NONE', #4278, .T. ) ;
#3522 = PLANE ( 'NONE',  #4000 ) ;
#3523 = CARTESIAN_POINT ( 'NONE',  ( 0.7980000000000000426, 0.9000000000000000222, 0.3980000000000000204 ) ) ;
#3524 = DIRECTION ( 'NONE',  ( 0.000000000000000000, 1.520399898403487706E-12, 1.000000000000000000 ) ) ;
#3525 = CARTESIAN_POINT ( 'NONE',  ( 0.02990078085263533914, 0.9010000000000000231, -0.02133406143642727765 ) ) ;
#3526 = CARTESIAN_POINT ( 'NONE',  ( 0.02278524503730119596, 0.8999999999999995781, 0.04186268668908310620 ) ) ;
#3527 =( NAMED_UNIT ( * ) SI_UNIT ( $, .STERADIAN. ) SOLID_ANGLE_UNIT ( ) );
#3528 = PRESENTATION_LAYER_ASSIGNMENT (  '', '', ( #2229 ) ) ;
#3529 = CARTESIAN_POINT ( 'NONE',  ( -0.1138079197874622556, 0.9000000000000000222, -0.03639882694468771218 ) ) ;
#3530 = CARTESIAN_POINT ( 'NONE',  ( -0.09338229438400474924, 0.9010000000000002451, -0.007083230377343274070 ) ) ;
#3531 = CARTESIAN_POINT ( 'NONE',  ( -0.1136040192306247143, 0.9000000000000000222, -0.05494696498555177999 ) ) ;
#3532 = VECTOR ( 'NONE', #785, 1000.000000000000000 ) ;
#3533 = CIRCLE ( 'NONE', #3735, 0.6084470225131334287 ) ;
#3534 = CARTESIAN_POINT ( 'NONE',  ( 0.1504713095928882360, 0.9000000000000001332, 0.001636461194484833915 ) ) ;
#3535 = EDGE_CURVE ( 'NONE', #4406, #5755, #445, .T. ) ;
#3536 = FILL_AREA_STYLE_COLOUR ( '', #2000 ) ;
#3537 = CARTESIAN_POINT ( 'NONE',  ( -0.04388002461517891140, 0.8999999999999999112, 0.02591206305688173450 ) ) ;
#3538 = CARTESIAN_POINT ( 'NONE',  ( 0.1009455926174850776, 0.9000000000000001332, -0.04652756390792830987 ) ) ;
#3539 = CARTESIAN_POINT ( 'NONE',  ( -0.05711528964149353155, 0.9010000000000000231, 0.03818119259311299196 ) ) ;
#3540 = CARTESIAN_POINT ( 'NONE',  ( 0.1306466384419256443, 0.9000000000000002442, -0.05401506190712170030 ) ) ;
#3541 = CARTESIAN_POINT ( 'NONE',  ( -0.04783416871818042121, 0.9010000000000000231, 0.04638749933042028012 ) ) ;
#3542 = MECHANICAL_DESIGN_GEOMETRIC_PRESENTATION_REPRESENTATION (  '', ( #3639 ), #5930 ) ;
#3543 = EDGE_LOOP ( 'NONE', ( #287, #2715, #3731, #2185 ) ) ;
#3544 = CARTESIAN_POINT ( 'NONE',  ( 0.01279079834529587428, 0.9010000000000000231, 0.02291271037115827011 ) ) ;
#3545 = CARTESIAN_POINT ( 'NONE',  ( 0.02845017530176954107, 0.9010000000000001341, 0.0001912801437514796308 ) ) ;
#3546 = EDGE_CURVE ( 'NONE', #75, #415, #393, .T. ) ;
#3547 = CARTESIAN_POINT ( 'NONE',  ( -0.002420755531233757200, 0.9010000000000000231, 0.01565181306640116635 ) ) ;
#3548 = DIRECTION ( 'NONE',  ( 0.000000000000000000, 1.000000000000000000, -0.000000000000000000 ) ) ;
#3549 =( LENGTH_UNIT ( ) NAMED_UNIT ( * ) SI_UNIT ( .MILLI., .METRE. ) );
#3550 = CARTESIAN_POINT ( 'NONE',  ( 0.06606036776863781490, 0.9010000000000001341, -0.04665863452239824016 ) ) ;
#3551 = CARTESIAN_POINT ( 'NONE',  ( 0.06923868151743722832, 0.9000000000000002442, -0.04289115402682275313 ) ) ;
#3552 = B_SPLINE_CURVE_WITH_KNOTS ( 'NONE', 3,
 ( #3284, #3687, #2774, #1337, #4745, #5087, #4711, #2746, #1776, #5208, #793, #4678, #5151, #1807, #401, #922, #6133, #2717, #1395 ),
 .UNSPECIFIED., .F., .F.,
 ( 4, 1, 1, 1, 1, 1, 1, 1, 1, 1, 1, 1, 1, 1, 1, 1, 4 ),
 ( 0.000000000000000000, 0.06940222273327741054, 0.1359434277415494940, 0.2010203772821971824, 0.2641806354860674610, 0.3259547982266983168, 0.3884537906252658601, 0.4508185688551888948, 0.5142656197867420120, 0.5774921763904646843, 0.6388352985771121872, 0.6986336447043979270, 0.7580571493169930841, 0.8170324353081861446, 0.8764147980799066318, 0.9372779555277138686, 1.000000000000000000 ),
 .UNSPECIFIED. ) ;
#3553 = CARTESIAN_POINT ( 'NONE',  ( 0.02892077535816578449, 0.8999999999999998002, -0.01404035714097477162 ) ) ;
#3554 = CARTESIAN_POINT ( 'NONE',  ( -0.03244618569827752153, 0.9010000000000000231, 0.003937069110888776098 ) ) ;
#3555 = CARTESIAN_POINT ( 'NONE',  ( 0.09510283403057798179, 0.8999999999999996891, -0.03804901686015350198 ) ) ;
#3556 = CARTESIAN_POINT ( 'NONE',  ( -0.09771583917483413206, 0.9010000000000001341, -0.02961204664994143351 ) ) ;
#3557 = CARTESIAN_POINT ( 'NONE',  ( 0.1529675590454608047, 0.9000000000000000222, 0.03022892589919315420 ) ) ;
#3558 = CARTESIAN_POINT ( 'NONE',  ( 0.07682944008526020052, 0.9010000000000000231, -0.02367520802437588293 ) ) ;
#3559 = EDGE_CURVE ( 'NONE', #2128, #1192, #3770, .T. ) ;
#3560 = CARTESIAN_POINT ( 'NONE',  ( -0.6500000000000000222, 0.9000000000000000222, 0.4000000000000000222 ) ) ;
#3561 = LINE ( 'NONE', #1518, #6058 ) ;
#3562 = CARTESIAN_POINT ( 'NONE',  ( 0.1553549453151499005, 0.9010000000000000231, 0.01767913261132480346 ) ) ;
#3563 = DIRECTION ( 'NONE',  ( -0.000000000000000000, -0.000000000000000000, -1.000000000000000000 ) ) ;
#3564 = EDGE_CURVE ( 'NONE', #3075, #1090, #14, .T. ) ;
#3565 = SURFACE_STYLE_USAGE ( .BOTH. , #281 ) ;
#3566 = CARTESIAN_POINT ( 'NONE',  ( -0.09361521801082126060, 0.9010000000000001341, -0.01143877687389749029 ) ) ;
#3567 =( LENGTH_UNIT ( ) NAMED_UNIT ( * ) SI_UNIT ( .MILLI., .METRE. ) );
#3568 = CARTESIAN_POINT ( 'NONE',  ( 0.1502267401869447627, 0.9000000000000001332, -0.02885532251688032943 ) ) ;
#3569 = B_SPLINE_CURVE_WITH_KNOTS ( 'NONE', 3,
 ( #857, #1490, #5773, #990, #3782, #3813, #23, #1366, #5244, #1460, #1398 ),
 .UNSPECIFIED., .F., .F.,
 ( 4, 1, 1, 1, 1, 1, 1, 1, 4 ),
 ( 0.000000000000000000, 0.08887073112253615625, 0.1863547159714916412, 0.2940776543961755585, 0.4122365279576112318, 0.5417781444209643915, 0.6827026066315659003, 0.8350963526041701446, 0.9999999999999998890 ),
 .UNSPECIFIED. ) ;
#3570 = CARTESIAN_POINT ( 'NONE',  ( 0.04459773377668834610, 0.9010000000000002451, 0.03210220953440172387 ) ) ;
#3571 = CARTESIAN_POINT ( 'NONE',  ( -0.1030325472557836047, 0.8999999999999998002, 0.03040672219967175890 ) ) ;
#3572 = CARTESIAN_POINT ( 'NONE',  ( -0.02028608032587578269, 0.9010000000000001341, 0.01789948517542736678 ) ) ;
#3573 = CARTESIAN_POINT ( 'NONE',  ( -0.06387582391561938411, 0.9000000000000000222, 0.01878089543183762353 ) ) ;
#3574 =( GEOMETRIC_REPRESENTATION_CONTEXT ( 3 ) GLOBAL_UNCERTAINTY_ASSIGNED_CONTEXT ( ( #984 ) ) GLOBAL_UNIT_ASSIGNED_CONTEXT ( ( #2990, #520, #2365 ) ) REPRESENTATION_CONTEXT ( 'NONE', 'WORKASPACE' ) );
#3575 = CARTESIAN_POINT ( 'NONE',  ( -0.03927863115389810394, 0.9009999999999999121, 0.04949860300472256475 ) ) ;
#3576 = ORIENTED_EDGE ( 'NONE', *, *, #5759, .T. ) ;
#3577 = CARTESIAN_POINT ( 'NONE',  ( 0.1243376167762554746, 0.9000000000000000222, 0.04997932687706484189 ) ) ;
#3578 = VECTOR ( 'NONE', #1401, 1000.000000000000000 ) ;
#3579 = SURFACE_STYLE_USAGE ( .BOTH. , #4916 ) ;
#3580 = DIRECTION ( 'NONE',  ( 0.000000000000000000, 0.000000000000000000, 1.000000000000000000 ) ) ;
#3581 = CARTESIAN_POINT ( 'NONE',  ( 0.05167364790257503865, 0.9010000000000002451, -0.05434940545442305815 ) ) ;
#3582 = CARTESIAN_POINT ( 'NONE',  ( 0.06430781775269366063, 0.8999999999999999112, -0.04828525652437166971 ) ) ;
#3583 = AXIS2_PLACEMENT_3D ( 'NONE', #2398, #982, #1388 ) ;
#3584 = CARTESIAN_POINT ( 'NONE',  ( 0.02844299127138357267, 0.9010000000000000231, -0.002506511678296995723 ) ) ;
#3585 = VECTOR ( 'NONE', #181, 1000.000000000000000 ) ;
#3586 = CARTESIAN_POINT ( 'NONE',  ( -0.1198226441288689353, 0.9009999999999999121, 0.02656327688198252199 ) ) ;
#3587 = CARTESIAN_POINT ( 'NONE',  ( -0.1092484200694655294, 0.9010000000000000231, -0.03712855969636751075 ) ) ;
#3588 = CARTESIAN_POINT ( 'NONE',  ( -0.03294633673613218960, 0.8999999999999999112, 0.05005092748311967821 ) ) ;
#3589 = EDGE_CURVE ( 'NONE', #5037, #4550, #5700, .T. ) ;
#3590 = PLANE ( 'NONE',  #35 ) ;
#3591 = CARTESIAN_POINT ( 'NONE',  ( 0.1276398006780476713, 0.8999999999999999112, 0.004024012896437583441 ) ) ;
#3592 = DIRECTION ( 'NONE',  ( 0.000000000000000000, 1.000000000000000000, -0.000000000000000000 ) ) ;
#3593 = B_SPLINE_SURFACE_WITH_KNOTS ( 'NONE', 3, 1, ( 
 ( #3506, #3073 ),
 ( #5416, #3775 ),
 ( #1832, #3335 ),
 ( #5237, #4298 ),
 ( #6078, #396 ),
 ( #3839, #5891 ),
 ( #5768, #2995 ),
 ( #2496, #4927 ),
 ( #1578, #522 ),
 ( #5300, #1991 ),
 ( #5799, #5402 ),
 ( #5864, #4327 ),
 ( #2929, #4460 ),
 ( #2429, #4833 ),
 ( #3400, #53 ),
 ( #3928, #153 ),
 ( #3026, #2566 ),
 ( #186, #2054 ),
 ( #4896, #609 ) ),
 .UNSPECIFIED., .F., .F., .F.,
 ( 4, 1, 1, 1, 1, 1, 1, 1, 1, 1, 1, 1, 1, 1, 1, 1, 4 ),
 ( 2, 2 ),
 ( 0.000000000000000000, 0.1107342804863384184, 0.2123411929916478313, 0.3055021255634831068, 0.3898348410859879265, 0.4666904579461285674, 0.5352618542933007539, 0.5967629138889610774, 0.6510657189836183134, 0.7010355511102169812, 0.7478602709077569743, 0.7918333971357293111, 0.8342840069087864574, 0.8753338897746163472, 0.9160347492783124101, 0.9576522807232377144, 1.000000000000000000 ),
 ( 0.000000000000000000, 1.000000000000000000 ),
 .UNSPECIFIED. ) ;
#3594 = CARTESIAN_POINT ( 'NONE',  ( -0.1254142854540808982, 0.9000000000000000222, -0.001331284055341868094 ) ) ;
#3595 = CARTESIAN_POINT ( 'NONE',  ( 0.6494607962347298535, 0.0005534465387861813327, 0.3993811167605288426 ) ) ;
#3596 = CARTESIAN_POINT ( 'NONE',  ( -0.1173762331341252768, 0.9000000000000001332, -0.05432422426270085147 ) ) ;
#3597 = EDGE_CURVE ( 'NONE', #5418, #1915, #911, .T. ) ;
#3598 = CARTESIAN_POINT ( 'NONE',  ( 0.6488050738202444379, 0.8998994340293756666, 0.3986262191057000082 ) ) ;
#3599 = CARTESIAN_POINT ( 'NONE',  ( -0.04588955147769741699, 0.9000000000000000222, 0.01693362510097122173 ) ) ;
#3600 = CARTESIAN_POINT ( 'NONE',  ( -0.03294633673613218960, 0.8999999999999999112, 0.05005092748311967821 ) ) ;
#3601 = CARTESIAN_POINT ( 'NONE',  ( -0.09336959899498016580, 0.9000000000000002442, -0.004049312164759481456 ) ) ;
#3602 = ORIENTED_EDGE ( 'NONE', *, *, #3991, .F. ) ;
#3603 = DIRECTION ( 'NONE',  ( -0.000000000000000000, -1.000000000000000000, -0.000000000000000000 ) ) ;
#3604 = CARTESIAN_POINT ( 'NONE',  ( 0.1107020109905144795, 0.9000000000000001332, -0.02879145457972266675 ) ) ;
#3605 = CARTESIAN_POINT ( 'NONE',  ( -0.03242000044289682081, 0.9000000000000001332, 0.03205153684864665148 ) ) ;
#3606 = CARTESIAN_POINT ( 'NONE',  ( 0.1440917133001727302, 0.9010000000000002451, -0.04537587113212673134 ) ) ;
#3607 = CARTESIAN_POINT ( 'NONE',  ( 0.1317878575184511514, 0.9000000000000002442, -0.02466779883871787413 ) ) ;
#3608 = ORIENTED_EDGE ( 'NONE', *, *, #844, .F. ) ;
#3609 = CARTESIAN_POINT ( 'NONE',  ( 0.01947274923867053920, 0.9010000000000000231, -0.04255720200933740816 ) ) ;
#3610 = CARTESIAN_POINT ( 'NONE',  ( 0.09290959279573006435, 0.9010000000000001341, -0.03081027932911266018 ) ) ;
#3611 = CARTESIAN_POINT ( 'NONE',  ( 0.04630269743612012989, 0.9010000000000000231, -0.03705893677448042489 ) ) ;
#3612 = EDGE_CURVE ( 'NONE', #4369, #3923, #2765, .T. ) ;
#3613 = SURFACE_SIDE_STYLE ('',( #5512 ) ) ;
#3614 = CARTESIAN_POINT ( 'NONE',  ( -0.02684522717435595257, 0.9000000000000001332, 0.04954742021169246391 ) ) ;
#3615 = ORIENTED_EDGE ( 'NONE', *, *, #3507, .F. ) ;
#3616 = CARTESIAN_POINT ( 'NONE',  ( 0.02449888250803760811, 0.9000000000000001332, 0.04343766765440036648 ) ) ;
#3617 = FILL_AREA_STYLE ('',( #5581 ) ) ;
#3618 = CARTESIAN_POINT ( 'NONE',  ( -0.009189569986831002193, 0.9010000000000000231, 0.03872527550681500313 ) ) ;
#3619 = CARTESIAN_POINT ( 'NONE',  ( -0.1253816096058105733, 0.8999999999999999112, -0.004783767752985838145 ) ) ;
#3620 = FACE_OUTER_BOUND ( 'NONE', #2789, .T. ) ;
#3621 = CARTESIAN_POINT ( 'NONE',  ( -0.1302007875311381735, 0.9000000000000000222, -0.04744859719091561873 ) ) ;
#3622 = CARTESIAN_POINT ( 'NONE',  ( 0.6498916632236223512, 0.8987165045029883448, 0.3998757945051259477 ) ) ;
#3623 = PRESENTATION_LAYER_ASSIGNMENT (  '', '', ( #139 ) ) ;
#3624 = CARTESIAN_POINT ( 'NONE',  ( 0.1482650917880456443, 0.9009999999999998010, -0.03883421052760834685 ) ) ;
#3625 = CARTESIAN_POINT ( 'NONE',  ( 0.1002067081356627226, 0.9000000000000001332, -0.04578240585021366854 ) ) ;
#3626 = EDGE_CURVE ( 'NONE', #539, #752, #5008, .T. ) ;
#3627 = ORIENTED_EDGE ( 'NONE', *, *, #2104, .F. ) ;
#3628 = VECTOR ( 'NONE', #2244, 1000.000000000000000 ) ;
#3629 = COLOUR_RGB ( '',0.9411764705882352811, 0.9411764705882352811, 0.9411764705882352811 ) ;
#3630 = CARTESIAN_POINT ( 'NONE',  ( 0.01825182565716772579, 0.9010000000000002451, 0.03613718381239957450 ) ) ;
#3631 = VECTOR ( 'NONE', #6076, 1000.000000000000000 ) ;
#3632 = CARTESIAN_POINT ( 'NONE',  ( 0.1104831504433550216, 0.9010000000000000231, -0.02815420072200854051 ) ) ;
#3633 = CARTESIAN_POINT ( 'NONE',  ( 0.04557308365757199026, 0.9010000000000001341, 0.05003578430712354863 ) ) ;
#3634 = CARTESIAN_POINT ( 'NONE',  ( 0.1378838055713509925, 0.9009999999999999121, -0.008483214382899582906 ) ) ;
#3635 = CARTESIAN_POINT ( 'NONE',  ( 0.06046097396404562230, 0.9000000000000000222, -0.05097231666860017191 ) ) ;
#3636 = MECHANICAL_DESIGN_GEOMETRIC_PRESENTATION_REPRESENTATION (  '', ( #2936 ), #1733 ) ;
#3637 = ADVANCED_FACE ( 'NONE', ( #4704 ), #5732, .T. ) ;
#3638 = CARTESIAN_POINT ( 'NONE',  ( -0.1422795125334685995, 0.8999999999999994671, -0.01992421525497816218 ) ) ;
#3639 = STYLED_ITEM ( 'NONE', ( #779 ), #3821 ) ;
#3640 = ORIENTED_EDGE ( 'NONE', *, *, #978, .T. ) ;
#3641 = B_SPLINE_CURVE_WITH_KNOTS ( 'NONE', 3,
 ( #6077, #2609, #226, #5937, #3193, #2754, #4545, #1719, #3698, #2727, #2194, #3163, #4658, #5947, #5098, #266, #802, #5504, #3665, #1223, #2227, #2645, #6033, #2160, #721, #3633, #1754 ),
 .UNSPECIFIED., .F., .F.,
 ( 4, 1, 1, 1, 1, 1, 1, 1, 1, 1, 1, 1, 1, 1, 1, 1, 1, 1, 1, 1, 1, 1, 1, 1, 4 ),
 ( 0.000000000000000000, 0.06849087449695399898, 0.1330765404908785809, 0.1938289871915771234, 0.2510828574460500229, 0.3044008371534409063, 0.3544083437255270419, 0.4012947817777443582, 0.4447006845454781199, 0.4856924920892444764, 0.5246764844274039996, 0.5623067591777589636, 0.5979465846525346961, 0.6324735490267262561, 0.6657520428969366799, 0.6979852995504444158, 0.7295862241486805733, 0.7608251968744890181, 0.7923550795612062103, 0.8243126039626630375, 0.8571562719790692952, 0.8909268871454045780, 0.9259604429162999750, 0.9620613229943376643, 1.000000000000000000 ),
 .UNSPECIFIED. ) ;
#3642 = CARTESIAN_POINT ( 'NONE',  ( -0.03068343618238688481, 0.9009999999999998010, 0.004015320735809066628 ) ) ;
#3643 = CARTESIAN_POINT ( 'NONE',  ( -0.01822745755058469141, 0.9000000000000001332, -0.009254051735940642745 ) ) ;
#3644 = CARTESIAN_POINT ( 'NONE',  ( -0.1043148949687381088, 0.8999999999999999112, -0.03612144464661385529 ) ) ;
#3645 = B_SPLINE_CURVE_WITH_KNOTS ( 'NONE', 3,
 ( #1801, #17, #4673, #1924, #3308, #5673, #4770, #6129, #1389, #2868, #4230, #915, #3246, #3367, #1861, #2309 ),
 .UNSPECIFIED., .F., .F.,
 ( 4, 3, 3, 3, 3, 4 ),
 ( 1.590913496192664633E-21, 1.010940986815039615E-06, 1.933591621084683385E-06, 2.632595132266467379E-06, 3.201352646834119003E-06, 3.647884843224990602E-06 ),
 .UNSPECIFIED. ) ;
#3646 = CARTESIAN_POINT ( 'NONE',  ( -0.03191007006466339835, 0.9000000000000002442, 0.05002398932788577890 ) ) ;
#3647 = EDGE_LOOP ( 'NONE', ( #4007, #2921, #3378 ) ) ;
#3648 = CARTESIAN_POINT ( 'NONE',  ( -0.1126727027438633455, 0.8999999999999999112, 0.03168219816481541301 ) ) ;
#3649 = CARTESIAN_POINT ( 'NONE',  ( 0.1140028403042374766, 0.8999999999999999112, 0.001353244549459914608 ) ) ;
#3650 = CARTESIAN_POINT ( 'NONE',  ( 0.1502267401869447627, 0.9010000000000000231, -0.02885532251688032943 ) ) ;
#3651 = CARTESIAN_POINT ( 'NONE',  ( -0.7980000000000000426, 0.002000000000000048614, 0.4000000000000000222 ) ) ;
#3652 = CARTESIAN_POINT ( 'NONE',  ( 0.7980000000000000426, 0.9000000000000000222, 0.000000000000000000 ) ) ;
#3653 = CARTESIAN_POINT ( 'NONE',  ( -0.09605701822196680006, 0.9000000000000000222, 0.02032294584786753858 ) ) ;
#3654 =( NAMED_UNIT ( * ) PLANE_ANGLE_UNIT ( ) SI_UNIT ( $, .RADIAN. ) );
#3655 = DIRECTION ( 'NONE',  ( -1.000000000000000000, 0.000000000000000000, 0.000000000000000000 ) ) ;
#3656 = CARTESIAN_POINT ( 'NONE',  ( -0.1242409913022727574, 0.9009999999999998010, -0.05174212879816671162 ) ) ;
#3657 = CARTESIAN_POINT ( 'NONE',  ( 0.1277119624245435237, 0.8999999999999996891, -0.01930677103713131226 ) ) ;
#3658 = CARTESIAN_POINT ( 'NONE',  ( 0.1232712711068675998, 0.9000000000000001332, -0.05505439648655075652 ) ) ;
#3659 = CARTESIAN_POINT ( 'NONE',  ( -0.09361521801082126060, 0.9000000000000001332, -0.01143877687389749029 ) ) ;
#3660 = CARTESIAN_POINT ( 'NONE',  ( 0.05496526041802058532, 0.9000000000000001332, -0.03138761580963363162 ) ) ;
#3661 = ORIENTED_EDGE ( 'NONE', *, *, #2888, .T. ) ;
#3662 = CARTESIAN_POINT ( 'NONE',  ( 0.02449888250803760811, 0.9010000000000001341, 0.04343766765440036648 ) ) ;
#3663 = CARTESIAN_POINT ( 'NONE',  ( 0.1292523457261196551, 0.9010000000000001341, 0.03048534464538246724 ) ) ;
#3664 = B_SPLINE_CURVE_WITH_KNOTS ( 'NONE', 3,
 ( #44, #10, #4383, #452, #109, #2860, #3922, #1382, #2361, #4762, #483, #1917, #5729, #1075, #4955 ),
 .UNSPECIFIED., .F., .F.,
 ( 4, 1, 1, 1, 1, 1, 1, 1, 1, 1, 1, 1, 4 ),
 ( 0.000000000000000000, 0.09253783465933068664, 0.1855907730267336853, 0.2795524791599529602, 0.3756022954876758746, 0.4276167156194811692, 0.4871168707665554654, 0.5541989278073822245, 0.6286239860240634414, 0.7096875605186883096, 0.7991807418287657505, 0.8953573266116912066, 1.000000000000000000 ),
 .UNSPECIFIED. ) ;
#3665 = CARTESIAN_POINT ( 'NONE',  ( 0.06093381267673372848, 0.9009999999999999121, 0.04609433629878718908 ) ) ;
#3666 = DIRECTION ( 'NONE',  ( 0.000000000000000000, 0.000000000000000000, 1.000000000000000000 ) ) ;
#3667 = EDGE_CURVE ( 'NONE', #1687, #1355, #743, .T. ) ;
#3668 = ORIENTED_EDGE ( 'NONE', *, *, #2988, .T. ) ;
#3669 = AXIS2_PLACEMENT_3D ( 'NONE', #4536, #4114, #5033 ) ;
#3670 = LINE ( 'NONE', #1726, #2734 ) ;
#3671 = ORIENTED_EDGE ( 'NONE', *, *, #239, .T. ) ;
#3672 = EDGE_CURVE ( 'NONE', #1533, #3386, #1574, .T. ) ;
#3673 = CARTESIAN_POINT ( 'NONE',  ( 0.02960516254388110766, 0.9010000000000001341, -0.05174212879816673244 ) ) ;
#3674 = CARTESIAN_POINT ( 'NONE',  ( -0.1043148949687381088, 0.9010000000000001341, -0.03612144464661385529 ) ) ;
#3675 = VECTOR ( 'NONE', #5863, 1000.000000000000000 ) ;
#3676 = CARTESIAN_POINT ( 'NONE',  ( 0.07843186839207294536, 0.9010000000000000231, -0.002473110978418791451 ) ) ;
#3677 = EDGE_LOOP ( 'NONE', ( #2281, #3759, #3828, #4606 ) ) ;
#3678 =( GEOMETRIC_REPRESENTATION_CONTEXT ( 3 ) GLOBAL_UNCERTAINTY_ASSIGNED_CONTEXT ( ( #2366 ) ) GLOBAL_UNIT_ASSIGNED_CONTEXT ( ( #1072, #5448, #5391 ) ) REPRESENTATION_CONTEXT ( 'NONE', 'WORKASPACE' ) );
#3679 = CARTESIAN_POINT ( 'NONE',  ( -0.1237062637687915134, 0.8999999999999996891, 0.01769503867720892756 ) ) ;
#3680 = CARTESIAN_POINT ( 'NONE',  ( 0.1158641750288091354, 0.9010000000000001341, 0.001392719130322206530 ) ) ;
#3681 = FILL_AREA_STYLE ('',( #762 ) ) ;
#3682 = DIRECTION ( 'NONE',  ( 1.000000000000000000, -0.000000000000000000, 0.000000000000000000 ) ) ;
#3683 = CARTESIAN_POINT ( 'NONE',  ( 0.1457168532091403512, 0.8999999999999998002, -0.04328046641319070048 ) ) ;
#3684 = CARTESIAN_POINT ( 'NONE',  ( 0.1375581236799059415, 0.9010000000000000231, -0.007667771680018438570 ) ) ;
#3685 = CARTESIAN_POINT ( 'NONE',  ( -0.1254031625747702716, 0.9009999999999999121, -0.002506511678296997458 ) ) ;
#3686 = CARTESIAN_POINT ( 'NONE',  ( -0.08460747232871668189, 0.9010000000000002451, -0.04289115402682277395 ) ) ;
#3687 = CARTESIAN_POINT ( 'NONE',  ( 0.1222158844248602549, 0.9010000000000001341, 0.03209269478947967408 ) ) ;
#3688 = CARTESIAN_POINT ( 'NONE',  ( 0.1243283379376118880, 0.9000000000000000222, -0.01737522911072904644 ) ) ;
#3689 = B_SPLINE_CURVE_WITH_KNOTS ( 'NONE', 3,
 ( #3492, #1703, #216, #4932, #3959, #189, #1582, #1237, #4081, #2147, #3086 ),
 .UNSPECIFIED., .F., .F.,
 ( 4, 1, 1, 1, 1, 1, 1, 1, 4 ),
 ( 0.000000000000000000, 0.1610711239484212132, 0.3107888083803541091, 0.4499038238309442383, 0.5783763165061847067, 0.6966172119048389400, 0.8059873227104094040, 0.9065617032890808114, 1.000000000000000000 ),
 .UNSPECIFIED. ) ;
#3690 = CARTESIAN_POINT ( 'NONE',  ( 0.1356418471000309101, 0.9000000000000005773, -0.05206042531072847812 ) ) ;
#3691 = ADVANCED_FACE ( 'NONE', ( #2462 ), #4397, .T. ) ;
#3692 = CARTESIAN_POINT ( 'NONE',  ( -0.09441403277565837970, 0.8999999999999999112, -0.01900855553905306597 ) ) ;
#3693 = CARTESIAN_POINT ( 'NONE',  ( 0.05102648778011002750, 0.8999999999999996891, -0.03529417692304603199 ) ) ;
#3694 = EDGE_LOOP ( 'NONE', ( #2419, #5851, #1821, #4756 ) ) ;
#3695 = CARTESIAN_POINT ( 'NONE',  ( 0.05613031467131973651, 0.8999999999999999112, -0.02961204664994141617 ) ) ;
#3696 = CARTESIAN_POINT ( 'NONE',  ( 0.1149019944265814025, 0.9000000000000003553, -0.03466037262701119476 ) ) ;
#3697 = EDGE_CURVE ( 'NONE', #1256, #1378, #5296, .T. ) ;
#3698 = CARTESIAN_POINT ( 'NONE',  ( 0.07525025732442390536, 0.9010000000000000231, 0.02558555698863765326 ) ) ;
#3699 = CARTESIAN_POINT ( 'NONE',  ( -0.6500000000000000222, 0.9000000000000000222, 0.4000000000000000222 ) ) ;
#3700 =( NAMED_UNIT ( * ) PLANE_ANGLE_UNIT ( ) SI_UNIT ( $, .RADIAN. ) );
#3701 = MECHANICAL_DESIGN_GEOMETRIC_PRESENTATION_REPRESENTATION (  '', ( #2902 ), #3402 ) ;
#3702 = EDGE_LOOP ( 'NONE', ( #3602, #2392, #5377, #468 ) ) ;
#3703 = PRESENTATION_STYLE_ASSIGNMENT (( #5193 ) ) ;
#3704 = CARTESIAN_POINT ( 'NONE',  ( -0.09829088801818347543, 0.8999999999999999112, 0.02523121594465813772 ) ) ;
#3705 = ORIENTED_EDGE ( 'NONE', *, *, #571, .T. ) ;
#3706 = STYLED_ITEM ( 'NONE', ( #1276 ), #1012 ) ;
#3707 = CARTESIAN_POINT ( 'NONE',  ( 0.1158641750288091354, 0.9000000000000001332, 0.001392719130322206530 ) ) ;
#3708 = CARTESIAN_POINT ( 'NONE',  ( -0.007257764109836965793, 0.8999999999999998002, 0.001117899971440872295 ) ) ;
#3709 = CARTESIAN_POINT ( 'NONE',  ( 0.05555526582797038621, 0.9000000000000000222, 0.02523121594465813772 ) ) ;
#3710 = EDGE_CURVE ( 'NONE', #1825, #1764, #1338, .T. ) ;
#3711 = ORIENTED_EDGE ( 'NONE', *, *, #5047, .F. ) ;
#3712 = CARTESIAN_POINT ( 'NONE',  ( -0.02033303510856055568, 0.9000000000000001332, 0.01693418905321183651 ) ) ;
#3713 = CARTESIAN_POINT ( 'NONE',  ( 0.04003823405869161994, 0.9010000000000000231, -0.03639882694468773300 ) ) ;
#3714 = CARTESIAN_POINT ( 'NONE',  ( 0.08740622736643191559, 0.9010000000000000231, 0.01671759414978633840 ) ) ;
#3715 = CARTESIAN_POINT ( 'NONE',  ( -0.002337362377157837026, 0.8999999999999999112, 0.01892111979081198200 ) ) ;
#3716 = FILL_AREA_STYLE ('',( #2310 ) ) ;
#3717 = CARTESIAN_POINT ( 'NONE',  ( 0.1054686844691369307, 0.8999999999999999112, 0.01734651682594107527 ) ) ;
#3718 = ORIENTED_EDGE ( 'NONE', *, *, #1096, .T. ) ;
#3719 = SURFACE_STYLE_USAGE ( .BOTH. , #2772 ) ;
#3720 = CARTESIAN_POINT ( 'NONE',  ( 0.08915296505168605889, 0.9009999999999999121, 0.02734880639750923367 ) ) ;
#3721 = CARTESIAN_POINT ( 'NONE',  ( 0.04024213461552912652, 0.9010000000000000231, -0.05494696498555177999 ) ) ;
#3722 = CARTESIAN_POINT ( 'NONE',  ( 0.05932618959848551948, 0.9010000000000000231, 0.01407506535255782613 ) ) ;
#3723 = CARTESIAN_POINT ( 'NONE',  ( 0.1422151178202767374, 0.9009999999999998010, -0.04733617602641596034 ) ) ;
#3724 = CARTESIAN_POINT ( 'NONE',  ( -0.08458197463422613416, 0.9000000000000001332, 0.03817282335507568569 ) ) ;
#3725 = ORIENTED_EDGE ( 'NONE', *, *, #3748, .T. ) ;
#3726 = CARTESIAN_POINT ( 'NONE',  ( 0.06046385946214915402, 0.8999999999999996891, -0.007083230377343272335 ) ) ;
#3727 = CARTESIAN_POINT ( 'NONE',  ( 0.1215315339852736237, 0.9009999999999998010, -0.03709654891773817020 ) ) ;
#3728 = CARTESIAN_POINT ( 'NONE',  ( 0.06926417921192774829, 0.9010000000000000231, 0.03817282335507567875 ) ) ;
#3729 = CARTESIAN_POINT ( 'NONE',  ( -0.1096891251976706561, 0.9010000000000000231, -0.05507727764508545815 ) ) ;
#3730 =( GEOMETRIC_REPRESENTATION_CONTEXT ( 3 ) GLOBAL_UNCERTAINTY_ASSIGNED_CONTEXT ( ( #3488 ) ) GLOBAL_UNIT_ASSIGNED_CONTEXT ( ( #5055, #1209, #1739 ) ) REPRESENTATION_CONTEXT ( 'NONE', 'WORKASPACE' ) );
#3731 = ORIENTED_EDGE ( 'NONE', *, *, #944, .F. ) ;
#3732 = CARTESIAN_POINT ( 'NONE',  ( -0.6491100111865879541, 0.0002388850217822616369, -0.3989776967913848948 ) ) ;
#3733 = ORIENTED_EDGE ( 'NONE', *, *, #3858, .T. ) ;
#3734 = EDGE_CURVE ( 'NONE', #5665, #6030, #5887, .T. ) ;
#3735 = AXIS2_PLACEMENT_3D ( 'NONE', #5350, #3917, #655 ) ;
#3736 = CARTESIAN_POINT ( 'NONE',  ( 0.09266115726932774854, 0.9010000000000000231, -0.02905139310101404262 ) ) ;
#3737 = CARTESIAN_POINT ( 'NONE',  ( -0.02359158217913823880, 0.9000000000000000222, -0.01153243345573000400 ) ) ;
#3738 = CARTESIAN_POINT ( 'NONE',  ( -0.1427945594816586450, 0.9000000000000002442, 0.01190364535197621296 ) ) ;
#3739 = AXIS2_PLACEMENT_3D ( 'NONE', #3082, #5509, #4989 ) ;
#3740 = ORIENTED_EDGE ( 'NONE', *, *, #497, .T. ) ;
#3741 = LINE ( 'NONE', #2208, #3532 ) ;
#3742 = FILL_AREA_STYLE ('',( #6074 ) ) ;
#3743 = CARTESIAN_POINT ( 'NONE',  ( -0.002846559562144815314, 0.9000000000000003553, 0.02517180399075242755 ) ) ;
#3744 = CARTESIAN_POINT ( 'NONE',  ( 0.02903768077964494904, 0.9000000000000002442, 0.01113043878050293256 ) ) ;
#3745 = VERTEX_POINT ( 'NONE', #546 ) ;
#3746 = CARTESIAN_POINT ( 'NONE',  ( -0.1071120546812612262, 0.9010000000000004672, -0.05503902030677629981 ) ) ;
#3747 = SURFACE_STYLE_USAGE ( .BOTH. , #1838 ) ;
#3748 = EDGE_CURVE ( 'NONE', #936, #5220, #4323, .T. ) ;
#3749 = CARTESIAN_POINT ( 'NONE',  ( -0.1433351879664146178, 0.9010000000000000231, 0.003164554580687270816 ) ) ;
#3750 = CARTESIAN_POINT ( 'NONE',  ( 0.1497643444759731435, 0.9010000000000005782, -0.03400135775730344506 ) ) ;
#3751 = CYLINDRICAL_SURFACE ( 'NONE', #884, 0.001999999999999994404 ) ;
#3752 = CARTESIAN_POINT ( 'NONE',  ( 0.06047655485117372359, 0.9000000000000002442, -0.004049312164759481456 ) ) ;
#3753 = ORIENTED_EDGE ( 'NONE', *, *, #1332, .T. ) ;
#3754 = CARTESIAN_POINT ( 'NONE',  ( 0.06047655485117372359, 0.9000000000000000222, -0.004049312164759481456 ) ) ;
#3755 = FILL_AREA_STYLE_COLOUR ( '', #3081 ) ;
#3756 = CARTESIAN_POINT ( 'NONE',  ( 0.07313009921522002632, 0.9010000000000003562, 0.03120962677902499455 ) ) ;
#3757 = CARTESIAN_POINT ( 'NONE',  ( -0.1433128369311897354, 0.9010000000000002451, -0.008028240089001834404 ) ) ;
#3758 = CARTESIAN_POINT ( 'NONE',  ( -0.09336300340279884979, 0.8999999999999999112, -0.002473110978418791451 ) ) ;
#3759 = ORIENTED_EDGE ( 'NONE', *, *, #1609, .F. ) ;
#3760 = DIRECTION ( 'NONE',  ( -0.000000000000000000, 0.000000000000000000, 1.000000000000000000 ) ) ;
#3761 = CARTESIAN_POINT ( 'NONE',  ( 0.1221818683920729426, 0.9010000000000000231, -0.03712855969636751075 ) ) ;
#3762 = ORIENTED_EDGE ( 'NONE', *, *, #6090, .T. ) ;
#3763 = STYLED_ITEM ( 'NONE', ( #541 ), #1725 ) ;
#3764 = CARTESIAN_POINT ( 'NONE',  ( 0.1216610350587396111, 0.9010000000000000231, 0.03210220953440172387 ) ) ;
#3765 =( NAMED_UNIT ( * ) SI_UNIT ( $, .STERADIAN. ) SOLID_ANGLE_UNIT ( ) );
#3766 = MECHANICAL_DESIGN_GEOMETRIC_PRESENTATION_REPRESENTATION (  '', ( #4158 ), #5362 ) ;
#3767 = VERTEX_POINT ( 'NONE', #5048 ) ;
#3768 =( NAMED_UNIT ( * ) SI_UNIT ( $, .STERADIAN. ) SOLID_ANGLE_UNIT ( ) );
#3769 = PRESENTATION_LAYER_ASSIGNMENT (  '', '', ( #2682 ) ) ;
#3770 = LINE ( 'NONE', #6157, #3940 ) ;
#3771 = CARTESIAN_POINT ( 'NONE',  ( 0.1080396951087097546, 0.9009999999999998010, 0.02491040918850950109 ) ) ;
#3772 = FACE_OUTER_BOUND ( 'NONE', #2349, .T. ) ;
#3773 = EDGE_CURVE ( 'NONE', #4307, #2306, #2202, .T. ) ;
#3774 = CARTESIAN_POINT ( 'NONE',  ( 0.01050027495300924485, 0.9000000000000001332, -0.003749255005359788083 ) ) ;
#3775 = CARTESIAN_POINT ( 'NONE',  ( 0.02845017530176954107, 0.9000000000000000222, 0.0001912801437514796308 ) ) ;
#3776 = CARTESIAN_POINT ( 'NONE',  ( -0.1249253784879881118, 0.9000000000000004663, -0.01404035714097477856 ) ) ;
#3777 = CARTESIAN_POINT ( 'NONE',  ( 0.1073364532122401405, 0.8999999999999999112, 0.02349725292308342192 ) ) ;
#3778 = PRESENTATION_LAYER_ASSIGNMENT (  '', '', ( #864 ) ) ;
#3779 = CARTESIAN_POINT ( 'NONE',  ( -0.08186395155304081184, 0.9010000000000001341, -0.03841954792534682528 ) ) ;
#3780 = DIRECTION ( 'NONE',  ( 0.000000000000000000, -3.916917325058071780E-12, -1.000000000000000000 ) ) ;
#3781 = FILL_AREA_STYLE_COLOUR ( '', #3477 ) ;
#3782 = CARTESIAN_POINT ( 'NONE',  ( 0.05861520433689539067, 0.9010000000000000231, 0.01737089936649918037 ) ) ;
#3783 = CARTESIAN_POINT ( 'NONE',  ( 0.05454509329150279695, 0.9000000000000000222, 0.02682310018442016913 ) ) ;
#3784 = CARTESIAN_POINT ( 'NONE',  ( -0.07542383589220694184, 0.9010000000000002451, -0.0008569971373132183800 ) ) ;
#3785 = CARTESIAN_POINT ( 'NONE',  ( -0.08762731372317122958, 0.9000000000000000222, 0.04188868003568389092 ) ) ;
#3786 = ORIENTED_EDGE ( 'NONE', *, *, #449, .T. ) ;
#3787 = CARTESIAN_POINT ( 'NONE',  ( 0.05241486326427241549, 0.8999999999999998002, -0.03421147205442884309 ) ) ;
#3788 = CARTESIAN_POINT ( 'NONE',  ( 0.1206794645459190879, 0.9010000000000000231, 0.05005092748311967821 ) ) ;
#3789 = CARTESIAN_POINT ( 'NONE',  ( 0.06279612400159835517, 0.9000000000000002442, 0.04486787705809487659 ) ) ;
#3790 = CARTESIAN_POINT ( 'NONE',  ( 0.1322780222382268223, 0.9010000000000000231, -0.02771349559380340694 ) ) ;
#3791 = CARTESIAN_POINT ( 'NONE',  ( -0.1082730701885818714, 0.9010000000000001341, 0.05003578430712354169 ) ) ;
#3792 = ORIENTED_EDGE ( 'NONE', *, *, #2333, .F. ) ;
#3793 = FILL_AREA_STYLE_COLOUR ( '', #3374 ) ;
#3794 = CARTESIAN_POINT ( 'NONE',  ( -0.09451996424766832827, 0.9010000000000003562, 0.01407506535255782613 ) ) ;
#3795 = ORIENTED_EDGE ( 'NONE', *, *, #3028, .F. ) ;
#3796 = CARTESIAN_POINT ( 'NONE',  ( 0.09732796606470117684, 0.9009999999999999121, -0.04220637961386865256 ) ) ;
#3797 = DIRECTION ( 'NONE',  ( 0.000000000000000000, 0.000000000000000000, -1.000000000000000000 ) ) ;
#3798 = PRESENTATION_LAYER_ASSIGNMENT (  '', '', ( #3002 ) ) ;
#3799 = CARTESIAN_POINT ( 'NONE',  ( 0.05981246014614854251, 0.9000000000000001332, 0.01042244463013075086 ) ) ;
#3800 = AXIS2_PLACEMENT_3D ( 'NONE', #1095, #4444, #3973 ) ;
#3801 = ORIENTED_EDGE ( 'NONE', *, *, #2218, .T. ) ;
#3802 = ADVANCED_FACE ( 'NONE', ( #1665 ), #4795, .T. ) ;
#3803 = CARTESIAN_POINT ( 'NONE',  ( -0.1372041889257094860, 0.9000000000000000222, -0.03808822513632294932 ) ) ;
#3804 = DIRECTION ( 'NONE',  ( 0.000000000000000000, 0.000000000000000000, -1.000000000000000000 ) ) ;
#3805 = UNCERTAINTY_MEASURE_WITH_UNIT (LENGTH_MEASURE( 1.000000000000000082E-05 ), #5027, 'distance_accuracy_value', 'NONE');
#3806 = CARTESIAN_POINT ( 'NONE',  ( -0.03294633673613218960, 0.9010000000000000231, 0.05005092748311967821 ) ) ;
#3807 = CARTESIAN_POINT ( 'NONE',  ( 0.7980000000000000426, 0.002000000000000048614, 0.3980000000000000204 ) ) ;
#3808 = CARTESIAN_POINT ( 'NONE',  ( -0.1217511757420037671, 0.9000000000000001332, -0.02839128719109009630 ) ) ;
#3809 = LINE ( 'NONE', #5175, #2405 ) ;
#3810 = CARTESIAN_POINT ( 'NONE',  ( -0.07565108501963890841, 0.8999999999999993561, -0.01170503834104716367 ) ) ;
#3811 =( NAMED_UNIT ( * ) PLANE_ANGLE_UNIT ( ) SI_UNIT ( $, .RADIAN. ) );
#3812 = CARTESIAN_POINT ( 'NONE',  ( -0.09336300340279884979, 0.8999999999999999112, -0.002473110978418791451 ) ) ;
#3813 = CARTESIAN_POINT ( 'NONE',  ( 0.05932618959848551948, 0.9009999999999998010, 0.01407506535255782613 ) ) ;
#3814 = CARTESIAN_POINT ( 'NONE',  ( 0.05081360659037026384, 0.9000000000000000222, 0.03040672219967174503 ) ) ;
#3815 = CARTESIAN_POINT ( 'NONE',  ( -0.07564232359647939108, 0.8999999999999998002, 0.006853463484889395739 ) ) ;
#3816 = CARTESIAN_POINT ( 'NONE',  ( -0.06383450055734651851, 0.9000000000000000222, 0.01643050441511978085 ) ) ;
#3817 = ORIENTED_EDGE ( 'NONE', *, *, #31, .T. ) ;
#3818 = CARTESIAN_POINT ( 'NONE',  ( 0.05372851976355686593, 0.9010000000000000231, -0.03291091642285882968 ) ) ;
#3819 = CARTESIAN_POINT ( 'NONE',  ( 0.1553206196471124401, 0.9010000000000000231, 0.01878870253809515611 ) ) ;
#3820 = CARTESIAN_POINT ( 'NONE',  ( -0.1433535496940852028, 0.9010000000000000231, 6.449193210029902036E-05 ) ) ;
#3821 = ADVANCED_FACE ( 'NONE', ( #1258 ), #5539, .T. ) ;
#3822 = CARTESIAN_POINT ( 'NONE',  ( 0.06777217260109905106, 0.8999999999999998002, 0.04010744002157060062 ) ) ;
#3823 = CARTESIAN_POINT ( 'NONE',  ( -0.1428941049213635073, 0.9009999999999999121, -0.01421012942464640501 ) ) ;
#3824 = CARTESIAN_POINT ( 'NONE',  ( -0.09291234116942015397, 0.9010000000000001341, 0.04609433629878718214 ) ) ;
#3825 = VERTEX_POINT ( 'NONE', #5018 ) ;
#3826 = CARTESIAN_POINT ( 'NONE',  ( 0.1375581236799059415, 0.9000000000000000222, -0.007667771680018438570 ) ) ;
#3827 = CARTESIAN_POINT ( 'NONE',  ( 0.6500000000000000222, 0.002000000000000048614, 0.4000000000000000222 ) ) ;
#3828 = ORIENTED_EDGE ( 'NONE', *, *, #3170, .T. ) ;
#3829 = EDGE_CURVE ( 'NONE', #745, #5665, #2109, .T. ) ;
#3830 = DIRECTION ( 'NONE',  ( 0.000000000000000000, 1.000000000000000000, -0.000000000000000000 ) ) ;
#3831 = CARTESIAN_POINT ( 'NONE',  ( -0.1191993881866598021, 0.9000000000000000222, 0.04878955970900834826 ) ) ;
#3832 = ORIENTED_EDGE ( 'NONE', *, *, #4929, .F. ) ;
#3833 = PRESENTATION_LAYER_ASSIGNMENT (  '', '', ( #1834 ) ) ;
#3834 = DIRECTION ( 'NONE',  ( -1.000000000000000000, 0.000000000000000000, 0.000000000000000000 ) ) ;
#3835 = CARTESIAN_POINT ( 'NONE',  ( 0.1156986244825154719, 0.9010000000000000231, 0.03126246037245813264 ) ) ;
#3836 = CARTESIAN_POINT ( 'NONE',  ( 0.1371421373218577322, 0.9000000000000003553, 0.02043475188418769628 ) ) ;
#3837 = CARTESIAN_POINT ( 'NONE',  ( -0.01127787598082151919, 0.9010000000000001341, 0.04102967842286889266 ) ) ;
#3838 = CARTESIAN_POINT ( 'NONE',  ( 0.1251765434626153084, 0.9000000000000002442, -0.05500941673963080647 ) ) ;
#3839 = CARTESIAN_POINT ( 'NONE',  ( 0.02949606737954797372, 0.9010000000000000231, 0.01459980522673834553 ) ) ;
#3840 = CARTESIAN_POINT ( 'NONE',  ( -0.1100338156440531096, 0.9000000000000001332, -0.03709133350761327497 ) ) ;
#3841 = CARTESIAN_POINT ( 'NONE',  ( 0.1206154029326597932, 0.9000000000000000222, 0.03205752690576563202 ) ) ;
#3842 = CARTESIAN_POINT ( 'NONE',  ( -0.07595820700300122408, 0.9000000000000001332, -0.01596909689922644884 ) ) ;
#3843 = CARTESIAN_POINT ( 'NONE',  ( 0.03700428878723577980, 0.9009999999999998010, 0.04933522291535232668 ) ) ;
#3844 = ORIENTED_EDGE ( 'NONE', *, *, #2636, .T. ) ;
#3845 = CARTESIAN_POINT ( 'NONE',  ( -0.09983184325618134347, 0.8999999999999998002, -0.05377069934923398714 ) ) ;
#3846 = CARTESIAN_POINT ( 'NONE',  ( 0.1374062273664319045, 0.9010000000000000231, 0.01749884414978634256 ) ) ;
#3847 = B_SPLINE_SURFACE_WITH_KNOTS ( 'NONE', 3, 1, ( 
 ( #2997, #3704 ),
 ( #417, #5664 ),
 ( #5194, #386 ),
 ( #5693, #2299 ),
 ( #3299, #2889 ),
 ( #3794, #1379 ),
 ( #1411, #2327 ),
 ( #1913, #903 ),
 ( #3266, #5164 ),
 ( #5633, #1350 ),
 ( #4220, #479 ) ),
 .UNSPECIFIED., .F., .F., .F.,
 ( 4, 1, 1, 1, 1, 1, 1, 1, 4 ),
 ( 2, 2 ),
 ( 0.000000000000000000, 0.08887073112253637830, 0.1863547159714914747, 0.2940776543961756695, 0.4122365279576113428, 0.5417781444209645025, 0.6827026066315660113, 0.8350963526041701446, 0.9999999999999998890 ),
 ( 0.000000000000000000, 1.000000000000000000 ),
 .UNSPECIFIED. ) ;
#3848 = CARTESIAN_POINT ( 'NONE',  ( 0.05896881845834883035, 0.9010000000000002451, 0.04716697732936904475 ) ) ;
#3849 = CARTESIAN_POINT ( 'NONE',  ( 0.1322432465952946834, 0.8999999999999999112, -0.02836454251827703194 ) ) ;
#3850 = ORIENTED_EDGE ( 'NONE', *, *, #5285, .F. ) ;
#3851 = ORIENTED_EDGE ( 'NONE', *, *, #4319, .T. ) ;
#3852 = CARTESIAN_POINT ( 'NONE',  ( -0.07773093103008330007, 0.9010000000000003562, -0.02711954755700123065 ) ) ;
#3853 = CARTESIAN_POINT ( 'NONE',  ( -0.6482627733115841062, 0.9000000000000000222, -0.3979999999999999094 ) ) ;
#3854 = ORIENTED_EDGE ( 'NONE', *, *, #6154, .F. ) ;
#3855 = ADVANCED_FACE ( 'NONE', ( #699 ), #2511, .T. ) ;
#3856 = DIRECTION ( 'NONE',  ( 1.000000000000000000, 0.000000000000000000, 0.000000000000000000 ) ) ;
#3857 = CARTESIAN_POINT ( 'NONE',  ( -0.1100338156440531096, 0.9010000000000001341, -0.03709133350761327497 ) ) ;
#3858 = EDGE_CURVE ( 'NONE', #813, #4129, #388, .T. ) ;
#3859 = VERTEX_POINT ( 'NONE', #2302 ) ;
#3860 = CARTESIAN_POINT ( 'NONE',  ( 0.6500000000000001332, 0.8981845218085255933, -0.4000000000000000222 ) ) ;
#3861 = CARTESIAN_POINT ( 'NONE',  ( 0.01246933194599060893, 0.9000000000000001332, -0.02516093932430846919 ) ) ;
#3862 = CARTESIAN_POINT ( 'NONE',  ( 0.1098232459429742403, 0.8999999999999998002, 0.02730831124737345336 ) ) ;
#3863 = FACE_OUTER_BOUND ( 'NONE', #3694, .T. ) ;
#3864 = UNCERTAINTY_MEASURE_WITH_UNIT (LENGTH_MEASURE( 1.000000000000000082E-05 ), #5641, 'distance_accuracy_value', 'NONE');
#3865 = CARTESIAN_POINT ( 'NONE',  ( 0.000000000000000000, 0.002000000000000048614, 0.4000000000000000222 ) ) ;
#3866 =( LENGTH_UNIT ( ) NAMED_UNIT ( * ) SI_UNIT ( .MILLI., .METRE. ) );
#3867 = CARTESIAN_POINT ( 'NONE',  ( -0.6488050738202445489, 0.0001005659706243229373, 0.3986262191057001192 ) ) ;
#3868 = FILL_AREA_STYLE_COLOUR ( '', #5685 ) ;
#3869 = DIRECTION ( 'NONE',  ( 0.000000000000000000, 0.000000000000000000, -1.000000000000000000 ) ) ;
#3870 = MECHANICAL_DESIGN_GEOMETRIC_PRESENTATION_REPRESENTATION (  '', ( #3372 ), #3574 ) ;
#3871 = CARTESIAN_POINT ( 'NONE',  ( 0.000000000000000000, 0.9000000000000000222, 0.000000000000000000 ) ) ;
#3872 = B_SPLINE_CURVE_WITH_KNOTS ( 'NONE', 3,
 ( #5705, #3774, #1390, #3309, #916, #2836, #460, #491, #2368, #4258, #6161 ),
 .UNSPECIFIED., .F., .F.,
 ( 4, 1, 1, 1, 1, 1, 1, 1, 4 ),
 ( 0.000000000000000000, 0.1610711239484212132, 0.3107888083803541091, 0.4499038238309442383, 0.5783763165061847067, 0.6966172119048389400, 0.8059873227104094040, 0.9065617032890808114, 1.000000000000000000 ),
 .UNSPECIFIED. ) ;
#3873 = CARTESIAN_POINT ( 'NONE',  ( 0.03025269103666839224, 0.9009999999999998010, 0.04714262068267498218 ) ) ;
#3874 = CARTESIAN_POINT ( 'NONE',  ( -0.02826738363598399126, 0.9009999999999998010, 0.03117846460466699304 ) ) ;
#3875 = CARTESIAN_POINT ( 'NONE',  ( -0.08930960693900930059, 0.9009999999999999121, 0.04344869368045998353 ) ) ;
#3876 = CARTESIAN_POINT ( 'NONE',  ( 0.04459773377668834610, 0.9010000000000000231, 0.03210220953440172387 ) ) ;
#3877 = ORIENTED_EDGE ( 'NONE', *, *, #3881, .F. ) ;
#3878 =( NAMED_UNIT ( * ) PLANE_ANGLE_UNIT ( ) SI_UNIT ( $, .RADIAN. ) );
#3879 = STYLED_ITEM ( 'NONE', ( #3350 ), #2600 ) ;
#3880 = CARTESIAN_POINT ( 'NONE',  ( 0.1428425459730585378, 0.9010000000000000231, -0.005312510858298571427 ) ) ;
#3881 = EDGE_CURVE ( 'NONE', #813, #6172, #78, .T. ) ;
#3882 = CARTESIAN_POINT ( 'NONE',  ( 0.1358733312168720342, 0.9010000000000002451, 0.01126209793773976474 ) ) ;
#3883 = CARTESIAN_POINT ( 'NONE',  ( 0.1322780222382268223, 0.9010000000000000231, -0.02771349559380340694 ) ) ;
#3884 = ORIENTED_EDGE ( 'NONE', *, *, #2256, .F. ) ;
#3885 = CARTESIAN_POINT ( 'NONE',  ( -0.6500000000000001332, 0.001815478191474308774, -0.4000000000000000222 ) ) ;
#3886 = ADVANCED_FACE ( 'NONE', ( #1793 ), #2760, .T. ) ;
#3887 = FILL_AREA_STYLE_COLOUR ( '', #4154 ) ;
#3888 = ORIENTED_EDGE ( 'NONE', *, *, #1963, .T. ) ;
#3889 =( NAMED_UNIT ( * ) PLANE_ANGLE_UNIT ( ) SI_UNIT ( $, .RADIAN. ) );
#3890 = CARTESIAN_POINT ( 'NONE',  ( 0.6490108047624457699, 0.8998212189203389499, -0.3988634594555445778 ) ) ;
#3891 = CARTESIAN_POINT ( 'NONE',  ( 0.01156664131268520836, 0.9000000000000000222, -0.01992421525497816218 ) ) ;
#3892 = DIRECTION ( 'NONE',  ( -0.000000000000000000, -1.000000000000000000, -0.000000000000000000 ) ) ;
#3893 = FACE_OUTER_BOUND ( 'NONE', #939, .T. ) ;
#3894 = CARTESIAN_POINT ( 'NONE',  ( 0.08828812155769999448, 0.8999999999999999112, 0.02398731132899512009 ) ) ;
#3895 = EDGE_CURVE ( 'NONE', #1915, #2359, #1194, .T. ) ;
#3896 = CARTESIAN_POINT ( 'NONE',  ( 0.05167364790257503865, 0.9010000000000002451, -0.05434940545442305815 ) ) ;
#3897 = ADVANCED_FACE ( 'NONE', ( #1413 ), #3358, .T. ) ;
#3898 = STYLED_ITEM ( 'NONE', ( #5774 ), #1067 ) ;
#3899 = CARTESIAN_POINT ( 'NONE',  ( 0.6500000000000000222, 0.8979999999999999094, 0.4000000000000000222 ) ) ;
#3900 = CARTESIAN_POINT ( 'NONE',  ( 0.02990078085263533914, 0.9000000000000000222, -0.02133406143642727765 ) ) ;
#3901 = PRODUCT_DEFINITION_SHAPE ( 'NONE', 'NONE',  #2893 ) ;
#3902 = DIRECTION ( 'NONE',  ( 0.000000000000000000, 0.000000000000000000, 1.000000000000000000 ) ) ;
#3903 = CIRCLE ( 'NONE', #2006, 0.001999999999999994404 ) ;
#3904 = FACE_OUTER_BOUND ( 'NONE', #2453, .T. ) ;
#3905 = FILL_AREA_STYLE ('',( #2502 ) ) ;
#3906 = CARTESIAN_POINT ( 'NONE',  ( -0.1229499862551911987, 0.9010000000000001341, -0.02517263168873114243 ) ) ;
#3907 = CARTESIAN_POINT ( 'NONE',  ( -0.06029456929343916111, 0.9010000000000002451, 0.003321936098264535123 ) ) ;
#3908 = ORIENTED_EDGE ( 'NONE', *, *, #5638, .F. ) ;
#3909 = CARTESIAN_POINT ( 'NONE',  ( -0.07856367496635910386, 0.9000000000000001332, -0.03030162933954572840 ) ) ;
#3910 = CARTESIAN_POINT ( 'NONE',  ( 0.1550849516147408402, 0.9009999999999999121, 0.01322694055908972023 ) ) ;
#3911 = CARTESIAN_POINT ( 'NONE',  ( 0.1373493623960100607, 0.9000000000000002442, 0.01585714959585861686 ) ) ;
#3912 = CARTESIAN_POINT ( 'NONE',  ( -0.03071989591601595113, 0.9000000000000003553, 0.03195215891091236771 ) ) ;
#3913 = CARTESIAN_POINT ( 'NONE',  ( -0.1015211587278891242, 0.9009999999999999121, 0.04933696907557084954 ) ) ;
#3914 = CARTESIAN_POINT ( 'NONE',  ( -0.06268290196041036155, 0.9009999999999996900, 0.02760965809196498991 ) ) ;
#3915 = ORIENTED_EDGE ( 'NONE', *, *, #925, .F. ) ;
#3916 = ORIENTED_EDGE ( 'NONE', *, *, #5240, .F. ) ;
#3917 = DIRECTION ( 'NONE',  ( -0.000000000000000000, -1.000000000000000000, 0.000000000000000000 ) ) ;
#3918 = CARTESIAN_POINT ( 'NONE',  ( 0.01279079834529587428, 0.9000000000000000222, 0.02291271037115827011 ) ) ;
#3919 = VERTEX_POINT ( 'NONE', #3764 ) ;
#3920 = CYLINDRICAL_SURFACE ( 'NONE', #5967, 0.002000000000000048614 ) ;
#3921 =( NAMED_UNIT ( * ) PLANE_ANGLE_UNIT ( ) SI_UNIT ( $, .RADIAN. ) );
#3922 = CARTESIAN_POINT ( 'NONE',  ( -0.06214491033207505261, 0.9009999999999999121, 0.008060014470662782080 ) ) ;
#3923 = VERTEX_POINT ( 'NONE', #598 ) ;
#3924 = PRESENTATION_LAYER_ASSIGNMENT (  '', '', ( #5717 ) ) ;
#3925 = CARTESIAN_POINT ( 'NONE',  ( -0.1098309611284897652, 0.9010000000000001341, 0.03207790524200765381 ) ) ;
#3926 = LINE ( 'NONE', #4858, #5158 ) ;
#3927 = CARTESIAN_POINT ( 'NONE',  ( -0.03294633673613218960, 0.8999999999999999112, 0.05005092748311967821 ) ) ;
#3928 = CARTESIAN_POINT ( 'NONE',  ( 0.04117345110229053695, 0.9009999999999999121, 0.03168219816481541301 ) ) ;
#3929 = STYLED_ITEM ( 'NONE', ( #5026 ), #4654 ) ;
#3930 = VECTOR ( 'NONE', #2115, 1000.000000000000000 ) ;
#3931 = PRESENTATION_LAYER_ASSIGNMENT (  '', '', ( #533 ) ) ;
#3932 = DIRECTION ( 'NONE',  ( 0.000000000000000000, -1.000000000000000000, 0.000000000000000000 ) ) ;
#3933 = CARTESIAN_POINT ( 'NONE',  ( -0.7980000000000000426, 0.8979999999999999094, 0.3980000000000000204 ) ) ;
#3934 = CARTESIAN_POINT ( 'NONE',  ( 0.6500000000000001332, 0.000000000000000000, -0.3980000000000000204 ) ) ;
#3935 = CARTESIAN_POINT ( 'NONE',  ( 0.01365865554115372818, 0.9010000000000000231, 0.02601360862749352645 ) ) ;
#3936 = CARTESIAN_POINT ( 'NONE',  ( 0.7980000000000000426, 0.9000000000000000222, 0.3980000000000000204 ) ) ;
#3937 = CARTESIAN_POINT ( 'NONE',  ( -0.1143901680379718899, 0.8999999999999996891, 0.04976978246409321377 ) ) ;
#3938 = CARTESIAN_POINT ( 'NONE',  ( -0.06264775432451645532, 0.9000000000000003553, 0.009740224526693942383 ) ) ;
#3939 = ORIENTED_EDGE ( 'NONE', *, *, #2718, .T. ) ;
#3940 = VECTOR ( 'NONE', #1453, 1000.000000000000000 ) ;
#3941 = CARTESIAN_POINT ( 'NONE',  ( -0.07542312248097131355, 0.8999999999999999112, -0.004069255259697149990 ) ) ;
#3942 = ADVANCED_FACE ( 'NONE', ( #4917, #1947 ), #107, .T. ) ;
#3943 = CARTESIAN_POINT ( 'NONE',  ( 0.1526204171532681286, 0.8999999999999999112, 0.005184172471512125263 ) ) ;
#3944 = CARTESIAN_POINT ( 'NONE',  ( 0.1374062273664319045, 0.9000000000000000222, 0.01749884414978634256 ) ) ;
#3945 = CARTESIAN_POINT ( 'NONE',  ( -0.05281822343934840930, 0.9009999999999998010, 0.04279260289393457817 ) ) ;
#3946 = ORIENTED_EDGE ( 'NONE', *, *, #2294, .F. ) ;
#3947 = ORIENTED_EDGE ( 'NONE', *, *, #787, .F. ) ;
#3948 = CARTESIAN_POINT ( 'NONE',  ( -0.07544032337707994029, 0.9010000000000003562, -0.007176082057569271692 ) ) ;
#3949 = DIRECTION ( 'NONE',  ( 0.000000000000000000, 0.000000000000000000, -1.000000000000000000 ) ) ;
#3950 = FILL_AREA_STYLE ('',( #4481 ) ) ;
#3951 = CARTESIAN_POINT ( 'NONE',  ( 0.07066233001635545408, 0.9010000000000001341, -0.04074124499085630957 ) ) ;
#3952 = CARTESIAN_POINT ( 'NONE',  ( -0.1253959785443843067, 0.9010000000000000231, 0.0001912801437514791971 ) ) ;
#3953 = CARTESIAN_POINT ( 'NONE',  ( 0.1216610350587396111, 0.9010000000000000231, 0.03210220953440172387 ) ) ;
#3954 = CARTESIAN_POINT ( 'NONE',  ( 0.09614397859980625127, 0.9000000000000003553, -0.04019130273948443716 ) ) ;
#3955 = CARTESIAN_POINT ( 'NONE',  ( 0.01947274923867053920, 0.9000000000000000222, -0.04255720200933740816 ) ) ;
#3956 = CARTESIAN_POINT ( 'NONE',  ( 0.1540215002807392985, 0.8999999999999998002, 0.02727136343670072752 ) ) ;
#3957 = CARTESIAN_POINT ( 'NONE',  ( -0.01570742555061303836, 0.9010000000000000231, -0.007700538078027017834 ) ) ;
#3958 = CARTESIAN_POINT ( 'NONE',  ( 0.06093381267673372848, 0.8999999999999999112, 0.04609433629878718908 ) ) ;
#3959 = CARTESIAN_POINT ( 'NONE',  ( 0.01156664131268520836, 0.9010000000000001341, -0.01992421525497816218 ) ) ;
#3960 = CARTESIAN_POINT ( 'NONE',  ( 0.1221818683920729426, 0.9000000000000000222, -0.03712855969636751075 ) ) ;
#3961 = ADVANCED_FACE ( 'NONE', ( #1980 ), #514, .T. ) ;
#3962 = B_SPLINE_CURVE_WITH_KNOTS ( 'NONE', 3,
 ( #1323, #4104, #3237, #296, #4195, #389, #842, #6099, #2237, #5139, #6010, #1290, #1730, #4699, #6125 ),
 .UNSPECIFIED., .F., .F.,
 ( 4, 1, 1, 1, 1, 1, 1, 1, 1, 1, 1, 1, 4 ),
 ( 0.000000000000000000, 0.07734635258732146246, 0.1506523054421707863, 0.2206774854153155108, 0.2865751871342058221, 0.3501884696535649821, 0.4113788387158259230, 0.4699460385526064710, 0.5282337864665739291, 0.6421944316652334894, 0.7553643229127675607, 0.8735561215980478522, 1.000000000000000000 ),
 .UNSPECIFIED. ) ;
#3963 = CARTESIAN_POINT ( 'NONE',  ( 0.01051096587973921956, 0.8999999999999996891, 0.003164554580687266045 ) ) ;
#3964 = CARTESIAN_POINT ( 'NONE',  ( -0.02116715699159457675, 0.9009999999999996900, 0.02351635601448927651 ) ) ;
#3965 = CARTESIAN_POINT ( 'NONE',  ( -0.6500000000000001332, 0.002000000000000048614, -0.4000000000000000222 ) ) ;
#3966 = PRESENTATION_LAYER_ASSIGNMENT (  '', '', ( #471 ) ) ;
#3967 = CARTESIAN_POINT ( 'NONE',  ( -0.09336959899498016580, 0.9010000000000002451, -0.004049312164759481456 ) ) ;
#3968 = ORIENTED_EDGE ( 'NONE', *, *, #3280, .T. ) ;
#3969 = CARTESIAN_POINT ( 'NONE',  ( -0.07955233121978194655, 0.8999999999999996891, -0.03322218005148537545 ) ) ;
#3970 = CARTESIAN_POINT ( 'NONE',  ( 0.1534569355146809533, 0.9010000000000000231, 0.007080212985275748799 ) ) ;
#3971 = CIRCLE ( 'NONE', #5964, 0.001999999999999994404 ) ;
#3972 = CARTESIAN_POINT ( 'NONE',  ( -0.6486282395424921576, 0.8999666631596556776, -0.3984223011851883434 ) ) ;
#3973 = DIRECTION ( 'NONE',  ( 0.000000000000000000, 0.000000000000000000, 1.000000000000000000 ) ) ;
#3974 = CARTESIAN_POINT ( 'NONE',  ( -0.05507873615008900686, 0.9010000000000000231, 0.04059183390647280731 ) ) ;
#3975 = EDGE_CURVE ( 'NONE', #5058, #3745, #5856, .T. ) ;
#3976 = ORIENTED_EDGE ( 'NONE', *, *, #1448, .F. ) ;
#3977 = PRESENTATION_LAYER_ASSIGNMENT (  '', '', ( #4774 ) ) ;
#3978 = CARTESIAN_POINT ( 'NONE',  ( -0.07641386399175892352, 0.9010000000000000231, -0.01996003725395848263 ) ) ;
#3979 = CARTESIAN_POINT ( 'NONE',  ( 0.02866914299098107313, 0.9009999999999998010, 0.007309439108918356146 ) ) ;
#3980 = SURFACE_STYLE_FILL_AREA ( #2554 ) ;
#3981 = CARTESIAN_POINT ( 'NONE',  ( 0.01947274923867053920, 0.9010000000000000231, -0.04255720200933740816 ) ) ;
#3982 = CARTESIAN_POINT ( 'NONE',  ( 0.1494295823655289457, 0.9000000000000003553, -0.02250685174673658709 ) ) ;
#3983 = CARTESIAN_POINT ( 'NONE',  ( 0.04673409916489266319, 0.9010000000000002451, -0.05503902030677628593 ) ) ;
#3984 = CARTESIAN_POINT ( 'NONE',  ( 0.07318819439833315621, 0.8999999999999999112, -0.03591469967808748331 ) ) ;
#3985 = B_SPLINE_SURFACE_WITH_KNOTS ( 'NONE', 3, 1, ( 
 ( #5210, #927 ),
 ( #4592, #315 ),
 ( #5711, #91 ),
 ( #2441, #3937 ),
 ( #1433, #4840 ),
 ( #1555, #467 ),
 ( #5807, #1933 ),
 ( #3347, #2909 ),
 ( #4403, #5841 ),
 ( #3466, #1966 ),
 ( #3376, #4810 ),
 ( #2379, #2876 ),
 ( #5247, #958 ),
 ( #1494, #1522 ),
 ( #2505, #128 ),
 ( #5308, #556 ),
 ( #4336, #4782 ),
 ( #63, #2030 ),
 ( #3436, #5340 ),
 ( #500, #5375 ),
 ( #2845, #4749 ),
 ( #2410, #4305 ),
 ( #5216, #3260 ),
 ( #442, #2352 ),
 ( #1906, #2882 ),
 ( #3820, #964 ),
 ( #30, #3382 ) ),
 .UNSPECIFIED., .F., .F., .F.,
 ( 4, 1, 1, 1, 1, 1, 1, 1, 1, 1, 1, 1, 1, 1, 1, 1, 1, 1, 1, 1, 1, 1, 1, 1, 4 ),
 ( 2, 2 ),
 ( 0.000000000000000000, 0.03821733796913612258, 0.07486720303994336134, 0.1101580815531042340, 0.1444539266593011517, 0.1780797262741530274, 0.2111707725935978996, 0.2436870542144175533, 0.2758717334447993719, 0.3083755160139862728, 0.3412633249363586918, 0.3751503394709053141, 0.4096552607042129868, 0.4451573674923580137, 0.4820734672046716462, 0.5205757562184276654, 0.5605536808978379693, 0.6031075754382529963, 0.6486887095294887606, 0.6979476778875631782, 0.7507677670183535712, 0.8073094024459647189, 0.8676555707911409732, 0.9318612220995585727, 1.000000000000000000 ),
 ( 0.000000000000000000, 1.000000000000000000 ),
 .UNSPECIFIED. ) ;
#3986 = DIRECTION ( 'NONE',  ( 0.000000000000000000, 0.000000000000000000, 1.000000000000000000 ) ) ;
#3987 = CARTESIAN_POINT ( 'NONE',  ( -0.1157973670500911656, 0.8999999999999996891, 0.03032522652347438910 ) ) ;
#3988 = UNCERTAINTY_MEASURE_WITH_UNIT (LENGTH_MEASURE( 1.000000000000000082E-05 ), #3567, 'distance_accuracy_value', 'NONE');
#3989 = CARTESIAN_POINT ( 'NONE',  ( 0.09960077404113298893, 0.9010000000000000231, 0.04322754473611262888 ) ) ;
#3990 = DIRECTION ( 'NONE',  ( -1.000000000000000000, 0.000000000000000000, 0.000000000000000000 ) ) ;
#3991 = EDGE_CURVE ( 'NONE', #5315, #1857, #140, .T. ) ;
#3992 =( NAMED_UNIT ( * ) PLANE_ANGLE_UNIT ( ) SI_UNIT ( $, .RADIAN. ) );
#3993 = CARTESIAN_POINT ( 'NONE',  ( 0.03036560403412021103, 0.9010000000000002451, -0.02334617179742431298 ) ) ;
#3994 = CARTESIAN_POINT ( 'NONE',  ( -0.09918214098932318090, 0.9010000000000000231, 0.04879373029465090134 ) ) ;
#3995 = CARTESIAN_POINT ( 'NONE',  ( 0.06046607573160150961, 0.9010000000000002451, -0.0009104742326478405378 ) ) ;
#3996 = STYLED_ITEM ( 'NONE', ( #4236 ), #611 ) ;
#3997 = CARTESIAN_POINT ( 'NONE',  ( -0.1175173355435908812, 0.9010000000000000231, -0.03429047515519517003 ) ) ;
#3998 = EDGE_CURVE ( 'NONE', #3476, #4406, #2457, .T. ) ;
#3999 = CARTESIAN_POINT ( 'NONE',  ( 0.6492124365917352202, 0.0003051241943351597685, 0.3990955810924761704 ) ) ;
#4000 = AXIS2_PLACEMENT_3D ( 'NONE', #2466, #2528, #5430 ) ;
#4001 = CARTESIAN_POINT ( 'NONE',  ( 0.1375581236799059415, 0.9010000000000000231, -0.007667771680018438570 ) ) ;
#4002 = CARTESIAN_POINT ( 'NONE',  ( -0.04588264027536110429, 0.9010000000000001341, 0.01886566688431208158 ) ) ;
#4003 = DIRECTION ( 'NONE',  ( -0.000000000000000000, -0.000000000000000000, 1.000000000000000000 ) ) ;
#4004 = CARTESIAN_POINT ( 'NONE',  ( -0.04226894854200433788, 0.9000000000000000222, 0.04876587189489187124 ) ) ;
#4005 = CARTESIAN_POINT ( 'NONE',  ( 0.1279768144250405804, 0.8999999999999999112, -0.05464834374033384484 ) ) ;
#4006 = CARTESIAN_POINT ( 'NONE',  ( 0.1358733312168720342, 0.9010000000000002451, 0.01126209793773976474 ) ) ;
#4007 = ORIENTED_EDGE ( 'NONE', *, *, #944, .T. ) ;
#4008 = B_SPLINE_CURVE_WITH_KNOTS ( 'NONE', 3,
 ( #2059, #5337, #1553, #4965, #88, #3463, #4837, #3432, #192, #585, #3032, #2501, #4934, #4400, #1584, #1086, #4464, #5371, #4497, #645, #1995, #3994, #5897, #2118, #4028, #5929, #1024 ),
 .UNSPECIFIED., .F., .F.,
 ( 4, 1, 1, 1, 1, 1, 1, 1, 1, 1, 1, 1, 1, 1, 1, 1, 1, 1, 1, 1, 1, 1, 1, 1, 4 ),
 ( 0.000000000000000000, 0.06849087449695398511, 0.1330765404908785254, 0.1938289871915770957, 0.2510828574460499674, 0.3044008371534407953, 0.3544083437255269309, 0.4012947817777443027, 0.4447006845454780088, 0.4856924920892443653, 0.5246764844274038886, 0.5623067591777589636, 0.5979465846525345851, 0.6324735490267262561, 0.6657520428969367909, 0.6979852995504441937, 0.7295862241486804622, 0.7608251968744890181, 0.7923550795612060993, 0.8243126039626630375, 0.8571562719790690732, 0.8909268871454048000, 0.9259604429162998640, 0.9620613229943376643, 1.000000000000000000 ),
 .UNSPECIFIED. ) ;
#4009 = CARTESIAN_POINT ( 'NONE',  ( 0.1374062273664319045, 0.9010000000000000231, 0.01749884414978634256 ) ) ;
#4010 = CARTESIAN_POINT ( 'NONE',  ( -0.6489175192122750291, 0.8998516726475158656, 0.3987558495093769806 ) ) ;
#4011 = EDGE_CURVE ( 'NONE', #4369, #415, #1326, .T. ) ;
#4012 = FILL_AREA_STYLE_COLOUR ( '', #485 ) ;
#4013 = CARTESIAN_POINT ( 'NONE',  ( 0.1130472530074575627, 0.9010000000000000231, 0.001332978765170955530 ) ) ;
#4014 = CARTESIAN_POINT ( 'NONE',  ( 0.1399117912863448165, 0.8999999999999999112, -0.009618634755213075274 ) ) ;
#4015 = CARTESIAN_POINT ( 'NONE',  ( 0.06242627933143992530, 0.9000000000000000222, -0.04971205330673833522 ) ) ;
#4016 = CARTESIAN_POINT ( 'NONE',  ( 0.07429382262637194978, 0.9000000000000000222, -0.03322218005148539627 ) ) ;
#4017 = CARTESIAN_POINT ( 'NONE',  ( 0.02853234868229008458, 0.9010000000000002451, -0.008090439956129289942 ) ) ;
#4018 = ORIENTED_EDGE ( 'NONE', *, *, #5842, .F. ) ;
#4019 = ADVANCED_FACE ( 'NONE', ( #2077 ), #3049, .T. ) ;
#4020 = DIRECTION ( 'NONE',  ( -0.000000000000000000, -1.000000000000000000, -0.000000000000000000 ) ) ;
#4021 = CARTESIAN_POINT ( 'NONE',  ( 0.09253443249463705333, 0.9000000000000000222, -0.02815420072200854051 ) ) ;
#4022 = CARTESIAN_POINT ( 'NONE',  ( -0.1109859986821529476, 0.9000000000000000222, 0.03202971572816053214 ) ) ;
#4023 = CARTESIAN_POINT ( 'NONE',  ( 0.05990657188762830987, 0.9010000000000001341, -0.01541684573134549305 ) ) ;
#4024 = CARTESIAN_POINT ( 'NONE',  ( 0.1499072746998541261, 0.9010000000000001341, 0.03574953132953019586 ) ) ;
#4025 = CARTESIAN_POINT ( 'NONE',  ( 0.07743228985439491729, 0.9010000000000001341, -0.01996003725395848957 ) ) ;
#4026 = CARTESIAN_POINT ( 'NONE',  ( 0.03143619596110377307, 0.9010000000000001341, -0.02686393787373946712 ) ) ;
#4027 = CARTESIAN_POINT ( 'NONE',  ( 0.1449490554737691006, 0.8999999999999995781, -0.01408163950739839583 ) ) ;
#4028 = CARTESIAN_POINT ( 'NONE',  ( -0.1065259924938386366, 0.9010000000000001341, 0.05000623150950153639 ) ) ;
#4029 = VECTOR ( 'NONE', #4959, 1000.000000000000000 ) ;
#4030 = CARTESIAN_POINT ( 'NONE',  ( -0.1115736078833780287, 0.9000000000000002442, -0.03701835041680134192 ) ) ;
#4031 = ORIENTED_EDGE ( 'NONE', *, *, #5500, .F. ) ;
#4032 = CARTESIAN_POINT ( 'NONE',  ( 0.6499848537858928799, 0.001698678805543058813, 0.3999826409444677822 ) ) ;
#4033 = COLOUR_RGB ( '',0.9411764705882352811, 0.9411764705882352811, 0.9411764705882352811 ) ;
#4034 = CARTESIAN_POINT ( 'NONE',  ( 0.1130472530074575627, 0.9010000000000000231, 0.001332978765170955530 ) ) ;
#4035 = CARTESIAN_POINT ( 'NONE',  ( 0.1482650917880456443, 0.8999999999999998002, -0.03883421052760834685 ) ) ;
#4036 = CARTESIAN_POINT ( 'NONE',  ( 0.1129509368153245458, 0.9010000000000001341, -0.05384071610674811409 ) ) ;
#4037 = CARTESIAN_POINT ( 'NONE',  ( -0.04783416871818042121, 0.9010000000000000231, 0.04638749933042028012 ) ) ;
#4038 = CARTESIAN_POINT ( 'NONE',  ( 0.1234514080223678284, 0.9010000000000003562, 0.002546613347195417036 ) ) ;
#4039 = B_SPLINE_SURFACE_WITH_KNOTS ( 'NONE', 3, 1, ( 
 ( #5892, #5834 ),
 ( #1486, #3460 ),
 ( #1052, #1146 ),
 ( #4461, #5365 ),
 ( #2996, #2676 ),
 ( #4897, #610 ),
 ( #4427, #2055 ),
 ( #3957, #1579 ),
 ( #5403, #1724 ),
 ( #4573, #6005 ),
 ( #2198, #293 ),
 ( #3474, #3011 ),
 ( #1161, #1652 ),
 ( #1531, #3445 ),
 ( #1624, #2515 ),
 ( #170, #653 ),
 ( #5385, #2581 ),
 ( #4412, #1097 ),
 ( #5940, #135 ) ),
 .UNSPECIFIED., .F., .F., .F.,
 ( 4, 1, 1, 1, 1, 1, 1, 1, 1, 1, 1, 1, 1, 1, 1, 1, 4 ),
 ( 2, 2 ),
 ( 0.000000000000000000, 0.06332879336011479343, 0.1247364441626576115, 0.1849157484558914266, 0.2443004085890914390, 0.3038255705821009123, 0.3643529976730655040, 0.4260731436723973475, 0.4897209088385836018, 0.5537559315351888722, 0.6164580629276262824, 0.6783188623542998341, 0.7403009402150839691, 0.8026562643773395012, 0.8667321228001692024, 0.9321567378801841608, 1.000000000000000000 ),
 ( 0.000000000000000000, 1.000000000000000000 ),
 .UNSPECIFIED. ) ;
#4040 = ORIENTED_EDGE ( 'NONE', *, *, #1208, .F. ) ;
#4041 = CARTESIAN_POINT ( 'NONE',  ( 0.1553549453151499005, 0.8999999999999999112, 0.01767913261132480346 ) ) ;
#4042 = CARTESIAN_POINT ( 'NONE',  ( -0.6491100111865876210, 0.8997611149782176465, 0.3989776967913849504 ) ) ;
#4043 = CARTESIAN_POINT ( 'NONE',  ( -0.002821585733402545877, 0.9009999999999999121, 0.01246281359427872659 ) ) ;
#4044 = DIRECTION ( 'NONE',  ( 1.000000000000000000, 0.000000000000000000, 0.000000000000000000 ) ) ;
#4045 = CARTESIAN_POINT ( 'NONE',  ( 0.07788794684315270000, 0.9010000000000002451, -0.01596909689922644884 ) ) ;
#4046 = CARTESIAN_POINT ( 'NONE',  ( 0.1290707273162962077, 0.9010000000000000231, -0.02048379088735766476 ) ) ;
#4047 = ORIENTED_EDGE ( 'NONE', *, *, #4531, .T. ) ;
#4048 = CARTESIAN_POINT ( 'NONE',  ( -0.1251770108551727434, 0.9000000000000001332, 0.007309439108918358748 ) ) ;
#4049 = UNCERTAINTY_MEASURE_WITH_UNIT (LENGTH_MEASURE( 1.000000000000000082E-05 ), #3217, 'distance_accuracy_value', 'NONE');
#4050 = CARTESIAN_POINT ( 'NONE',  ( -0.09336959899498016580, 0.9000000000000000222, -0.004049312164759481456 ) ) ;
#4051 = CARTESIAN_POINT ( 'NONE',  ( 0.1344678464413668340, 0.9000000000000001332, 0.04776594429724828617 ) ) ;
#4052 = CARTESIAN_POINT ( 'NONE',  ( -0.04395257645172453292, 0.8999999999999995781, 0.009975746324094651035 ) ) ;
#4053 = EDGE_CURVE ( 'NONE', #2359, #4566, #2586, .T. ) ;
#4054 = PRESENTATION_STYLE_ASSIGNMENT (( #4580 ) ) ;
#4055 = CARTESIAN_POINT ( 'NONE',  ( 0.02116463192168956814, 0.9000000000000002442, 0.04012640489766581414 ) ) ;
#4056 = SURFACE_STYLE_FILL_AREA ( #3617 ) ;
#4057 =( NAMED_UNIT ( * ) SI_UNIT ( $, .STERADIAN. ) SOLID_ANGLE_UNIT ( ) );
#4058 = DIRECTION ( 'NONE',  ( 1.000000000000000000, 0.000000000000000000, 0.000000000000000000 ) ) ;
#4059 = CARTESIAN_POINT ( 'NONE',  ( 0.6497883585563697384, 0.001045038951370553821, 0.3997572847167403243 ) ) ;
#4060 = CARTESIAN_POINT ( 'NONE',  ( -0.1328552766680482222, 0.9000000000000000222, -0.04467211360022623617 ) ) ;
#4061 = CARTESIAN_POINT ( 'NONE',  ( -0.04511658662355376437, 0.9000000000000000222, 0.01238664726053213816 ) ) ;
#4062 = PRESENTATION_STYLE_ASSIGNMENT (( #2546 ) ) ;
#4063 = CARTESIAN_POINT ( 'NONE',  ( 0.1158641750288091354, 0.9010000000000001341, 0.001392719130322206530 ) ) ;
#4064 = ORIENTED_EDGE ( 'NONE', *, *, #3895, .F. ) ;
#4065 = CARTESIAN_POINT ( 'NONE',  ( 0.1219161333839868105, 0.9000000000000001332, 0.05002672230172770795 ) ) ;
#4066 = CARTESIAN_POINT ( 'NONE',  ( -0.02234448135969154328, 0.9000000000000003553, 0.02599648859591740038 ) ) ;
#4067 = CARTESIAN_POINT ( 'NONE',  ( 0.1195523720079947755, 0.9010000000000003562, -0.01606785517955037351 ) ) ;
#4068 = CARTESIAN_POINT ( 'NONE',  ( 0.06242627933143992530, 0.9000000000000001332, -0.04971205330673833522 ) ) ;
#4069 = COLOUR_RGB ( '',0.9411764705882352811, 0.9411764705882352811, 0.9411764705882352811 ) ;
#4070 = CARTESIAN_POINT ( 'NONE',  ( 0.02843186839207294259, 0.8999999999999998002, -0.001331284055341868094 ) ) ;
#4071 = EDGE_CURVE ( 'NONE', #2007, #2551, #5793, .T. ) ;
#4072 = AXIS2_PLACEMENT_3D ( 'NONE', #1799, #2687, #1766 ) ;
#4073 = ORIENTED_EDGE ( 'NONE', *, *, #4192, .F. ) ;
#4074 = AXIS2_PLACEMENT_3D ( 'NONE', #683, #2608, #4504 ) ;
#4075 = CARTESIAN_POINT ( 'NONE',  ( -0.02028608032587578269, 0.8999999999999999112, 0.01789948517542736678 ) ) ;
#4076 = CARTESIAN_POINT ( 'NONE',  ( -0.1092484200694655294, 0.9000000000000001332, 0.03210220953440172387 ) ) ;
#4077 = CARTESIAN_POINT ( 'NONE',  ( 0.04517372589279967238, 0.9009999999999999121, -0.03710503881139981530 ) ) ;
#4078 = CARTESIAN_POINT ( 'NONE',  ( 0.1312571915631616792, 0.9010000000000001341, 0.04878824691138332337 ) ) ;
#4079 = CARTESIAN_POINT ( 'NONE',  ( -0.07541428545408090933, 0.9010000000000000231, -0.002473110978418791451 ) ) ;
#4080 = ORIENTED_EDGE ( 'NONE', *, *, #3559, .T. ) ;
#4081 = CARTESIAN_POINT ( 'NONE',  ( 0.01664196492044439299, 0.9010000000000003562, -0.03808822513632294932 ) ) ;
#4082 = CARTESIAN_POINT ( 'NONE',  ( 0.03464676565949404569, 0.9000000000000000222, 0.04878955970900834133 ) ) ;
#4083 = CARTESIAN_POINT ( 'NONE',  ( 0.1501029893764364576, 0.8999999999999998002, -0.02563368281385003389 ) ) ;
#4084 = CARTESIAN_POINT ( 'NONE',  ( -0.004537478198037661961, 0.9010000000000003562, 0.03096292186150311626 ) ) ;
#4085 = LINE ( 'NONE', #3652, #5495 ) ;
#4086 = CARTESIAN_POINT ( 'NONE',  ( 0.02848528015843986710, 0.9000000000000001332, 0.003110909882816257840 ) ) ;
#4087 = FILL_AREA_STYLE ('',( #368 ) ) ;
#4088 = CARTESIAN_POINT ( 'NONE',  ( 0.6487064766444696762, 4.904257382561321517E-05, 0.3985126226412294415 ) ) ;
#4089 = CARTESIAN_POINT ( 'NONE',  ( -0.1328552766680482222, 0.9010000000000000231, -0.04467211360022623617 ) ) ;
#4090 = CARTESIAN_POINT ( 'NONE',  ( 0.1311377010732869275, 0.9000000000000000222, -0.02319117530323303727 ) ) ;
#4091 =( NAMED_UNIT ( * ) PLANE_ANGLE_UNIT ( ) SI_UNIT ( $, .RADIAN. ) );
#4092 = CARTESIAN_POINT ( 'NONE',  ( 0.1401724331259361356, 0.9010000000000000231, -0.04914859162608015142 ) ) ;
#4093 = SURFACE_STYLE_USAGE ( .BOTH. , #2190 ) ;
#4094 = EDGE_LOOP ( 'NONE', ( #1286, #3795, #4661, #1727, #5668, #4656, #4783 ) ) ;
#4095 = AXIS2_PLACEMENT_3D ( 'NONE', #159, #3464, #2535 ) ;
#4096 = CARTESIAN_POINT ( 'NONE',  ( -0.04588264027536110429, 0.9000000000000000222, 0.01886566688431208158 ) ) ;
#4097 = CARTESIAN_POINT ( 'NONE',  ( -0.1092484200694655294, 0.9000000000000000222, 0.03210220953440172387 ) ) ;
#4098 = CARTESIAN_POINT ( 'NONE',  ( 0.6492124365917354423, 0.0003051241943351364581, -0.3990955810924762259 ) ) ;
#4099 = CARTESIAN_POINT ( 'NONE',  ( 0.1221818683920729426, 0.9010000000000000231, -0.03712855969636751075 ) ) ;
#4100 = CARTESIAN_POINT ( 'NONE',  ( -0.1433630034027988942, 0.8999999999999999112, -0.001531604568162381070 ) ) ;
#4101 = LINE ( 'NONE', #322, #1235 ) ;
#4102 = ORIENTED_EDGE ( 'NONE', *, *, #2569, .F. ) ;
#4103 = CARTESIAN_POINT ( 'NONE',  ( -0.02590539170767639648, 0.9010000000000004672, 0.006085472254096219516 ) ) ;
#4104 = CARTESIAN_POINT ( 'NONE',  ( 0.1054686844691369307, 0.9009999999999999121, 0.01734651682594107527 ) ) ;
#4105 = CARTESIAN_POINT ( 'NONE',  ( -0.09888089342813329019, 0.9010000000000000231, -0.03138761580963361081 ) ) ;
#4106 = CARTESIAN_POINT ( 'NONE',  ( 0.1195095957710018142, 0.9000000000000000222, 0.05002540721166547077 ) ) ;
#4107 = VERTEX_POINT ( 'NONE', #4013 ) ;
#4108 = CARTESIAN_POINT ( 'NONE',  ( 0.02951136092847858952, 0.9010000000000001341, -0.01911985382351149426 ) ) ;
#4109 = CARTESIAN_POINT ( 'NONE',  ( 0.1378838055713509925, 0.9009999999999999121, -0.008483214382899582906 ) ) ;
#4110 = DIRECTION ( 'NONE',  ( 0.000000000000000000, 0.000000000000000000, -1.000000000000000000 ) ) ;
#4111 = ORIENTED_EDGE ( 'NONE', *, *, #2480, .F. ) ;
#4112 = CARTESIAN_POINT ( 'NONE',  ( -0.1075434564100337526, 0.9010000000000001341, -0.03705893677448043877 ) ) ;
#4113 = DIRECTION ( 'NONE',  ( 0.000000000000000000, -1.000000000000000000, 0.000000000000000000 ) ) ;
#4114 = DIRECTION ( 'NONE',  ( -1.000000000000000000, 0.000000000000000000, 0.000000000000000000 ) ) ;
#4115 = COLOUR_RGB ( '',0.9019607843137255054, 0.7098039215686274828, 0.4392156862745097978 ) ;
#4116 = CARTESIAN_POINT ( 'NONE',  ( -0.04581680343567362534, 0.8999999999999996891, 0.01506262563393197598 ) ) ;
#4117 =( NAMED_UNIT ( * ) SI_UNIT ( $, .STERADIAN. ) SOLID_ANGLE_UNIT ( ) );
#4118 = CARTESIAN_POINT ( 'NONE',  ( -0.07598661486874927484, 0.9000000000000000222, 0.01114848166613261436 ) ) ;
#4119 = ADVANCED_FACE ( 'NONE', ( #1808 ), #5122, .T. ) ;
#4120 = ORIENTED_EDGE ( 'NONE', *, *, #3998, .T. ) ;
#4121 =( GEOMETRIC_REPRESENTATION_CONTEXT ( 3 ) GLOBAL_UNCERTAINTY_ASSIGNED_CONTEXT ( ( #2563 ) ) GLOBAL_UNIT_ASSIGNED_CONTEXT ( ( #3258, #5156, #2474 ) ) REPRESENTATION_CONTEXT ( 'NONE', 'WORKASPACE' ) );
#4122 = CARTESIAN_POINT ( 'NONE',  ( 0.1553206196471124401, 0.9000000000000000222, 0.01878870253809515611 ) ) ;
#4123 = CARTESIAN_POINT ( 'NONE',  ( 0.1278678878716651701, 0.9009999999999999121, 0.03106492363651460267 ) ) ;
#4124 = LINE ( 'NONE', #5534, #4219 ) ;
#4125 = CARTESIAN_POINT ( 'NONE',  ( 0.6495274362460350392, 0.0006151841771219027132, -0.3994577499140558041 ) ) ;
#4126 = STYLED_ITEM ( 'NONE', ( #1921 ), #1606 ) ;
#4127 = ORIENTED_EDGE ( 'NONE', *, *, #1257, .T. ) ;
#4128 = PRESENTATION_STYLE_ASSIGNMENT (( #2567 ) ) ;
#4129 = VERTEX_POINT ( 'NONE', #1340 ) ;
#4130 = SURFACE_STYLE_USAGE ( .BOTH. , #2679 ) ;
#4131 = CARTESIAN_POINT ( 'NONE',  ( -0.03145597648696247389, 0.8999999999999999112, -0.01274292787690913670 ) ) ;
#4132 = CARTESIAN_POINT ( 'NONE',  ( -0.09441403277565837970, 0.8999999999999996891, -0.01900855553905306597 ) ) ;
#4133 = CARTESIAN_POINT ( 'NONE',  ( 0.07840583046907395603, 0.9009999999999999121, -0.007176082057569269958 ) ) ;
#4134 = VERTEX_POINT ( 'NONE', #4679 ) ;
#4135 = CARTESIAN_POINT ( 'NONE',  ( 0.03143619596110377307, 0.9010000000000001341, -0.02686393787373946712 ) ) ;
#4136 = CARTESIAN_POINT ( 'NONE',  ( 0.1426132029444711902, 0.8999999999999999112, -0.01173143734822928996 ) ) ;
#4137 = CARTESIAN_POINT ( 'NONE',  ( 0.1497643444759731435, 0.9000000000000004663, -0.03400135775730344506 ) ) ;
#4138 = CARTESIAN_POINT ( 'NONE',  ( 0.03285261783061165647, 0.9000000000000003553, 0.02484074395873171748 ) ) ;
#4139 = FILL_AREA_STYLE ('',( #308 ) ) ;
#4140 = ORIENTED_EDGE ( 'NONE', *, *, #3404, .F. ) ;
#4141 = CARTESIAN_POINT ( 'NONE',  ( -0.09543349515744146971, 0.9009999999999999121, -0.05208803695162561587 ) ) ;
#4142 = EDGE_CURVE ( 'NONE', #2328, #4724, #1540, .T. ) ;
#4143 = CARTESIAN_POINT ( 'NONE',  ( 0.000000000000000000, 0.8979999999999999094, -0.4000000000000000222 ) ) ;
#4144 = LINE ( 'NONE', #4034, #1971 ) ;
#4145 = CARTESIAN_POINT ( 'NONE',  ( -0.7980000000000000426, 0.002000000000000048614, 0.000000000000000000 ) ) ;
#4146 = CARTESIAN_POINT ( 'NONE',  ( 0.1251765434626153084, 0.9000000000000003553, -0.05500941673963080647 ) ) ;
#4147 = CARTESIAN_POINT ( 'NONE',  ( -0.1092484200694655294, 0.9000000000000000222, -0.03712855969636751075 ) ) ;
#4148 = CARTESIAN_POINT ( 'NONE',  ( 0.06048315044335499796, 0.9010000000000000231, -0.002473110978418791451 ) ) ;
#4149 = VERTEX_POINT ( 'NONE', #4303 ) ;
#4150 = CARTESIAN_POINT ( 'NONE',  ( -0.03573246183864153824, 0.8999999999999999112, 0.03195387589501878095 ) ) ;
#4151 =( LENGTH_UNIT ( ) NAMED_UNIT ( * ) SI_UNIT ( .MILLI., .METRE. ) );
#4152 = CARTESIAN_POINT ( 'NONE',  ( -0.1030325472557836047, 0.9009999999999998010, 0.03040672219967175890 ) ) ;
#4153 = CARTESIAN_POINT ( 'NONE',  ( 0.1502064263095452823, 0.9009999999999999121, -0.02973160662524388168 ) ) ;
#4154 = COLOUR_RGB ( '',0.9019607843137255054, 0.7098039215686274828, 0.4392156862745097978 ) ;
#4155 = CARTESIAN_POINT ( 'NONE',  ( -0.06046843192251432492, 0.8999999999999999112, 0.03307928641710486395 ) ) ;
#4156 = ORIENTED_EDGE ( 'NONE', *, *, #43, .T. ) ;
#4157 = SURFACE_STYLE_FILL_AREA ( #5255 ) ;
#4158 = STYLED_ITEM ( 'NONE', ( #5105 ), #2986 ) ;
#4159 = FACE_OUTER_BOUND ( 'NONE', #594, .T. ) ;
#4160 = EDGE_LOOP ( 'NONE', ( #4685, #5254, #36, #2858 ) ) ;
#4161 = CARTESIAN_POINT ( 'NONE',  ( 0.1370401117806839819, 0.9000000000000001332, 0.01426247521144601016 ) ) ;
#4162 = CARTESIAN_POINT ( 'NONE',  ( -0.002337362377157837026, 0.8999999999999999112, 0.01892111979081198200 ) ) ;
#4163 = CARTESIAN_POINT ( 'NONE',  ( -0.1431341460650974173, 0.8999999999999999112, 0.007674721884922069449 ) ) ;
#4164 = MECHANICAL_DESIGN_GEOMETRIC_PRESENTATION_REPRESENTATION (  '', ( #4254 ), #1571 ) ;
#4165 = ORIENTED_EDGE ( 'NONE', *, *, #2211, .T. ) ;
#4166 = MECHANICAL_DESIGN_GEOMETRIC_PRESENTATION_REPRESENTATION (  '', ( #6064 ), #2483 ) ;
#4167 = CARTESIAN_POINT ( 'NONE',  ( 0.8000000000000001554, 0.9000000000000000222, -0.3980000000000000204 ) ) ;
#4168 = CARTESIAN_POINT ( 'NONE',  ( 0.03239982441446347117, 0.9000000000000001332, 0.04803869090871935865 ) ) ;
#4169 = CARTESIAN_POINT ( 'NONE',  ( -0.7980000000000000426, 0.002000000000000048614, 0.3980000000000000204 ) ) ;
#4170 = CARTESIAN_POINT ( 'NONE',  ( 0.04467786198181653706, 0.9010000000000000231, 0.05005092748311967821 ) ) ;
#4171 = CARTESIAN_POINT ( 'NONE',  ( 0.1526204171532681286, 0.9010000000000000231, 0.005184172471512125263 ) ) ;
#4172 = PRESENTATION_STYLE_ASSIGNMENT (( #2248 ) ) ;
#4173 = ORIENTED_EDGE ( 'NONE', *, *, #1831, .T. ) ;
#4174 = EDGE_CURVE ( 'NONE', #6065, #1951, #3569, .T. ) ;
#4175 = CARTESIAN_POINT ( 'NONE',  ( -0.09141987451471392245, 0.9009999999999998010, -0.04971205330673830747 ) ) ;
#4176 = CARTESIAN_POINT ( 'NONE',  ( 0.09161678701536589420, 0.9010000000000000231, 0.03347257107866762754 ) ) ;
#4177 = CARTESIAN_POINT ( 'NONE',  ( 0.02364536631501566386, 0.9010000000000000231, -0.04744859719091565342 ) ) ;
#4178 = CARTESIAN_POINT ( 'NONE',  ( -0.03334697776177321382, 0.8999999999999999112, 0.003897081329273516161 ) ) ;
#4179 = CARTESIAN_POINT ( 'NONE',  ( -0.09577690313019997237, 0.8999999999999998002, -0.02505884519767910545 ) ) ;
#4180 = ADVANCED_FACE ( 'NONE', ( #3285 ), #5741, .T. ) ;
#4181 = DIRECTION ( 'NONE',  ( 0.000000000000000000, 0.000000000000000000, -1.000000000000000000 ) ) ;
#4182 = ORIENTED_EDGE ( 'NONE', *, *, #4142, .T. ) ;
#4183 = CARTESIAN_POINT ( 'NONE',  ( 0.05102648778011002750, 0.9009999999999996900, -0.03529417692304603199 ) ) ;
#4184 =( NAMED_UNIT ( * ) SI_UNIT ( $, .STERADIAN. ) SOLID_ANGLE_UNIT ( ) );
#4185 = CARTESIAN_POINT ( 'NONE',  ( 0.06093381267673372848, 0.9009999999999999121, 0.04609433629878718908 ) ) ;
#4186 = CARTESIAN_POINT ( 'NONE',  ( 0.7980000000000000426, 0.8979999999999999094, 0.3980000000000000204 ) ) ;
#4187 = CARTESIAN_POINT ( 'NONE',  ( -0.03616074893430133719, 0.9000000000000000222, 0.04998535090536614101 ) ) ;
#4188 = MECHANICAL_DESIGN_GEOMETRIC_PRESENTATION_REPRESENTATION (  '', ( #398 ), #2305 ) ;
#4189 = ORIENTED_EDGE ( 'NONE', *, *, #3748, .F. ) ;
#4190 = CARTESIAN_POINT ( 'NONE',  ( -0.6495851312298108748, 0.0006898849358595458749, -0.3995240195484535128 ) ) ;
#4191 = ORIENTED_EDGE ( 'NONE', *, *, #3168, .T. ) ;
#4192 = EDGE_CURVE ( 'NONE', #792, #2328, #4008, .T. ) ;
#4193 = AXIS2_PLACEMENT_3D ( 'NONE', #2603, #4904, #4936 ) ;
#4194 = CARTESIAN_POINT ( 'NONE',  ( 0.1325821184224073579, 0.8999999999999999112, 0.007286671030348888974 ) ) ;
#4195 = CARTESIAN_POINT ( 'NONE',  ( 0.1066853940645330484, 0.9010000000000000231, 0.02198208923131129630 ) ) ;
#4196 = LINE ( 'NONE', #6100, #5029 ) ;
#4197 = ADVANCED_FACE ( 'NONE', ( #3904 ), #2935, .T. ) ;
#4198 = ORIENTED_EDGE ( 'NONE', *, *, #2913, .T. ) ;
#4199 = FILL_AREA_STYLE ('',( #2831 ) ) ;
#4200 = CARTESIAN_POINT ( 'NONE',  ( -0.04395257645172453292, 0.9009999999999995790, 0.009975746324094651035 ) ) ;
#4201 = CARTESIAN_POINT ( 'NONE',  ( -0.003542639783111694186, 0.8999999999999998002, 0.02813290714216009486 ) ) ;
#4202 = CARTESIAN_POINT ( 'NONE',  ( 0.03013989007736233780, 0.9000000000000002442, 0.01769503867720892756 ) ) ;
#4203 = DIRECTION ( 'NONE',  ( 1.000000000000000000, 0.000000000000000000, 0.000000000000000000 ) ) ;
#4204 = ORIENTED_EDGE ( 'NONE', *, *, #1655, .F. ) ;
#4205 = CARTESIAN_POINT ( 'NONE',  ( -0.1092484200694655294, 0.9010000000000000231, -0.03712855969636751075 ) ) ;
#4206 = DIRECTION ( 'NONE',  ( 5.262277442512272048E-13, -1.000000000000000000, 3.916917325058071780E-12 ) ) ;
#4207 = CARTESIAN_POINT ( 'NONE',  ( -0.1275444001782503334, 0.9010000000000001341, 0.04484735562173475937 ) ) ;
#4208 = CARTESIAN_POINT ( 'NONE',  ( -0.8000000000000001554, 0.8979999999999999094, 0.3980000000000000204 ) ) ;
#4209 = CARTESIAN_POINT ( 'NONE',  ( -0.09105002984455548565, 0.9000000000000000222, 0.04486787705809486271 ) ) ;
#4210 = VERTEX_POINT ( 'NONE', #5490 ) ;
#4211 = CARTESIAN_POINT ( 'NONE',  ( 0.05882165385868928786, 0.9000000000000001332, -0.02222262539735391992 ) ) ;
#4212 = CARTESIAN_POINT ( 'NONE',  ( 0.6500000000000001332, 0.8979999999999999094, -0.4000000000000000222 ) ) ;
#4213 = CARTESIAN_POINT ( 'NONE',  ( -0.6500000000000001332, 0.9000000000000000222, -0.4000000000000000222 ) ) ;
#4214 = CARTESIAN_POINT ( 'NONE',  ( -0.1110135770202495681, 0.8999999999999998002, -0.05503319143535111840 ) ) ;
#4215 = CARTESIAN_POINT ( 'NONE',  ( -0.06387582391561938411, 0.9000000000000002442, 0.01878089543183762353 ) ) ;
#4216 = VECTOR ( 'NONE', #3024, 1000.000000000000000 ) ;
#4217 = AXIS2_PLACEMENT_3D ( 'NONE', #3871, #3340, #1929 ) ;
#4218 = ORIENTED_EDGE ( 'NONE', *, *, #104, .F. ) ;
#4219 = VECTOR ( 'NONE', #5974, 1000.000000000000000 ) ;
#4220 = CARTESIAN_POINT ( 'NONE',  ( -0.09336300340279884979, 0.9010000000000000231, -0.002473110978418791451 ) ) ;
#4221 = EDGE_CURVE ( 'NONE', #5220, #75, #304, .T. ) ;
#4222 = EDGE_LOOP ( 'NONE', ( #1702, #3627, #3915, #4789 ) ) ;
#4223 = CARTESIAN_POINT ( 'NONE',  ( 0.1373493623960100607, 0.9000000000000002442, 0.01585714959585861686 ) ) ;
#4224 = DIRECTION ( 'NONE',  ( -1.000000000000000000, 0.000000000000000000, 0.000000000000000000 ) ) ;
#4225 = CARTESIAN_POINT ( 'NONE',  ( -0.1143901680379718899, 0.8999999999999998002, 0.04976978246409321377 ) ) ;
#4226 = ORIENTED_EDGE ( 'NONE', *, *, #3773, .F. ) ;
#4227 = CARTESIAN_POINT ( 'NONE',  ( -0.1243500864666059191, 0.9000000000000000222, 0.01459980522673835074 ) ) ;
#4228 = SURFACE_SIDE_STYLE ('',( #1418 ) ) ;
#4229 = CARTESIAN_POINT ( 'NONE',  ( -0.1242409913022727574, 0.9009999999999998010, -0.05174212879816671162 ) ) ;
#4230 = CARTESIAN_POINT ( 'NONE',  ( 0.6498614298910191378, 0.001199326879951619074, -0.3998411293895273166 ) ) ;
#4231 = CARTESIAN_POINT ( 'NONE',  ( -0.6495274362460348172, 0.0006151841771219276498, 0.3994577499140557486 ) ) ;
#4232 = CARTESIAN_POINT ( 'NONE',  ( -0.6499341210850061445, 0.8985444178775763291, 0.3999244763379541934 ) ) ;
#4233 = CARTESIAN_POINT ( 'NONE',  ( -0.09983184325618134347, 0.8999999999999994671, -0.05377069934923398714 ) ) ;
#4234 = CARTESIAN_POINT ( 'NONE',  ( 0.8000000000000001554, 0.002000000000000000042, -0.3980000000000000204 ) ) ;
#4235 = CARTESIAN_POINT ( 'NONE',  ( 0.04202898570683550467, 0.9010000000000000231, 0.05000525472347360639 ) ) ;
#4236 = PRESENTATION_STYLE_ASSIGNMENT (( #2347 ) ) ;
#4237 = CARTESIAN_POINT ( 'NONE',  ( -0.6500000000000001332, 0.9000000000000000222, -0.4000000000000000222 ) ) ;
#4238 = ORIENTED_EDGE ( 'NONE', *, *, #2905, .F. ) ;
#4239 = SURFACE_SIDE_STYLE ('',( #6088 ) ) ;
#4240 = DIRECTION ( 'NONE',  ( -1.000000000000000000, 0.000000000000000000, 0.000000000000000000 ) ) ;
#4241 = CARTESIAN_POINT ( 'NONE',  ( 0.06926417921192774829, 0.8999999999999998002, 0.03817282335507567875 ) ) ;
#4242 = CARTESIAN_POINT ( 'NONE',  ( -0.1351498623771578422, 0.9000000000000001332, -0.04147551482457263738 ) ) ;
#4243 =( LENGTH_UNIT ( ) NAMED_UNIT ( * ) SI_UNIT ( .MILLI., .METRE. ) );
#4244 = ORIENTED_EDGE ( 'NONE', *, *, #3734, .T. ) ;
#4245 =( LENGTH_UNIT ( ) NAMED_UNIT ( * ) SI_UNIT ( .MILLI., .METRE. ) );
#4246 = ADVANCED_FACE ( 'NONE', ( #2245, #2149, #3148, #1676, #3181 ), #365, .T. ) ;
#4247 = CARTESIAN_POINT ( 'NONE',  ( -0.6500000000002216227, 0.001850084579625941314, -0.4000000000002689182 ) ) ;
#4248 = VERTEX_POINT ( 'NONE', #3651 ) ;
#4249 = CARTESIAN_POINT ( 'NONE',  ( 0.04024213461552912652, 0.8999999999999999112, -0.05494696498555177999 ) ) ;
#4250 = CARTESIAN_POINT ( 'NONE',  ( -0.1229499862551911987, 0.9010000000000001341, -0.02517263168873114243 ) ) ;
#4251 = PRESENTATION_LAYER_ASSIGNMENT (  '', '', ( #2165 ) ) ;
#4252 = ORIENTED_EDGE ( 'NONE', *, *, #1934, .F. ) ;
#4253 = FILL_AREA_STYLE_COLOUR ( '', #826 ) ;
#4254 = STYLED_ITEM ( 'NONE', ( #5320 ), #2126 ) ;
#4255 = CARTESIAN_POINT ( 'NONE',  ( 0.07843186839207294536, 0.9010000000000000231, -0.002473110978418791451 ) ) ;
#4256 = CARTESIAN_POINT ( 'NONE',  ( 0.1053549453151498838, 0.9000000000000000222, 0.01671759414978633840 ) ) ;
#4257 = CARTESIAN_POINT ( 'NONE',  ( -0.01596703318546330991, 0.8999999999999998002, 0.04499718784943170652 ) ) ;
#4258 = CARTESIAN_POINT ( 'NONE',  ( 0.01802851577523773702, 0.8999999999999998002, -0.04037444852957392666 ) ) ;
#4259 = CARTESIAN_POINT ( 'NONE',  ( -0.6497544626328463080, 0.0009767000808519603772, 0.3997183879874685042 ) ) ;
#4260 = CARTESIAN_POINT ( 'NONE',  ( 0.1111708220462978847, 0.9000000000000001332, 0.02866230110284088972 ) ) ;
#4261 =( GEOMETRIC_REPRESENTATION_CONTEXT ( 3 ) GLOBAL_UNCERTAINTY_ASSIGNED_CONTEXT ( ( #1049 ) ) GLOBAL_UNIT_ASSIGNED_CONTEXT ( ( #3036, #1171, #1567 ) ) REPRESENTATION_CONTEXT ( 'NONE', 'WORKASPACE' ) );
#4262 = PLANE ( 'NONE',  #4434 ) ;
#4263 = CARTESIAN_POINT ( 'NONE',  ( 0.1021121061780816963, 0.9010000000000002451, 0.04507457250386243813 ) ) ;
#4264 = EDGE_CURVE ( 'NONE', #4791, #5776, #3209, .T. ) ;
#4265 = B_SPLINE_CURVE_WITH_KNOTS ( 'NONE', 3,
 ( #5124, #3601, #6027, #3659, #5529, #3692, #2156, #4179, #744, #2288, #1811, #1686, #2668, #3158, #1217, #3128, #5035, #5556, #4147 ),
 .UNSPECIFIED., .F., .F.,
 ( 4, 1, 1, 1, 1, 1, 1, 1, 1, 1, 1, 1, 1, 1, 1, 1, 4 ),
 ( 0.000000000000000000, 0.1121147956622137176, 0.2158018426882337137, 0.3102026923156551153, 0.3959929252987141046, 0.4734102307422354827, 0.5427784203605523494, 0.6045480222829330286, 0.6593572656120954001, 0.7087643617117438399, 0.7553555059484813317, 0.7986869938006723180, 0.8400168391480736796, 0.8802034470065461802, 0.9197333482458337484, 0.9590486059010160380, 1.000000000000000000 ),
 .UNSPECIFIED. ) ;
#4266 = EDGE_CURVE ( 'NONE', #3767, #765, #2826, .T. ) ;
#4267 = CARTESIAN_POINT ( 'NONE',  ( -0.1100634893770658512, 0.9009999999999999121, 0.05003549220544333681 ) ) ;
#4268 = CARTESIAN_POINT ( 'NONE',  ( 0.04938661459463439957, 0.9010000000000006892, 0.03117538986780107879 ) ) ;
#4269 = CARTESIAN_POINT ( 'NONE',  ( -0.08322391405818603538, 0.9010000000000000231, 0.03601904295315424415 ) ) ;
#4270 = ORIENTED_EDGE ( 'NONE', *, *, #4337, .F. ) ;
#4271 = CARTESIAN_POINT ( 'NONE',  ( 0.06048315044335499796, 0.9010000000000000231, -0.002473110978418791451 ) ) ;
#4272 = EDGE_CURVE ( 'NONE', #1227, #2691, #353, .T. ) ;
#4273 = EDGE_CURVE ( 'NONE', #5522, #1533, #3645, .T. ) ;
#4274 = FACE_OUTER_BOUND ( 'NONE', #6080, .T. ) ;
#4275 = CARTESIAN_POINT ( 'NONE',  ( 0.05232499511826468885, 0.8999999999999996891, 0.04933696907557085648 ) ) ;
#4276 = CARTESIAN_POINT ( 'NONE',  ( -0.09829088801818347543, 0.9010000000000000231, 0.02523121594465813772 ) ) ;
#4277 = CARTESIAN_POINT ( 'NONE',  ( -0.1091682918643373246, 0.9010000000000000231, 0.05005092748311967821 ) ) ;
#4278 = EDGE_LOOP ( 'NONE', ( #4907, #4543, #945, #805 ) ) ;
#4279 = PRESENTATION_LAYER_ASSIGNMENT (  '', '', ( #1492 ) ) ;
#4280 = CARTESIAN_POINT ( 'NONE',  ( 0.1550849516147408402, 0.8999999999999999112, 0.01322694055908972023 ) ) ;
#4281 = CARTESIAN_POINT ( 'NONE',  ( 0.1228993698574168125, 0.9009999999999999121, -0.03710142950004363671 ) ) ;
#4282 = SURFACE_STYLE_FILL_AREA ( #2391 ) ;
#4283 = ORIENTED_EDGE ( 'NONE', *, *, #3204, .F. ) ;
#4284 = DIRECTION ( 'NONE',  ( 0.000000000000000000, 1.000000000000000000, 0.000000000000000000 ) ) ;
#4285 = CARTESIAN_POINT ( 'NONE',  ( -0.1195549849284054944, 0.9010000000000001341, -0.03218774024503709419 ) ) ;
#4286 = COLOUR_RGB ( '',0.9411764705882352811, 0.9411764705882352811, 0.9411764705882352811 ) ;
#4287 = SURFACE_SIDE_STYLE ('',( #4700 ) ) ;
#4288 = MECHANICAL_DESIGN_GEOMETRIC_PRESENTATION_REPRESENTATION (  '', ( #3007 ), #4697 ) ;
#4289 = ORIENTED_EDGE ( 'NONE', *, *, #2206, .T. ) ;
#4290 = SURFACE_SIDE_STYLE ('',( #4353 ) ) ;
#4291 = LINE ( 'NONE', #3306, #1138 ) ;
#4292 = CARTESIAN_POINT ( 'NONE',  ( 0.1056902212991748247, 0.9009999999999996900, 0.01857150867026369570 ) ) ;
#4293 = DIRECTION ( 'NONE',  ( 1.000000000000000000, 0.000000000000000000, 0.000000000000000000 ) ) ;
#4294 = UNCERTAINTY_MEASURE_WITH_UNIT (LENGTH_MEASURE( 1.000000000000000082E-05 ), #4151, 'distance_accuracy_value', 'NONE');
#4295 = CARTESIAN_POINT ( 'NONE',  ( -0.003542639783111694186, 0.9009999999999999121, 0.02813290714216009486 ) ) ;
#4296 = FACE_OUTER_BOUND ( 'NONE', #300, .T. ) ;
#4297 = B_SPLINE_CURVE_WITH_KNOTS ( 'NONE', 3,
 ( #4021, #1636, #2018, #5455, #4922, #1542, #149, #2051, #4389, #3056, #5917 ),
 .UNSPECIFIED., .F., .F.,
 ( 4, 1, 1, 1, 1, 1, 1, 1, 4 ),
 ( 0.000000000000000000, 0.1389342360692885081, 0.2723713666678135303, 0.4007019795223951131, 0.5249153332245818371, 0.6467750113322136007, 0.7657064925031568103, 0.8831152256608792994, 1.000000000000000000 ),
 .UNSPECIFIED. ) ;
#4298 = CARTESIAN_POINT ( 'NONE',  ( 0.02866914299098107313, 0.8999999999999996891, 0.007309439108918356146 ) ) ;
#4299 = CARTESIAN_POINT ( 'NONE',  ( -0.1115736078833780287, 0.9000000000000002442, -0.03701835041680134192 ) ) ;
#4300 = CARTESIAN_POINT ( 'NONE',  ( 0.1216610350587396111, 0.9000000000000001332, 0.03210220953440172387 ) ) ;
#4301 = CARTESIAN_POINT ( 'NONE',  ( -0.06101157430533583198, 0.8999999999999999112, 0.005060081850315027718 ) ) ;
#4302 = LINE ( 'NONE', #2999, #923 ) ;
#4303 = CARTESIAN_POINT ( 'NONE',  ( 0.6482627733115841062, 0.9000000000000000222, -0.3979999999999999094 ) ) ;
#4304 = CARTESIAN_POINT ( 'NONE',  ( -0.08322391405818603538, 0.8999999999999999112, 0.03601904295315424415 ) ) ;
#4305 = CARTESIAN_POINT ( 'NONE',  ( -0.1423380553768603674, 0.8999999999999996891, 0.01585329471277371546 ) ) ;
#4306 = DIRECTION ( 'NONE',  ( 1.000000000000000000, 0.000000000000000000, 0.000000000000000000 ) ) ;
#4307 = VERTEX_POINT ( 'NONE', #4705 ) ;
#4308 = CARTESIAN_POINT ( 'NONE',  ( -0.07565108501963890841, 0.8999999999999996891, -0.01170503834104716367 ) ) ;
#4309 = CARTESIAN_POINT ( 'NONE',  ( 0.1373990654742242024, 0.9000000000000000222, 0.01800075059040279549 ) ) ;
#4310 = CARTESIAN_POINT ( 'NONE',  ( 0.07785953897740456597, 0.9009999999999996900, 0.01114848166613261263 ) ) ;
#4311 = CARTESIAN_POINT ( 'NONE',  ( 0.1307331447605163954, 0.9010000000000004672, -0.03307506954330457355 ) ) ;
#4312 = CARTESIAN_POINT ( 'NONE',  ( -0.09487733538780504516, 0.9010000000000002451, 0.04716697732936905862 ) ) ;
#4313 = ADVANCED_FACE ( 'NONE', ( #3772 ), #59, .T. ) ;
#4314 = ORIENTED_EDGE ( 'NONE', *, *, #3507, .T. ) ;
#4315 = EDGE_LOOP ( 'NONE', ( #65, #537, #2191, #3417, #3323 ) ) ;
#4316 = CARTESIAN_POINT ( 'NONE',  ( -0.6499848537858931019, 0.001698678805543125383, -0.3999826409444677822 ) ) ;
#4317 = EDGE_LOOP ( 'NONE', ( #6094, #1773, #3668, #1506 ) ) ;
#4318 = SPHERICAL_SURFACE ( 'NONE', #1426, 0.002000000000000000042 ) ;
#4319 = EDGE_CURVE ( 'NONE', #4248, #5165, #5889, .T. ) ;
#4320 = ORIENTED_EDGE ( 'NONE', *, *, #5914, .T. ) ;
#4321 = VECTOR ( 'NONE', #4642, 1000.000000000000000 ) ;
#4322 = STYLED_ITEM ( 'NONE', ( #1437 ), #5568 ) ;
#4323 = LINE ( 'NONE', #5916, #343 ) ;
#4324 = PRESENTATION_STYLE_ASSIGNMENT (( #1954 ) ) ;
#4325 = CARTESIAN_POINT ( 'NONE',  ( -0.1254142854540808982, 0.9000000000000001332, -0.001331284055341868094 ) ) ;
#4326 = CARTESIAN_POINT ( 'NONE',  ( -0.03191007006466339835, 0.9000000000000001332, 0.05002398932788577890 ) ) ;
#4327 = CARTESIAN_POINT ( 'NONE',  ( 0.03529456436785570472, 0.9000000000000003553, 0.02802743762480509535 ) ) ;
#4328 = CARTESIAN_POINT ( 'NONE',  ( -0.1187168650564355415, 0.9000000000000002442, -0.03318665845817704574 ) ) ;
#4329 = STYLED_ITEM ( 'NONE', ( #2859 ), #3897 ) ;
#4330 = LINE ( 'NONE', #2769, #102 ) ;
#4331 = CARTESIAN_POINT ( 'NONE',  ( -0.03328688160792706019, 0.9010000000000001341, 0.03210220953440172387 ) ) ;
#4332 = CARTESIAN_POINT ( 'NONE',  ( 0.1073862926500859238, 0.9009999999999998010, -0.05150535050284540256 ) ) ;
#4333 = CARTESIAN_POINT ( 'NONE',  ( -0.1256242787218475598, 0.9010000000000001341, 0.04607667239710256518 ) ) ;
#4334 = CARTESIAN_POINT ( 'NONE',  ( 0.05595969763150594745, 0.9010000000000002451, 0.02449150522857129059 ) ) ;
#4335 = CARTESIAN_POINT ( 'NONE',  ( -0.07643036230800094588, 0.8999999999999999112, 0.01516769326465639695 ) ) ;
#4336 = CARTESIAN_POINT ( 'NONE',  ( -0.1380899870702676779, 0.9010000000000000231, 0.03145960887674530831 ) ) ;
#4337 = EDGE_CURVE ( 'NONE', #1471, #391, #2225, .T. ) ;
#4338 = CARTESIAN_POINT ( 'NONE',  ( 0.6498293095714811063, 0.001120943203332219664, 0.3998042847562123248 ) ) ;
#4339 = ORIENTED_EDGE ( 'NONE', *, *, #1796, .F. ) ;
#4340 = SURFACE_STYLE_USAGE ( .BOTH. , #531 ) ;
#4341 = CARTESIAN_POINT ( 'NONE',  ( 0.1499072746998541261, 0.9010000000000001341, 0.03574953132953019586 ) ) ;
#4342 = CARTESIAN_POINT ( 'NONE',  ( 0.1349673923007032872, 0.9000000000000000222, 0.009868593058264736942 ) ) ;
#4343 = CARTESIAN_POINT ( 'NONE',  ( 0.1228993698574168125, 0.9009999999999999121, -0.03710142950004363671 ) ) ;
#4344 = CARTESIAN_POINT ( 'NONE',  ( -0.09918214098932318090, 0.8999999999999999112, 0.04879373029465090134 ) ) ;
#4345 = ORIENTED_EDGE ( 'NONE', *, *, #1096, .F. ) ;
#4346 = ORIENTED_EDGE ( 'NONE', *, *, #4349, .F. ) ;
#4347 = LINE ( 'NONE', #5853, #634 ) ;
#4348 = VERTEX_POINT ( 'NONE', #1116 ) ;
#4349 = EDGE_CURVE ( 'NONE', #1764, #3767, #578, .T. ) ;
#4350 = DIRECTION ( 'NONE',  ( 0.000000000000000000, -0.000000000000000000, -1.000000000000000000 ) ) ;
#4351 = SURFACE_STYLE_USAGE ( .BOTH. , #6151 ) ;
#4352 = ORIENTED_EDGE ( 'NONE', *, *, #3564, .F. ) ;
#4353 = SURFACE_STYLE_FILL_AREA ( #1887 ) ;
#4354 = CARTESIAN_POINT ( 'NONE',  ( -0.1253608736877139807, 0.9009999999999999121, 0.003110909882816257407 ) ) ;
#4355 = CARTESIAN_POINT ( 'NONE',  ( 0.1216610350587396111, 0.9010000000000000231, 0.03210220953440172387 ) ) ;
#4356 = SURFACE_STYLE_USAGE ( .BOTH. , #488 ) ;
#4357 = UNCERTAINTY_MEASURE_WITH_UNIT (LENGTH_MEASURE( 1.000000000000000082E-05 ), #5346, 'distance_accuracy_value', 'NONE');
#4358 = CARTESIAN_POINT ( 'NONE',  ( 0.02649726928332218207, 0.9000000000000001332, -0.04982318191645692534 ) ) ;
#4359 = COLOUR_RGB ( '',0.9019607843137255054, 0.7098039215686274828, 0.4392156862745097978 ) ;
#4360 = CARTESIAN_POINT ( 'NONE',  ( 0.04415702864848320558, 0.9010000000000000231, -0.05507727764508545815 ) ) ;
#4361 = CARTESIAN_POINT ( 'NONE',  ( 0.04786777945604277218, 0.9009999999999998010, 0.03171878295294837391 ) ) ;
#4362 = VECTOR ( 'NONE', #614, 1000.000000000000000 ) ;
#4363 = CARTESIAN_POINT ( 'NONE',  ( 0.1129509368153245458, 0.9010000000000001341, -0.05384071610674811409 ) ) ;
#4364 = CARTESIAN_POINT ( 'NONE',  ( 0.01105159436449522185, 0.8999999999999999112, 0.01190364535197621816 ) ) ;
#4365 = CARTESIAN_POINT ( 'NONE',  ( 0.06048315044335499796, 0.9000000000000000222, -0.002473110978418791451 ) ) ;
#4366 =( GEOMETRIC_REPRESENTATION_CONTEXT ( 3 ) GLOBAL_UNCERTAINTY_ASSIGNED_CONTEXT ( ( #5234 ) ) GLOBAL_UNIT_ASSIGNED_CONTEXT ( ( #5358, #604, #1113 ) ) REPRESENTATION_CONTEXT ( 'NONE', 'WORKASPACE' ) );
#4367 = CARTESIAN_POINT ( 'NONE',  ( -0.1187168650564355415, 0.9010000000000002451, -0.03318665845817704574 ) ) ;
#4368 = FACE_OUTER_BOUND ( 'NONE', #5342, .T. ) ;
#4369 = VERTEX_POINT ( 'NONE', #2928 ) ;
#4370 = CARTESIAN_POINT ( 'NONE',  ( -0.08186395155304081184, 0.9000000000000001332, -0.03841954792534682528 ) ) ;
#4371 = STYLED_ITEM ( 'NONE', ( #768 ), #2747 ) ;
#4372 = CARTESIAN_POINT ( 'NONE',  ( 0.1504713095928882360, 0.9010000000000002451, 0.001636461194484833915 ) ) ;
#4373 = CARTESIAN_POINT ( 'NONE',  ( 0.1129509368153245458, 0.9000000000000002442, -0.05384071610674811409 ) ) ;
#4374 = CARTESIAN_POINT ( 'NONE',  ( -0.6500000000000001332, 0.8979999999999999094, -0.4000000000000000222 ) ) ;
#4375 = CARTESIAN_POINT ( 'NONE',  ( 0.1368453299305345261, 0.9010000000000000231, -0.007901796875854688249 ) ) ;
#4376 = EDGE_LOOP ( 'NONE', ( #757, #589, #3413, #6067 ) ) ;
#4377 = EDGE_CURVE ( 'NONE', #2473, #5310, #52, .T. ) ;
#4378 = ORIENTED_EDGE ( 'NONE', *, *, #6036, .T. ) ;
#4379 = CARTESIAN_POINT ( 'NONE',  ( -0.08460747232871668189, 0.9010000000000002451, -0.04289115402682277395 ) ) ;
#4380 = EDGE_LOOP ( 'NONE', ( #3005, #4696, #2200, #5550 ) ) ;
#4381 = CARTESIAN_POINT ( 'NONE',  ( 0.1322432465952946834, 0.9000000000000000222, -0.02836454251827703194 ) ) ;
#4382 = FACE_OUTER_BOUND ( 'NONE', #316, .T. ) ;
#4383 = CARTESIAN_POINT ( 'NONE',  ( -0.06383450055734651851, 0.9009999999999999121, 0.01643050441511978085 ) ) ;
#4384 = ADVANCED_FACE ( 'NONE', ( #2053 ), #999, .T. ) ;
#4385 =( LENGTH_UNIT ( ) NAMED_UNIT ( * ) SI_UNIT ( .MILLI., .METRE. ) );
#4386 = ORIENTED_EDGE ( 'NONE', *, *, #3498, .F. ) ;
#4387 = MECHANICAL_DESIGN_GEOMETRIC_PRESENTATION_REPRESENTATION (  '', ( #5784 ), #1393 ) ;
#4388 = CARTESIAN_POINT ( 'NONE',  ( -0.1220507317282067961, 0.9010000000000003562, 0.02281589720855811340 ) ) ;
#4389 = CARTESIAN_POINT ( 'NONE',  ( 0.09866759577359511535, 0.9000000000000001332, -0.04408559839284963838 ) ) ;
#4390 = CARTESIAN_POINT ( 'NONE',  ( 0.1305467992618312700, 0.9000000000000001332, 0.02973801221860004201 ) ) ;
#4391 = CARTESIAN_POINT ( 'NONE',  ( 0.09960077404113298893, 0.8999999999999999112, 0.04322754473611262888 ) ) ;
#4392 = SURFACE_STYLE_FILL_AREA ( #119 ) ;
#4393 = CARTESIAN_POINT ( 'NONE',  ( 0.000000000000000000, 0.9000000000000000222, -0.3980000000000000204 ) ) ;
#4394 = EDGE_CURVE ( 'NONE', #328, #2918, #2525, .T. ) ;
#4395 = CARTESIAN_POINT ( 'NONE',  ( 0.04626168701168998504, 0.9010000000000001341, 0.03205301768824950215 ) ) ;
#4396 = CARTESIAN_POINT ( 'NONE',  ( 0.02844299127138357267, 0.9000000000000000222, -0.002506511678296995723 ) ) ;
#4397 = B_SPLINE_SURFACE_WITH_KNOTS ( 'NONE', 3, 1, ( 
 ( #80, #5827 ),
 ( #5397, #1112 ),
 ( #1541, #1046 ),
 ( #3421, #3022 ),
 ( #4455, #3891 ),
 ( #4797, #3861 ),
 ( #1480, #518 ),
 ( #180, #1986 ),
 ( #1077, #5764 ),
 ( #48, #4891 ),
 ( #5794, #1511 ) ),
 .UNSPECIFIED., .F., .F., .F.,
 ( 4, 1, 1, 1, 1, 1, 1, 1, 4 ),
 ( 2, 2 ),
 ( 0.000000000000000000, 0.1610711239484212132, 0.3107888083803541091, 0.4499038238309442383, 0.5783763165061847067, 0.6966172119048389400, 0.8059873227104094040, 0.9065617032890808114, 1.000000000000000000 ),
 ( 0.000000000000000000, 1.000000000000000000 ),
 .UNSPECIFIED. ) ;
#4398 = CARTESIAN_POINT ( 'NONE',  ( 0.1107020109905144795, 0.9000000000000001332, -0.02879145457972266675 ) ) ;
#4399 = AXIS2_PLACEMENT_3D ( 'NONE', #5547, #1210, #305 ) ;
#4400 = CARTESIAN_POINT ( 'NONE',  ( -0.08458197463422613416, 0.9010000000000001341, 0.03817282335507568569 ) ) ;
#4401 = CARTESIAN_POINT ( 'NONE',  ( 0.000000000000000000, 0.002000000000000048614, 0.4000000000000000222 ) ) ;
#4402 = CARTESIAN_POINT ( 'NONE',  ( -0.1239453729935185433, 0.8999999999999998002, -0.02133406143642728112 ) ) ;
#4403 = CARTESIAN_POINT ( 'NONE',  ( -0.1256242787218475598, 0.9010000000000001341, 0.04607667239710256518 ) ) ;
#4404 = B_SPLINE_CURVE_WITH_KNOTS ( 'NONE', 3,
 ( #3333, #548, #2464, #5796, #5233, #1078, #3398, #2399, #2426, #458, #577 ),
 .UNSPECIFIED., .F., .F.,
 ( 4, 1, 1, 1, 1, 1, 1, 1, 4 ),
 ( 0.000000000000000000, 0.1372849921823512398, 0.2670284865720550238, 0.3949256401701796149, 0.5243347615083427948, 0.6508125264301010127, 0.7692674670455005304, 0.8834346835668835940, 1.000000000000000000 ),
 .UNSPECIFIED. ) ;
#4405 = CARTESIAN_POINT ( 'NONE',  ( -0.06387582391561938411, 0.9010000000000001341, 0.01878089543183762353 ) ) ;
#4406 = VERTEX_POINT ( 'NONE', #3173 ) ;
#4407 = CARTESIAN_POINT ( 'NONE',  ( -0.07701671376089365417, 0.8999999999999998002, -0.02367520802437588293 ) ) ;
#4408 = CARTESIAN_POINT ( 'NONE',  ( 0.1526204171532681286, 0.9010000000000000231, 0.005184172471512125263 ) ) ;
#4409 = CARTESIAN_POINT ( 'NONE',  ( -0.04025313927853307189, 0.8999999999999998002, 0.02983146877488832005 ) ) ;
#4410 = CARTESIAN_POINT ( 'NONE',  ( -0.02032729828316220955, 0.9010000000000002451, 0.01888643281808557312 ) ) ;
#4411 = CARTESIAN_POINT ( 'NONE',  ( -0.6487064766444698982, 0.8999509574261743694, -0.3985126226412293859 ) ) ;
#4412 = CARTESIAN_POINT ( 'NONE',  ( -0.002365494402216769543, 0.9009999999999998010, 0.01781824486401964100 ) ) ;
#4413 = VERTEX_POINT ( 'NONE', #5541 ) ;
#4414 = ORIENTED_EDGE ( 'NONE', *, *, #2301, .T. ) ;
#4415 = CARTESIAN_POINT ( 'NONE',  ( -0.08318382382979840062, 0.9009999999999998010, -0.04074124499085628875 ) ) ;
#4416 = CARTESIAN_POINT ( 'NONE',  ( -0.6492970924032265279, 0.0003738069421418765232, 0.3991929659193230728 ) ) ;
#4417 = PRESENTATION_STYLE_ASSIGNMENT (( #1507 ) ) ;
#4418 = DIRECTION ( 'NONE',  ( -0.000000000000000000, -1.000000000000000000, -0.000000000000000000 ) ) ;
#4419 = CARTESIAN_POINT ( 'NONE',  ( 0.06771593466594856559, 0.8999999999999998002, -0.04486961594020563021 ) ) ;
#4420 = EDGE_CURVE ( 'NONE', #1951, #4873, #791, .T. ) ;
#4421 = AXIS2_PLACEMENT_3D ( 'NONE', #1297, #3592, #2661 ) ;
#4422 = CARTESIAN_POINT ( 'NONE',  ( -0.1220507317282067961, 0.9000000000000003553, 0.02281589720855811340 ) ) ;
#4423 = UNCERTAINTY_MEASURE_WITH_UNIT (LENGTH_MEASURE( 1.000000000000000082E-05 ), #4925, 'distance_accuracy_value', 'NONE');
#4424 = CARTESIAN_POINT ( 'NONE',  ( 0.1172220721864707660, 0.8999999999999998002, 0.04997550569784886543 ) ) ;
#4425 = CARTESIAN_POINT ( 'NONE',  ( 0.1206794645459190879, 0.8999999999999999112, 0.05005092748311967821 ) ) ;
#4426 = SURFACE_STYLE_USAGE ( .BOTH. , #1081 ) ;
#4427 = CARTESIAN_POINT ( 'NONE',  ( -0.01822745755058469141, 0.9010000000000001341, -0.009254051735940642745 ) ) ;
#4428 = COLOUR_RGB ( '',0.9411764705882352811, 0.9411764705882352811, 0.9411764705882352811 ) ;
#4429 = STYLED_ITEM ( 'NONE', ( #5579 ), #5984 ) ;
#4430 = CARTESIAN_POINT ( 'NONE',  ( 0.07680797892842947117, 0.9000000000000000222, 0.01890897579672851797 ) ) ;
#4431 = FACE_OUTER_BOUND ( 'NONE', #1004, .T. ) ;
#4432 = CARTESIAN_POINT ( 'NONE',  ( 0.03348293439770338303, 0.9009999999999999121, -0.03107301951204745338 ) ) ;
#4433 = CARTESIAN_POINT ( 'NONE',  ( 0.01051096587973921956, 0.9010000000000000231, 0.003164554580687266045 ) ) ;
#4434 = AXIS2_PLACEMENT_3D ( 'NONE', #3429, #953, #2433 ) ;
#4435 = CARTESIAN_POINT ( 'NONE',  ( -0.03328688160792706019, 0.9010000000000001341, 0.03210220953440172387 ) ) ;
#4436 = LINE ( 'NONE', #3435, #3396 ) ;
#4437 = CARTESIAN_POINT ( 'NONE',  ( 0.6484447241237956128, -6.196095612283998135E-14, 0.3982103961453940522 ) ) ;
#4438 = ORIENTED_EDGE ( 'NONE', *, *, #3672, .T. ) ;
#4439 = COLOUR_RGB ( '',0.9411764705882352811, 0.9411764705882352811, 0.9411764705882352811 ) ;
#4440 = CARTESIAN_POINT ( 'NONE',  ( -0.1088203327524470132, 0.9000000000000001332, -0.05506438017631783144 ) ) ;
#4441 = CARTESIAN_POINT ( 'NONE',  ( 0.1516040602789811287, 0.9009999999999999121, 0.003378715235055416120 ) ) ;
#4442 = CARTESIAN_POINT ( 'NONE',  ( -0.04506960565404592028, 0.9010000000000000231, 0.02344641335737677329 ) ) ;
#4443 = CARTESIAN_POINT ( 'NONE',  ( -0.02040702257552430218, 0.9010000000000004672, 0.02079539938483194669 ) ) ;
#4444 = DIRECTION ( 'NONE',  ( -1.000000000000000000, 0.000000000000000000, 0.000000000000000000 ) ) ;
#4445 = CARTESIAN_POINT ( 'NONE',  ( 0.8000000000000001554, 0.9000000000000000222, 0.3980000000000000204 ) ) ;
#4446 = ORIENTED_EDGE ( 'NONE', *, *, #2684, .F. ) ;
#4447 = CARTESIAN_POINT ( 'NONE',  ( -0.09141987451471392245, 0.9009999999999998010, -0.04971205330673830747 ) ) ;
#4448 = CARTESIAN_POINT ( 'NONE',  ( 0.03529456436785570472, 0.9010000000000004672, 0.02802743762480509535 ) ) ;
#4449 = CARTESIAN_POINT ( 'NONE',  ( -0.003524145847754308822, 0.9010000000000002451, 0.009419085208411019997 ) ) ;
#4450 =( LENGTH_UNIT ( ) NAMED_UNIT ( * ) SI_UNIT ( .MILLI., .METRE. ) );
#4451 = CARTESIAN_POINT ( 'NONE',  ( 0.000000000000000000, 0.8979999999999999094, -0.3980000000000000204 ) ) ;
#4452 = CARTESIAN_POINT ( 'NONE',  ( 0.1104831504433550216, 0.9010000000000000231, -0.02815420072200854051 ) ) ;
#4453 = CARTESIAN_POINT ( 'NONE',  ( 0.1302190659186109045, 0.9010000000000000231, -0.02178924258978890555 ) ) ;
#4454 = ADVANCED_FACE ( 'NONE', ( #810 ), #2460, .T. ) ;
#4455 = CARTESIAN_POINT ( 'NONE',  ( 0.01156664131268520836, 0.9010000000000001341, -0.01992421525497816218 ) ) ;
#4456 = CARTESIAN_POINT ( 'NONE',  ( 0.6482627733115841062, 0.9000000000000000222, -0.3979999999999999094 ) ) ;
#4457 = CARTESIAN_POINT ( 'NONE',  ( 0.09614397859980625127, 0.9010000000000003562, -0.04019130273948443716 ) ) ;
#4458 = CARTESIAN_POINT ( 'NONE',  ( 0.1021121061780816963, 0.9010000000000002451, 0.04507457250386243813 ) ) ;
#4459 = EDGE_CURVE ( 'NONE', #162, #539, #5874, .T. ) ;
#4460 = CARTESIAN_POINT ( 'NONE',  ( 0.03662250692592445428, 0.8999999999999995781, 0.02929533174978218857 ) ) ;
#4461 = CARTESIAN_POINT ( 'NONE',  ( -0.02644415759604835242, 0.9009999999999999121, -0.01226605742458186134 ) ) ;
#4462 = B_SPLINE_CURVE_WITH_KNOTS ( 'NONE', 3,
 ( #4635, #5866, #5102, #5405, #1614, #1118, #4430, #1083, #5537, #806, #2597, #1255, #3167, #5366, #5894, #2085, #1148, #1580, #3958, #3491, #5433, #5072, #3029, #4962, #671, #356, #188 ),
 .UNSPECIFIED., .F., .F.,
 ( 4, 1, 1, 1, 1, 1, 1, 1, 1, 1, 1, 1, 1, 1, 1, 1, 1, 1, 1, 1, 1, 1, 1, 1, 4 ),
 ( 0.000000000000000000, 0.06849087449695399898, 0.1330765404908785809, 0.1938289871915771234, 0.2510828574460500229, 0.3044008371534409063, 0.3544083437255270419, 0.4012947817777443582, 0.4447006845454781199, 0.4856924920892444764, 0.5246764844274039996, 0.5623067591777589636, 0.5979465846525346961, 0.6324735490267262561, 0.6657520428969366799, 0.6979852995504444158, 0.7295862241486805733, 0.7608251968744890181, 0.7923550795612062103, 0.8243126039626630375, 0.8571562719790692952, 0.8909268871454045780, 0.9259604429162999750, 0.9620613229943376643, 1.000000000000000000 ),
 .UNSPECIFIED. ) ;
#4463 = CARTESIAN_POINT ( 'NONE',  ( 0.03276906096840721122, 0.9009999999999999121, -0.02979219464340984030 ) ) ;
#4464 = CARTESIAN_POINT ( 'NONE',  ( -0.08930960693900930059, 0.9009999999999999121, 0.04344869368045998353 ) ) ;
#4465 = ORIENTED_EDGE ( 'NONE', *, *, #4660, .F. ) ;
#4466 = VECTOR ( 'NONE', #4224, 1000.000000000000000 ) ;
#4467 = ORIENTED_EDGE ( 'NONE', *, *, #4011, .T. ) ;
#4468 = EDGE_CURVE ( 'NONE', #2249, #3197, #6110, .T. ) ;
#4469 = CARTESIAN_POINT ( 'NONE',  ( -0.03328688160792706019, 0.9000000000000000222, 0.03210220953440172387 ) ) ;
#4470 = CARTESIAN_POINT ( 'NONE',  ( -0.1136040192306247143, 0.9010000000000000231, -0.05494696498555177999 ) ) ;
#4471 =( GEOMETRIC_REPRESENTATION_CONTEXT ( 3 ) GLOBAL_UNCERTAINTY_ASSIGNED_CONTEXT ( ( #2111 ) ) GLOBAL_UNIT_ASSIGNED_CONTEXT ( ( #3232, #1944, #2417 ) ) REPRESENTATION_CONTEXT ( 'NONE', 'WORKASPACE' ) );
#4472 = CARTESIAN_POINT ( 'NONE',  ( 0.1338983944867776221, 0.9000000000000000222, 0.008520054412672745797 ) ) ;
#4473 = CARTESIAN_POINT ( 'NONE',  ( -0.03927863115389810394, 0.9009999999999999121, 0.04949860300472256475 ) ) ;
#4474 = CARTESIAN_POINT ( 'NONE',  ( -0.03402995676565412353, 0.9010000000000000231, 0.05002882076850426185 ) ) ;
#4475 = EDGE_CURVE ( 'NONE', #5682, #79, #3272, .T. ) ;
#4476 = ORIENTED_EDGE ( 'NONE', *, *, #3419, .F. ) ;
#4477 = AXIS2_PLACEMENT_3D ( 'NONE', #4983, #2983, #4952 ) ;
#4478 = CARTESIAN_POINT ( 'NONE',  ( -0.07541428545408090933, 0.9010000000000000231, -0.002473110978418791451 ) ) ;
#4479 = CARTESIAN_POINT ( 'NONE',  ( -0.6500000000000000222, 0.8979999999999999094, 0.4000000000000000222 ) ) ;
#4480 = CARTESIAN_POINT ( 'NONE',  ( -0.009039584288976915127, 0.9010000000000003562, -0.001381045802295746130 ) ) ;
#4481 = FILL_AREA_STYLE_COLOUR ( '', #2770 ) ;
#4482 = CARTESIAN_POINT ( 'NONE',  ( 0.6498293095714811063, 0.001120943203332211858, -0.3998042847562123248 ) ) ;
#4483 = CARTESIAN_POINT ( 'NONE',  ( 0.04502582109370684843, 0.9000000000000002442, -0.05506438017631783838 ) ) ;
#4484 = SHAPE_DEFINITION_REPRESENTATION ( #3901, #1606 ) ;
#4485 = B_SPLINE_SURFACE_WITH_KNOTS ( 'NONE', 3, 1, ( 
 ( #5870, #2089 ),
 ( #2572, #5806 ),
 ( #3497, #4030 ),
 ( #195, #3529 ),
 ( #616, #2537 ),
 ( #3997, #678 ),
 ( #4367, #5437 ),
 ( #90, #5899 ),
 ( #1618, #5932 ),
 ( #1997, #1154 ),
 ( #3067, #1645 ),
 ( #1026, #2938 ),
 ( #3906, #1059 ),
 ( #1521, #2504 ),
 ( #5374, #4402 ),
 ( #127, #1088 ),
 ( #2690, #5001 ),
 ( #708, #2215 ),
 ( #2184, #2714 ),
 ( #738, #763 ),
 ( #6021, #3619 ),
 ( #3685, #6048 ),
 ( #2633, #3594 ) ),
 .UNSPECIFIED., .F., .F., .F.,
 ( 4, 1, 1, 1, 1, 1, 1, 1, 1, 1, 1, 1, 1, 1, 1, 1, 1, 1, 1, 1, 4 ),
 ( 2, 2 ),
 ( 0.000000000000000000, 0.05383370089591501401, 0.1055426304091383882, 0.1580541720958378304, 0.2119873357804046288, 0.2402068903290460189, 0.2697935103595446305, 0.3013430987966755903, 0.3346080613711932550, 0.3702844416648599646, 0.4080888380149464978, 0.4486813458099823682, 0.4920692965602020408, 0.5386641566662654368, 0.5903710538753824677, 0.6463877841547199798, 0.7071953757631237458, 0.7729467746818399210, 0.8436426012467371782, 0.9193083570571428664, 1.000000000000000000 ),
 ( 0.000000000000000000, 1.000000000000000000 ),
 .UNSPECIFIED. ) ;
#4486 = CARTESIAN_POINT ( 'NONE',  ( -0.02110698626011963536, 0.9010000000000001341, 0.01237626568601533396 ) ) ;
#4487 = FACE_OUTER_BOUND ( 'NONE', #5985, .T. ) ;
#4488 = CARTESIAN_POINT ( 'NONE',  ( 0.09969443613472260546, 0.9000000000000001332, -0.04521764724465852231 ) ) ;
#4489 = UNCERTAINTY_MEASURE_WITH_UNIT (LENGTH_MEASURE( 1.000000000000000082E-05 ), #1547, 'distance_accuracy_value', 'NONE');
#4490 = CARTESIAN_POINT ( 'NONE',  ( 0.05241486326427241549, 0.9010000000000000231, -0.03421147205442884309 ) ) ;
#4491 = PRESENTATION_STYLE_ASSIGNMENT (( #1577 ) ) ;
#4492 = CARTESIAN_POINT ( 'NONE',  ( -0.01851710197729689727, 0.9000000000000001332, 0.04653942474816922387 ) ) ;
#4493 = CARTESIAN_POINT ( 'NONE',  ( -0.6500000000000001332, 0.8979999999999999094, -0.4000000000000000222 ) ) ;
#4494 =( LENGTH_UNIT ( ) NAMED_UNIT ( * ) SI_UNIT ( .MILLI., .METRE. ) );
#4495 = CARTESIAN_POINT ( 'NONE',  ( 0.03512928878971834090, 0.9010000000000000231, -0.03318665845817703186 ) ) ;
#4496 = CARTESIAN_POINT ( 'NONE',  ( 0.1468528177310072513, 0.9010000000000003562, -0.01670608921637569202 ) ) ;
#4497 = CARTESIAN_POINT ( 'NONE',  ( -0.09291234116942015397, 0.9010000000000001341, 0.04609433629878718214 ) ) ;
#4498 =( NAMED_UNIT ( * ) SI_UNIT ( $, .STERADIAN. ) SOLID_ANGLE_UNIT ( ) );
#4499 = VECTOR ( 'NONE', #5878, 1000.000000000000000 ) ;
#4500 = VERTEX_POINT ( 'NONE', #2825 ) ;
#4501 = CARTESIAN_POINT ( 'NONE',  ( -0.09829088801818347543, 0.9009999999999999121, 0.02523121594465813772 ) ) ;
#4502 = CARTESIAN_POINT ( 'NONE',  ( 0.05555526582797038621, 0.9000000000000000222, 0.02523121594465813772 ) ) ;
#4503 = MECHANICAL_DESIGN_GEOMETRIC_PRESENTATION_REPRESENTATION (  '', ( #3706 ), #5595 ) ;
#4504 = DIRECTION ( 'NONE',  ( 0.000000000000000000, 0.000000000000000000, -1.000000000000000000 ) ) ;
#4505 = CARTESIAN_POINT ( 'NONE',  ( -0.09930106055465111325, 0.9000000000000000222, 0.02682310018442015873 ) ) ;
#4506 = CARTESIAN_POINT ( 'NONE',  ( -0.02602699895328370802, 0.9010000000000004672, 0.02988576348018040507 ) ) ;
#4507 = CARTESIAN_POINT ( 'NONE',  ( -0.06268290196041036155, 0.8999999999999995781, 0.02760965809196498991 ) ) ;
#4508 = CARTESIAN_POINT ( 'NONE',  ( 0.04459773377668834610, 0.8999999999999998002, -0.03712855969636751075 ) ) ;
#4509 = EDGE_LOOP ( 'NONE', ( #93, #2657, #1984, #5970 ) ) ;
#4510 = CARTESIAN_POINT ( 'NONE',  ( 0.02116463192168956814, 0.9010000000000002451, 0.04012640489766581414 ) ) ;
#4511 = CARTESIAN_POINT ( 'NONE',  ( 0.03013989007736233780, 0.9010000000000002451, 0.01769503867720892756 ) ) ;
#4512 = CARTESIAN_POINT ( 'NONE',  ( -0.03145597648696247389, 0.9009999999999999121, -0.01274292787690913670 ) ) ;
#4513 = FILL_AREA_STYLE ('',( #2253 ) ) ;
#4514 = FACE_OUTER_BOUND ( 'NONE', #3362, .T. ) ;
#4515 = CARTESIAN_POINT ( 'NONE',  ( 0.07318819439833315621, 0.8999999999999998002, -0.03591469967808748331 ) ) ;
#4516 = CARTESIAN_POINT ( 'NONE',  ( 0.1322578657903355215, 0.8999999999999999112, -0.02720322731047087120 ) ) ;
#4517 = ORIENTED_EDGE ( 'NONE', *, *, #3589, .T. ) ;
#4518 = CARTESIAN_POINT ( 'NONE',  ( -0.02028608032587578269, 0.9010000000000000231, 0.01789948517542736678 ) ) ;
#4519 = DIRECTION ( 'NONE',  ( -0.000000000000000000, 1.000000000000000000, -2.435219723356120101E-14 ) ) ;
#4520 = CARTESIAN_POINT ( 'NONE',  ( -0.1001176340825970235, 0.9010000000000003562, -0.03291091642285885049 ) ) ;
#4521 = CARTESIAN_POINT ( 'NONE',  ( 0.1312571915631616792, 0.9000000000000000222, 0.04878824691138332337 ) ) ;
#4522 = CARTESIAN_POINT ( 'NONE',  ( -0.004537478198037661961, 0.9000000000000003553, 0.03096292186150311626 ) ) ;
#4523 = DIRECTION ( 'NONE',  ( 0.000000000000000000, 0.000000000000000000, -1.000000000000000000 ) ) ;
#4524 = CARTESIAN_POINT ( 'NONE',  ( 0.04459773377668834610, 0.9010000000000000231, -0.03712855969636751075 ) ) ;
#4525 =( NAMED_UNIT ( * ) PLANE_ANGLE_UNIT ( ) SI_UNIT ( $, .RADIAN. ) );
#4526 = DIRECTION ( 'NONE',  ( 0.000000000000000000, 0.000000000000000000, 1.000000000000000000 ) ) ;
#4527 = DIRECTION ( 'NONE',  ( -0.000000000000000000, -1.000000000000000000, -0.000000000000000000 ) ) ;
#4528 = AXIS2_PLACEMENT_3D ( 'NONE', #2805, #4206, #3780 ) ;
#4529 = SURFACE_SIDE_STYLE ('',( #4585 ) ) ;
#4530 = AXIS2_PLACEMENT_3D ( 'NONE', #5173, #4706, #881 ) ;
#4531 = EDGE_CURVE ( 'NONE', #138, #6138, #4763, .T. ) ;
#4532 = CARTESIAN_POINT ( 'NONE',  ( -0.03094313160792706158, 0.9010000000000000231, -0.05507727764508545815 ) ) ;
#4533 = CARTESIAN_POINT ( 'NONE',  ( 0.6499848537858928799, 0.8983013211944569365, 0.3999826409444677822 ) ) ;
#4534 = CIRCLE ( 'NONE', #1031, 0.6084470225131334287 ) ;
#4535 = VECTOR ( 'NONE', #3153, 1000.000000000000000 ) ;
#4536 = CARTESIAN_POINT ( 'NONE',  ( 0.000000000000000000, 0.8979999999999999094, 0.3980000000000000204 ) ) ;
#4537 = CARTESIAN_POINT ( 'NONE',  ( -0.04395257645172453292, 0.8999999999999994671, 0.009975746324094651035 ) ) ;
#4538 = CARTESIAN_POINT ( 'NONE',  ( -0.06387582391561938411, 0.9010000000000001341, 0.01878089543183762353 ) ) ;
#4539 = EDGE_CURVE ( 'NONE', #415, #936, #4196, .T. ) ;
#4540 = DIRECTION ( 'NONE',  ( 0.000000000000000000, -1.000000000000000000, 0.000000000000000000 ) ) ;
#4541 = VECTOR ( 'NONE', #2364, 1000.000000000000000 ) ;
#4542 = B_SPLINE_SURFACE_WITH_KNOTS ( 'NONE', 3, 1, ( 
 ( #5401, #4993 ),
 ( #639, #2595 ),
 ( #1143, #4960 ),
 ( #5890, #1639 ),
 ( #5484, #3956 ),
 ( #5429, #3557 ),
 ( #669, #212 ),
 ( #4024, #5922 ),
 ( #5458, #1174 ),
 ( #702, #4895 ),
 ( #2626, #2526 ),
 ( #5021, #245 ),
 ( #1204, #3115 ),
 ( #2655, #4051 ),
 ( #4078, #4521 ),
 ( #2144, #732 ),
 ( #273, #2172 ),
 ( #1080, #1545 ),
 ( #3458, #4425 ) ),
 .UNSPECIFIED., .F., .F., .F.,
 ( 4, 1, 1, 1, 1, 1, 1, 1, 1, 1, 1, 1, 1, 1, 1, 1, 4 ),
 ( 2, 2 ),
 ( 0.000000000000000000, 0.06282116080510011247, 0.1238705348889599239, 0.1835541689801073184, 0.2422662914882135199, 0.3012648873502025149, 0.3608466874955849613, 0.4219486999397625837, 0.4847891908580592712, 0.5480139130193512065, 0.6104128761522062963, 0.6725364471512214060, 0.7348288403150814441, 0.7979472548457986480, 0.8629734910039591478, 0.9300195846043561865, 0.9999999999999998890 ),
 ( 0.000000000000000000, 1.000000000000000000 ),
 .UNSPECIFIED. ) ;
#4543 = ORIENTED_EDGE ( 'NONE', *, *, #239, .F. ) ;
#4544 = CARTESIAN_POINT ( 'NONE',  ( -0.09403369370000531913, 0.9009999999999998010, 0.01042244463013075086 ) ) ;
#4545 = CARTESIAN_POINT ( 'NONE',  ( 0.07680797892842947117, 0.9010000000000000231, 0.01890897579672851797 ) ) ;
#4546 = CARTESIAN_POINT ( 'NONE',  ( 0.07842303136518254114, 0.8999999999999998002, -0.004069255259697149990 ) ) ;
#4547 = PRODUCT_DEFINITION_CONTEXT ( 'detailed design', #4780, 'design' ) ;
#4548 = CARTESIAN_POINT ( 'NONE',  ( 0.08768401422291792480, 0.9000000000000000222, 0.02042165176963665896 ) ) ;
#4549 = EDGE_CURVE ( 'NONE', #1851, #3745, #3048, .T. ) ;
#4550 = VERTEX_POINT ( 'NONE', #4731 ) ;
#4551 = CARTESIAN_POINT ( 'NONE',  ( 0.09253443249463705333, 0.9000000000000000222, -0.02815420072200854051 ) ) ;
#4552 = UNCERTAINTY_MEASURE_WITH_UNIT (LENGTH_MEASURE( 1.000000000000000082E-05 ), #5392, 'distance_accuracy_value', 'NONE');
#4553 = CARTESIAN_POINT ( 'NONE',  ( 0.06047655485117372359, 0.9010000000000002451, -0.004049312164759481456 ) ) ;
#4554 = CARTESIAN_POINT ( 'NONE',  ( -0.04236853372675904172, 0.9000000000000003553, 0.007862095635813139485 ) ) ;
#4555 = EDGE_LOOP ( 'NONE', ( #513, #2071, #3500, #1320 ) ) ;
#4556 = FILL_AREA_STYLE_COLOUR ( '', #819 ) ;
#4557 = CARTESIAN_POINT ( 'NONE',  ( 0.02990078085263533914, 0.9010000000000000231, -0.02133406143642727765 ) ) ;
#4558 = CARTESIAN_POINT ( 'NONE',  ( -0.6482627733115841062, 0.000000000000000000, -0.3979999999999999094 ) ) ;
#4559 = CARTESIAN_POINT ( 'NONE',  ( 0.08740622736643191559, 0.9010000000000000231, 0.01671759414978633840 ) ) ;
#4560 = FACE_OUTER_BOUND ( 'NONE', #5761, .T. ) ;
#4561 = CARTESIAN_POINT ( 'NONE',  ( 0.6482627733115838842, 0.000000000000000000, 0.3980000000000000204 ) ) ;
#4562 = SURFACE_SIDE_STYLE ('',( #311 ) ) ;
#4563 = CARTESIAN_POINT ( 'NONE',  ( 0.1322578657903355215, 0.9000000000000000222, -0.02720322731047087120 ) ) ;
#4564 = CARTESIAN_POINT ( 'NONE',  ( 0.1223020606997652776, 0.9010000000000000231, -0.05507727764508545815 ) ) ;
#4565 = CARTESIAN_POINT ( 'NONE',  ( 0.6500000000000000222, 0.9000000000000000222, 0.4000000000000000222 ) ) ;
#4566 = VERTEX_POINT ( 'NONE', #3271 ) ;
#4567 = CARTESIAN_POINT ( 'NONE',  ( 0.1344678464413668340, 0.9000000000000002442, 0.04776594429724828617 ) ) ;
#4568 = VECTOR ( 'NONE', #2025, 1000.000000000000000 ) ;
#4569 = CARTESIAN_POINT ( 'NONE',  ( 0.1111371681579148146, 0.9010000000000000231, -0.03005849693722792079 ) ) ;
#4570 = DIRECTION ( 'NONE',  ( -1.000000000000000000, 0.000000000000000000, 0.000000000000000000 ) ) ;
#4571 = CARTESIAN_POINT ( 'NONE',  ( 0.6482627733115841062, 0.000000000000000000, -0.3979999999999999094 ) ) ;
#4572 = DIRECTION ( 'NONE',  ( -0.000000000000000000, -1.000000000000000000, 0.000000000000000000 ) ) ;
#4573 = CARTESIAN_POINT ( 'NONE',  ( -0.01109077317014957667, 0.9010000000000000231, -0.003706659479375993931 ) ) ;
#4574 = ORIENTED_EDGE ( 'NONE', *, *, #4660, .T. ) ;
#4575 = CARTESIAN_POINT ( 'NONE',  ( 0.6500000000000001332, 0.9000000000000000222, -0.4000000000000000222 ) ) ;
#4576 = CARTESIAN_POINT ( 'NONE',  ( -0.002420755531233757200, 0.9000000000000000222, 0.01565181306640116635 ) ) ;
#4577 = CARTESIAN_POINT ( 'NONE',  ( -0.09502449998746459459, 0.8999999999999999112, -0.02222262539735391645 ) ) ;
#4578 = CARTESIAN_POINT ( 'NONE',  ( -0.002846559562144815314, 0.9000000000000003553, 0.02517180399075242755 ) ) ;
#4579 = ORIENTED_EDGE ( 'NONE', *, *, #1774, .F. ) ;
#4580 = SURFACE_STYLE_USAGE ( .BOTH. , #1149 ) ;
#4581 = CARTESIAN_POINT ( 'NONE',  ( 0.1185644501376800497, 0.8999999999999999112, 0.001667867613053147487 ) ) ;
#4582 = CARTESIAN_POINT ( 'NONE',  ( 0.000000000000000000, 0.002000000000000000042, -0.3980000000000000204 ) ) ;
#4583 = CARTESIAN_POINT ( 'NONE',  ( 0.000000000000000000, 0.000000000000000000, 0.3980000000000000204 ) ) ;
#4584 = CARTESIAN_POINT ( 'NONE',  ( 0.1462549949873704069, 0.9010000000000000231, -0.002899282750661264039 ) ) ;
#4585 = SURFACE_STYLE_FILL_AREA ( #4139 ) ;
#4586 = ORIENTED_EDGE ( 'NONE', *, *, #497, .F. ) ;
#4587 = CARTESIAN_POINT ( 'NONE',  ( -0.08065795944782068461, 0.8999999999999996891, -0.03591469967808750413 ) ) ;
#4588 = FILL_AREA_STYLE ('',( #4971 ) ) ;
#4589 = CARTESIAN_POINT ( 'NONE',  ( 0.6484447241237955017, 0.9000000000000618616, 0.3982103961453940522 ) ) ;
#4590 = CARTESIAN_POINT ( 'NONE',  ( -0.03334697776177321382, 0.9010000000000000231, 0.003897081329273516161 ) ) ;
#4591 = SURFACE_STYLE_FILL_AREA ( #347 ) ;
#4592 = CARTESIAN_POINT ( 'NONE',  ( -0.1100634893770658512, 0.9009999999999999121, 0.05003549220544333681 ) ) ;
#4593 = ORIENTED_EDGE ( 'NONE', *, *, #2822, .T. ) ;
#4594 = STYLED_ITEM ( 'NONE', ( #1612 ), #716 ) ;
#4595 = CARTESIAN_POINT ( 'NONE',  ( 0.1529675590454608047, 0.9000000000000001332, 0.03022892589919315420 ) ) ;
#4596 = CARTESIAN_POINT ( 'NONE',  ( 0.1233027102027686867, 0.9009999999999998010, 0.03207405753280618416 ) ) ;
#4597 = CARTESIAN_POINT ( 'NONE',  ( -0.03328688160792706019, 0.9000000000000000222, 0.03210220953440172387 ) ) ;
#4598 = CARTESIAN_POINT ( 'NONE',  ( 0.1306466384419256443, 0.9010000000000002451, -0.05401506190712170030 ) ) ;
#4599 = UNCERTAINTY_MEASURE_WITH_UNIT (LENGTH_MEASURE( 1.000000000000000082E-05 ), #4385, 'distance_accuracy_value', 'NONE');
#4600 = PLANE ( 'NONE',  #3236 ) ;
#4601 = VERTEX_POINT ( 'NONE', #5168 ) ;
#4602 = FILL_AREA_STYLE ('',( #1794 ) ) ;
#4603 = CARTESIAN_POINT ( 'NONE',  ( -0.03248559955664501175, 0.9010000000000000231, -0.01276958533739315158 ) ) ;
#4604 = CARTESIAN_POINT ( 'NONE',  ( -0.1351498623771578422, 0.9000000000000001332, -0.04147551482457263738 ) ) ;
#4605 = ADVANCED_FACE ( 'NONE', ( #876 ), #4318, .T. ) ;
#4606 = ORIENTED_EDGE ( 'NONE', *, *, #1448, .T. ) ;
#4607 = CARTESIAN_POINT ( 'NONE',  ( -0.1229655040792740628, 0.9000000000000000222, 0.02044542291170237114 ) ) ;
#4608 = CARTESIAN_POINT ( 'NONE',  ( 0.01575616677588616635, 0.8999999999999998002, 0.03145960887674529444 ) ) ;
#4609 = LINE ( 'NONE', #1705, #3628 ) ;
#4610 = SURFACE_STYLE_USAGE ( .BOTH. , #5113 ) ;
#4611 = SURFACE_STYLE_USAGE ( .BOTH. , #1241 ) ;
#4612 = CARTESIAN_POINT ( 'NONE',  ( 0.1356418471000309101, 0.9000000000000004663, -0.05206042531072847812 ) ) ;
#4613 = CARTESIAN_POINT ( 'NONE',  ( 0.03662250692592445428, 0.8999999999999996891, 0.02929533174978218857 ) ) ;
#4614 = CARTESIAN_POINT ( 'NONE',  ( 0.7980000000000000426, 0.002000000000000000042, -0.3980000000000000204 ) ) ;
#4615 = ORIENTED_EDGE ( 'NONE', *, *, #3559, .F. ) ;
#4616 =( NAMED_UNIT ( * ) SI_UNIT ( $, .STERADIAN. ) SOLID_ANGLE_UNIT ( ) );
#4617 = CARTESIAN_POINT ( 'NONE',  ( 0.09324451654763186992, 0.9010000000000000231, 0.03623359924253317932 ) ) ;
#4618 = ADVANCED_FACE ( 'NONE', ( #2395 ), #1109, .T. ) ;
#4619 = CARTESIAN_POINT ( 'NONE',  ( 0.6500000000000000222, 0.8981845218085255933, 0.4000000000000000222 ) ) ;
#4620 = VECTOR ( 'NONE', #453, 1000.000000000000000 ) ;
#4621 = CARTESIAN_POINT ( 'NONE',  ( 0.1130472530074575627, 0.9000000000000000222, 0.001332978765170955530 ) ) ;
#4622 = CARTESIAN_POINT ( 'NONE',  ( -0.03589353398978704923, 0.8999999999999999112, 0.004013886482805383710 ) ) ;
#4623 = FILL_AREA_STYLE_COLOUR ( '', #1996 ) ;
#4624 = CARTESIAN_POINT ( 'NONE',  ( 0.05718222338047136699, 0.8999999999999999112, -0.02752280458400069643 ) ) ;
#4625 = VERTEX_POINT ( 'NONE', #3562 ) ;
#4626 = PRESENTATION_LAYER_ASSIGNMENT (  '', '', ( #4429 ) ) ;
#4627 = AXIS2_PLACEMENT_3D ( 'NONE', #2716, #3655, #5551 ) ;
#4628 = CARTESIAN_POINT ( 'NONE',  ( 0.05943212107049544723, 0.9009999999999999121, -0.01900855553905306597 ) ) ;
#4629 = CARTESIAN_POINT ( 'NONE',  ( 0.7980000000000000426, 0.8979999999999999094, 0.000000000000000000 ) ) ;
#4630 = CARTESIAN_POINT ( 'NONE',  ( -0.03071989591601595113, 0.9000000000000003553, 0.03195215891091236771 ) ) ;
#4631 = CARTESIAN_POINT ( 'NONE',  ( 0.6493908290822001383, 0.0004807192204495583506, -0.3993006867082074529 ) ) ;
#4632 = PRESENTATION_LAYER_ASSIGNMENT (  '', '', ( #4733 ) ) ;
#4633 = ORIENTED_EDGE ( 'NONE', *, *, #1027, .T. ) ;
#4634 = CARTESIAN_POINT ( 'NONE',  ( 0.02892077535816578449, 0.9010000000000000231, -0.01404035714097477162 ) ) ;
#4635 = CARTESIAN_POINT ( 'NONE',  ( 0.07843186839207294536, 0.8999999999999999112, -0.002473110978418791451 ) ) ;
#4636 = ORIENTED_EDGE ( 'NONE', *, *, #1581, .F. ) ;
#4637 = CARTESIAN_POINT ( 'NONE',  ( 0.09614397859980625127, 0.9010000000000003562, -0.04019130273948443716 ) ) ;
#4638 =( NAMED_UNIT ( * ) PLANE_ANGLE_UNIT ( ) SI_UNIT ( $, .RADIAN. ) );
#4639 = CARTESIAN_POINT ( 'NONE',  ( 1.108484219145106087, 0.9000000000000000222, 8.924125261806806511E-17 ) ) ;
#4640 = CARTESIAN_POINT ( 'NONE',  ( 0.09513923709199702261, 0.8999999999999999112, 0.03878399252164615313 ) ) ;
#4641 = VERTEX_POINT ( 'NONE', #4558 ) ;
#4642 = DIRECTION ( 'NONE',  ( 0.000000000000000000, -0.000000000000000000, -1.000000000000000000 ) ) ;
#4643 = CARTESIAN_POINT ( 'NONE',  ( 0.03089616759096265597, 0.9009999999999999121, -0.02517263168873113896 ) ) ;
#4644 = CARTESIAN_POINT ( 'NONE',  ( -0.1358176380709161246, 0.9000000000000000222, -0.04037444852957392666 ) ) ;
#4645 = CARTESIAN_POINT ( 'NONE',  ( 0.1332142363339330338, 0.8999999999999998002, -0.05318706012173094605 ) ) ;
#4646 = CARTESIAN_POINT ( 'NONE',  ( 0.02949606737954797372, 0.9000000000000000222, 0.01459980522673834553 ) ) ;
#4647 = CARTESIAN_POINT ( 'NONE',  ( -0.6482627733115838842, 0.9000000000000000222, 0.3980000000000000204 ) ) ;
#4648 = ORIENTED_EDGE ( 'NONE', *, *, #3280, .F. ) ;
#4649 = CYLINDRICAL_SURFACE ( 'NONE', #4627, 0.001999999999999994404 ) ;
#4650 = CARTESIAN_POINT ( 'NONE',  ( 0.1195095957710018142, 0.9010000000000000231, 0.05002540721166547077 ) ) ;
#4651 = CARTESIAN_POINT ( 'NONE',  ( -0.7980000000000000426, 0.002000000000000000042, -0.3980000000000000204 ) ) ;
#4652 = CARTESIAN_POINT ( 'NONE',  ( 0.1422151178202767374, 0.8999999999999999112, -0.04733617602641596034 ) ) ;
#4653 =( NAMED_UNIT ( * ) PLANE_ANGLE_UNIT ( ) SI_UNIT ( $, .RADIAN. ) );
#4654 = ADVANCED_FACE ( 'NONE', ( #5545 ), #2709, .F. ) ;
#4655 = CARTESIAN_POINT ( 'NONE',  ( 0.05882165385868928786, 0.9000000000000003553, -0.02222262539735391992 ) ) ;
#4656 = ORIENTED_EDGE ( 'NONE', *, *, #1831, .F. ) ;
#4657 = CARTESIAN_POINT ( 'NONE',  ( 0.1292523457261196551, 0.9000000000000001332, 0.03048534464538246724 ) ) ;
#4658 = CARTESIAN_POINT ( 'NONE',  ( 0.07062223978796781931, 0.9010000000000000231, 0.03601904295315424415 ) ) ;
#4659 = CARTESIAN_POINT ( 'NONE',  ( 0.02843186839207294259, 0.9010000000000000231, -0.001331284055341868094 ) ) ;
#4660 = EDGE_CURVE ( 'NONE', #4873, #387, #4609, .T. ) ;
#4661 = ORIENTED_EDGE ( 'NONE', *, *, #408, .F. ) ;
#4662 = CARTESIAN_POINT ( 'NONE',  ( -0.1413768219001632631, 0.9010000000000003562, -0.02516093932430845531 ) ) ;
#4663 =( GEOMETRIC_REPRESENTATION_CONTEXT ( 3 ) GLOBAL_UNCERTAINTY_ASSIGNED_CONTEXT ( ( #5481 ) ) GLOBAL_UNIT_ASSIGNED_CONTEXT ( ( #3505, #5813, #5415 ) ) REPRESENTATION_CONTEXT ( 'NONE', 'WORKASPACE' ) );
#4664 = CARTESIAN_POINT ( 'NONE',  ( -0.6499200829467804974, 0.001373155176714513717, -0.3999083835508948082 ) ) ;
#4665 = EDGE_LOOP ( 'NONE', ( #5283, #1344, #2516, #357, #2786 ) ) ;
#4666 = CARTESIAN_POINT ( 'NONE',  ( 0.09350406578578641936, 0.9009999999999996900, -0.03335670842475401549 ) ) ;
#4667 = CARTESIAN_POINT ( 'NONE',  ( -0.01109077317014957667, 0.9000000000000000222, -0.003706659479375993931 ) ) ;
#4668 = CARTESIAN_POINT ( 'NONE',  ( -0.1118171681393183153, 0.8999999999999998002, 0.05000525472347360639 ) ) ;
#4669 = ORIENTED_EDGE ( 'NONE', *, *, #1359, .T. ) ;
#4670 = PRESENTATION_LAYER_ASSIGNMENT (  '', '', ( #3879 ) ) ;
#4671 = CARTESIAN_POINT ( 'NONE',  ( -0.02110698626011963536, 0.9000000000000001332, 0.01237626568601533396 ) ) ;
#4672 = CARTESIAN_POINT ( 'NONE',  ( -0.1433458788931446792, 0.9000000000000001332, -0.003749255005359788083 ) ) ;
#4673 = CARTESIAN_POINT ( 'NONE',  ( 0.6487064766444698982, 4.904257382554202374E-05, -0.3985126226412293859 ) ) ;
#4674 = CARTESIAN_POINT ( 'NONE',  ( -0.002337362377157837026, 0.9010000000000000231, 0.01892111979081198200 ) ) ;
#4675 = CARTESIAN_POINT ( 'NONE',  ( 0.02866914299098107313, 0.8999999999999998002, 0.007309439108918356146 ) ) ;
#4676 = CARTESIAN_POINT ( 'NONE',  ( 0.000000000000000000, 0.9000000000000000222, 0.000000000000000000 ) ) ;
#4677 = ORIENTED_EDGE ( 'NONE', *, *, #4319, .F. ) ;
#4678 = CARTESIAN_POINT ( 'NONE',  ( 0.1348847435641315484, 0.9010000000000000231, 0.02564919577235347595 ) ) ;
#4679 = CARTESIAN_POINT ( 'NONE',  ( -0.002337362377157837026, 0.8999999999999999112, 0.01892111979081198200 ) ) ;
#4680 = CARTESIAN_POINT ( 'NONE',  ( 0.04626168701168998504, 0.9010000000000003562, 0.03205301768824950215 ) ) ;
#4681 = CARTESIAN_POINT ( 'NONE',  ( 0.1502064263095452823, 0.9000000000000000222, -0.02973160662524388168 ) ) ;
#4682 = CARTESIAN_POINT ( 'NONE',  ( -0.07703817491772442516, 0.9010000000000003562, 0.01890897579672853185 ) ) ;
#4683 = CARTESIAN_POINT ( 'NONE',  ( -0.07542383589220694184, 0.9000000000000002442, -0.0008569971373132183800 ) ) ;
#4684 = ADVANCED_FACE ( 'NONE', ( #5489 ), #5376, .T. ) ;
#4685 = ORIENTED_EDGE ( 'NONE', *, *, #5577, .F. ) ;
#4686 = CARTESIAN_POINT ( 'NONE',  ( -0.04221171306209693663, 0.9000000000000000222, 0.02805372420993976212 ) ) ;
#4687 = VECTOR ( 'NONE', #5815, 1000.000000000000000 ) ;
#4688 = CARTESIAN_POINT ( 'NONE',  ( 0.1373849539460993974, 0.8999999999999998002, 0.01898968852012839978 ) ) ;
#4689 = CARTESIAN_POINT ( 'NONE',  ( -0.09863440365108787355, 0.9010000000000001341, 0.02577254636336517163 ) ) ;
#4690 = CARTESIAN_POINT ( 'NONE',  ( 0.1164628270112569031, 0.9009999999999999121, -0.01562456911195958704 ) ) ;
#4691 = CARTESIAN_POINT ( 'NONE',  ( -0.03402995676565412353, 0.9000000000000000222, 0.05002882076850426185 ) ) ;
#4692 = CIRCLE ( 'NONE', #4898, 0.6084470225131334287 ) ;
#4693 = ORIENTED_EDGE ( 'NONE', *, *, #2575, .T. ) ;
#4694 = CARTESIAN_POINT ( 'NONE',  ( 0.1534569355146809533, 0.9000000000000000222, 0.007080212985275748799 ) ) ;
#4695 = CARTESIAN_POINT ( 'NONE',  ( 0.1295061891827128941, 0.9009999999999999121, -0.03449535776333498976 ) ) ;
#4696 = ORIENTED_EDGE ( 'NONE', *, *, #2782, .F. ) ;
#4697 =( GEOMETRIC_REPRESENTATION_CONTEXT ( 3 ) GLOBAL_UNCERTAINTY_ASSIGNED_CONTEXT ( ( #5360 ) ) GLOBAL_UNIT_ASSIGNED_CONTEXT ( ( #1268, #220, #4057 ) ) REPRESENTATION_CONTEXT ( 'NONE', 'WORKASPACE' ) );
#4698 = CARTESIAN_POINT ( 'NONE',  ( 0.09969443613472260546, 0.9010000000000001341, -0.04521764724465852231 ) ) ;
#4699 = CARTESIAN_POINT ( 'NONE',  ( 0.1206154029326597932, 0.9010000000000000231, 0.03205752690576563202 ) ) ;
#4700 = SURFACE_STYLE_FILL_AREA ( #2792 ) ;
#4701 = ORIENTED_EDGE ( 'NONE', *, *, #4142, .F. ) ;
#4702 = ORIENTED_EDGE ( 'NONE', *, *, #5292, .F. ) ;
#4703 = DIRECTION ( 'NONE',  ( -0.000000000000000000, 1.000000000000000000, -0.000000000000000000 ) ) ;
#4704 = FACE_OUTER_BOUND ( 'NONE', #6013, .T. ) ;
#4705 = CARTESIAN_POINT ( 'NONE',  ( 0.6500000000000001332, 0.8979999999999999094, -0.4000000000000000222 ) ) ;
#4706 = DIRECTION ( 'NONE',  ( 0.000000000000000000, 1.000000000000000000, -0.000000000000000000 ) ) ;
#4707 = CARTESIAN_POINT ( 'NONE',  ( -0.1351498623771578422, 0.9010000000000000231, -0.04147551482457263738 ) ) ;
#4708 = DIRECTION ( 'NONE',  ( -0.000000000000000000, -1.000000000000000000, -0.000000000000000000 ) ) ;
#4709 = EDGE_LOOP ( 'NONE', ( #838, #5501, #4173, #72 ) ) ;
#4710 = FILL_AREA_STYLE ('',( #1336 ) ) ;
#4711 = CARTESIAN_POINT ( 'NONE',  ( 0.1292523457261196551, 0.9010000000000001341, 0.03048534464538246724 ) ) ;
#4712 = CARTESIAN_POINT ( 'NONE',  ( 0.04467786198181654400, 0.8999999999999998002, 0.05005092748311968515 ) ) ;
#4713 = CARTESIAN_POINT ( 'NONE',  ( 0.05215385959582016784, 0.9010000000000001341, 0.02942924365035958986 ) ) ;
#4714 = CARTESIAN_POINT ( 'NONE',  ( -0.07643036230800094588, 0.9000000000000000222, 0.01516769326465639695 ) ) ;
#4715 = VERTEX_POINT ( 'NONE', #501 ) ;
#4716 = CARTESIAN_POINT ( 'NONE',  ( 0.04459773377668834610, 0.9010000000000000231, -0.03712855969636751075 ) ) ;
#4717 = AXIS2_PLACEMENT_3D ( 'NONE', #420, #1354, #484 ) ;
#4718 = CARTESIAN_POINT ( 'NONE',  ( 0.1431036831357081485, 0.9010000000000000231, 0.04289793241576062705 ) ) ;
#4719 = CARTESIAN_POINT ( 'NONE',  ( 0.07062223978796781931, 0.8999999999999998002, 0.03601904295315424415 ) ) ;
#4720 = CARTESIAN_POINT ( 'NONE',  ( 0.1002067081356627226, 0.9010000000000000231, -0.04578240585021366854 ) ) ;
#4721 = PRESENTATION_STYLE_ASSIGNMENT (( #899 ) ) ;
#4722 =( GEOMETRIC_REPRESENTATION_CONTEXT ( 3 ) GLOBAL_UNCERTAINTY_ASSIGNED_CONTEXT ( ( #730 ) ) GLOBAL_UNIT_ASSIGNED_CONTEXT ( ( #1179, #4525, #302 ) ) REPRESENTATION_CONTEXT ( 'NONE', 'WORKASPACE' ) );
#4723 = VECTOR ( 'NONE', #4806, 1000.000000000000000 ) ;
#4724 = VERTEX_POINT ( 'NONE', #1089 ) ;
#4725 = AXIS2_PLACEMENT_3D ( 'NONE', #5931, #3090, #2632 ) ;
#4726 = CARTESIAN_POINT ( 'NONE',  ( -0.1388313506760101013, 0.9009999999999999121, -0.03422900812207960164 ) ) ;
#4727 = CARTESIAN_POINT ( 'NONE',  ( -0.6482627733115841062, 0.000000000000000000, -0.3979999999999999094 ) ) ;
#4728 = EDGE_LOOP ( 'NONE', ( #1262, #717, #3275, #3817 ) ) ;
#4729 = PRESENTATION_LAYER_ASSIGNMENT (  '', '', ( #2936 ) ) ;
#4730 = DIRECTION ( 'NONE',  ( -1.000000000000000000, 0.000000000000000000, 0.000000000000000000 ) ) ;
#4731 = CARTESIAN_POINT ( 'NONE',  ( 0.07843186839207294536, 0.8999999999999999112, -0.002473110978418791451 ) ) ;
#4732 = EDGE_CURVE ( 'NONE', #566, #3859, #1998, .T. ) ;
#4733 = STYLED_ITEM ( 'NONE', ( #817 ), #3637 ) ;
#4734 = ORIENTED_EDGE ( 'NONE', *, *, #1874, .T. ) ;
#4735 = CARTESIAN_POINT ( 'NONE',  ( -0.6482627733115838842, 0.9000000000000000222, 0.3980000000000000204 ) ) ;
#4736 = DIRECTION ( 'NONE',  ( -1.000000000000000000, 0.000000000000000000, -0.000000000000000000 ) ) ;
#4737 = CARTESIAN_POINT ( 'NONE',  ( -0.1173762331341252768, 0.9010000000000001341, -0.05432422426270085147 ) ) ;
#4738 = UNCERTAINTY_MEASURE_WITH_UNIT (LENGTH_MEASURE( 1.000000000000000082E-05 ), #1960, 'distance_accuracy_value', 'NONE');
#4739 = CARTESIAN_POINT ( 'NONE',  ( -0.009189569986831002193, 0.9010000000000000231, 0.03872527550681500313 ) ) ;
#4740 =( NAMED_UNIT ( * ) PLANE_ANGLE_UNIT ( ) SI_UNIT ( $, .RADIAN. ) );
#4741 = DIRECTION ( 'NONE',  ( 1.000000000000000000, 0.000000000000000000, -0.000000000000000000 ) ) ;
#4742 = CARTESIAN_POINT ( 'NONE',  ( -0.6498293095714809953, 0.8988790567966677969, 0.3998042847562122692 ) ) ;
#4743 = ADVANCED_FACE ( 'NONE', ( #4368 ), #2955, .T. ) ;
#4744 = CARTESIAN_POINT ( 'NONE',  ( -0.06355739415806824222, 0.9000000000000001332, 0.01408194306874738407 ) ) ;
#4745 = CARTESIAN_POINT ( 'NONE',  ( 0.1264198771485275929, 0.9009999999999998010, 0.03152726913651421325 ) ) ;
#4746 = FILL_AREA_STYLE ('',( #3781 ) ) ;
#4747 = CARTESIAN_POINT ( 'NONE',  ( 0.03025269103666839224, 0.8999999999999994671, 0.04714262068267498218 ) ) ;
#4748 = CARTESIAN_POINT ( 'NONE',  ( 0.000000000000000000, 0.8979999999999999094, 0.3980000000000000204 ) ) ;
#4749 = CARTESIAN_POINT ( 'NONE',  ( -0.1417662812880069179, 0.8999999999999999112, 0.01952557634894604155 ) ) ;
#4750 = VERTEX_POINT ( 'NONE', #4405 ) ;
#4751 = CARTESIAN_POINT ( 'NONE',  ( 0.04795773737532316866, 0.9009999999999998010, -0.03670556409641050760 ) ) ;
#4752 = CARTESIAN_POINT ( 'NONE',  ( 0.6494607962347299646, 0.8994465534612138269, -0.3993811167605287871 ) ) ;
#4753 = CARTESIAN_POINT ( 'NONE',  ( 0.04557308365757199026, 0.8999999999999999112, 0.05003578430712354863 ) ) ;
#4754 = CARTESIAN_POINT ( 'NONE',  ( -0.1413768219001632631, 0.9010000000000003562, -0.02516093932430845531 ) ) ;
#4755 = B_SPLINE_CURVE_WITH_KNOTS ( 'NONE', 3,
 ( #3324, #3826, #5221, #385, #476, #1912, #1445, #3355, #2854, #937, #2887, #5631, #4694, #2389, #5662, #4280, #3298, #5162, #5 ),
 .UNSPECIFIED., .F., .F.,
 ( 4, 1, 1, 1, 1, 1, 1, 1, 1, 1, 1, 1, 1, 1, 1, 1, 4 ),
 ( 0.000000000000000000, 0.06622147296504658776, 0.1301222241928454426, 0.1929218896442584374, 0.2547641743082541543, 0.3157567810544731901, 0.3763028430934008961, 0.4368144190490078627, 0.4981681590965026940, 0.5595162284808273823, 0.6202430211536017479, 0.6809698138263761136, 0.7423490653749127421, 0.8045838965925342645, 0.8681023975450437025, 0.9333073801795226387, 1.000000000000000000 ),
 .UNSPECIFIED. ) ;
#4756 = ORIENTED_EDGE ( 'NONE', *, *, #3021, .T. ) ;
#4757 = CARTESIAN_POINT ( 'NONE',  ( -0.1358176380709161246, 0.8999999999999998002, -0.04037444852957392666 ) ) ;
#4758 = CARTESIAN_POINT ( 'NONE',  ( -0.6497883585563699604, 0.001045038951370650098, -0.3997572847167403798 ) ) ;
#4759 = CARTESIAN_POINT ( 'NONE',  ( 0.1311379873022755771, 0.9000000000000000222, 0.006067508936054320963 ) ) ;
#4760 = ORIENTED_EDGE ( 'NONE', *, *, #2322, .T. ) ;
#4761 = CARTESIAN_POINT ( 'NONE',  ( 0.1256193757177496428, 0.8999999999999999112, 0.003243635187116144115 ) ) ;
#4762 = CARTESIAN_POINT ( 'NONE',  ( -0.06029456929343916111, 0.9010000000000001341, 0.003321936098264535123 ) ) ;
#4763 = LINE ( 'NONE', #2331, #4620 ) ;
#4764 = AXIS2_PLACEMENT_3D ( 'NONE', #729, #2653, #5399 ) ;
#4765 = ORIENTED_EDGE ( 'NONE', *, *, #111, .F. ) ;
#4766 =( NAMED_UNIT ( * ) PLANE_ANGLE_UNIT ( ) SI_UNIT ( $, .RADIAN. ) );
#4767 = CARTESIAN_POINT ( 'NONE',  ( -0.03589353398978704923, 0.9010000000000000231, 0.004013886482805383710 ) ) ;
#4768 = CARTESIAN_POINT ( 'NONE',  ( 0.1098232459429742403, 0.9009999999999998010, 0.02730831124737345336 ) ) ;
#4769 = DIRECTION ( 'NONE',  ( 1.000000000000000000, -0.000000000000000000, 0.000000000000000000 ) ) ;
#4770 = CARTESIAN_POINT ( 'NONE',  ( 0.6494607962347300756, 0.0005534465387861254963, -0.3993811167605288426 ) ) ;
#4771 = DIRECTION ( 'NONE',  ( 0.000000000000000000, 0.000000000000000000, 1.000000000000000000 ) ) ;
#4772 = CARTESIAN_POINT ( 'NONE',  ( -0.1224099578850500886, 0.9000000000000001332, -0.02686393787373946018 ) ) ;
#4773 = CARTESIAN_POINT ( 'NONE',  ( -0.03248559955664501175, 0.9010000000000000231, -0.01276958533739315158 ) ) ;
#4774 = STYLED_ITEM ( 'NONE', ( #1165 ), #2451 ) ;
#4775 = CARTESIAN_POINT ( 'NONE',  ( -0.07955233121978194655, 0.8999999999999993561, -0.03322218005148537545 ) ) ;
#4776 = CARTESIAN_POINT ( 'NONE',  ( 0.1048354436553894653, 0.9010000000000002451, -0.04987734265222906749 ) ) ;
#4777 = SURFACE_STYLE_FILL_AREA ( #4746 ) ;
#4778 = EDGE_CURVE ( 'NONE', #4413, #5602, #5309, .T. ) ;
#4779 = CARTESIAN_POINT ( 'NONE',  ( 0.02449888250803760811, 0.9010000000000001341, 0.04343766765440036648 ) ) ;
#4780 = APPLICATION_CONTEXT ( 'automotive_design' ) ;
#4781 = CARTESIAN_POINT ( 'NONE',  ( -0.08071605463093385613, 0.9000000000000001332, 0.03120962677902499455 ) ) ;
#4782 = CARTESIAN_POINT ( 'NONE',  ( -0.1380899870702676779, 0.8999999999999999112, 0.03145960887674530831 ) ) ;
#4783 = ORIENTED_EDGE ( 'NONE', *, *, #4778, .F. ) ;
#4784 = CARTESIAN_POINT ( 'NONE',  ( -0.08318382382979840062, 0.8999999999999998002, -0.04074124499085628875 ) ) ;
#4785 = CARTESIAN_POINT ( 'NONE',  ( 0.1375099794762552619, 0.9010000000000001341, 0.04643847573952248481 ) ) ;
#4786 = CARTESIAN_POINT ( 'NONE',  ( 0.07422903505129933854, 0.8999999999999996891, 0.02851237849927955662 ) ) ;
#4787 = CARTESIAN_POINT ( 'NONE',  ( 0.1262585958869498759, 0.9000000000000001332, -0.03654294513051992155 ) ) ;
#4788 = CARTESIAN_POINT ( 'NONE',  ( -0.09291234116942015397, 0.9000000000000000222, 0.04609433629878718214 ) ) ;
#4789 = ORIENTED_EDGE ( 'NONE', *, *, #2072, .F. ) ;
#4790 = CARTESIAN_POINT ( 'NONE',  ( 0.1307331447605163954, 0.9010000000000004672, -0.03307506954330457355 ) ) ;
#4791 = VERTEX_POINT ( 'NONE', #588 ) ;
#4792 = DIRECTION ( 'NONE',  ( 0.000000000000000000, 0.000000000000000000, 1.000000000000000000 ) ) ;
#4793 = VECTOR ( 'NONE', #5009, 1000.000000000000000 ) ;
#4794 =( NAMED_UNIT ( * ) SI_UNIT ( $, .STERADIAN. ) SOLID_ANGLE_UNIT ( ) );
#4795 = B_SPLINE_SURFACE_WITH_KNOTS ( 'NONE', 3, 1, ( 
 ( #4518, #4075 ),
 ( #1635, #241 ),
 ( #295, #663 ),
 ( #4486, #1230 ),
 ( #5074, #5979 ),
 ( #3518, #753 ),
 ( #4103, #2141 ),
 ( #1608, #2236 ),
 ( #3642, #5426 ),
 ( #3554, #1170 ),
 ( #6009, #1139 ) ),
 .UNSPECIFIED., .F., .F., .F.,
 ( 4, 1, 1, 1, 1, 1, 1, 1, 4 ),
 ( 2, 2 ),
 ( 0.000000000000000000, 0.1354037467141837592, 0.2622251654516489783, 0.3858490677562557147, 0.5108573636088598047, 0.6349774647635284541, 0.7532990766584847231, 0.8739320409395670008, 1.000000000000000000 ),
 ( 0.000000000000000000, 1.000000000000000000 ),
 .UNSPECIFIED. ) ;
#4796 = ORIENTED_EDGE ( 'NONE', *, *, #2672, .T. ) ;
#4797 = CARTESIAN_POINT ( 'NONE',  ( 0.01246933194599060893, 0.9010000000000002451, -0.02516093932430846919 ) ) ;
#4798 = CARTESIAN_POINT ( 'NONE',  ( 0.1156986244825154719, 0.9000000000000000222, 0.03126246037245813264 ) ) ;
#4799 = CARTESIAN_POINT ( 'NONE',  ( 0.1373990654742242024, 0.9000000000000000222, 0.01800075059040279549 ) ) ;
#4800 = UNCERTAINTY_MEASURE_WITH_UNIT (LENGTH_MEASURE( 1.000000000000000082E-05 ), #2890, 'distance_accuracy_value', 'NONE');
#4801 = CARTESIAN_POINT ( 'NONE',  ( -0.02986221561205548020, 0.9010000000000000231, 0.04997075455477222039 ) ) ;
#4802 = EDGE_CURVE ( 'NONE', #2328, #162, #994, .T. ) ;
#4803 = DIRECTION ( 'NONE',  ( -0.000000000000000000, 0.000000000000000000, 1.000000000000000000 ) ) ;
#4804 = CARTESIAN_POINT ( 'NONE',  ( 0.1130972749022312318, 0.9000000000000000222, 0.03005346915413797601 ) ) ;
#4805 = CARTESIAN_POINT ( 'NONE',  ( -0.06383450055734651851, 0.8999999999999999112, 0.01643050441511978085 ) ) ;
#4806 = DIRECTION ( 'NONE',  ( -0.000000000000000000, -1.000000000000000000, -0.000000000000000000 ) ) ;
#4807 = CARTESIAN_POINT ( 'NONE',  ( -0.1410553555008579873, 0.9010000000000001341, 0.02291271037115825970 ) ) ;
#4808 = CARTESIAN_POINT ( 'NONE',  ( 0.05555526582797038621, 0.9000000000000000222, 0.02523121594465813772 ) ) ;
#4809 = CARTESIAN_POINT ( 'NONE',  ( -0.07961711879485451615, 0.8999999999999999112, 0.02851237849927956008 ) ) ;
#4810 = CARTESIAN_POINT ( 'NONE',  ( -0.1293472713381162154, 0.8999999999999995781, 0.04343766765440031791 ) ) ;
#4811 = EDGE_CURVE ( 'NONE', #1005, #1598, #4986, .T. ) ;
#4812 = CARTESIAN_POINT ( 'NONE',  ( 0.6499341210850061445, 0.001455582122423684441, 0.3999244763379541934 ) ) ;
#4813 = VERTEX_POINT ( 'NONE', #2573 ) ;
#4814 = SPHERICAL_SURFACE ( 'NONE', #1229, 0.002000000000000000042 ) ;
#4815 = CARTESIAN_POINT ( 'NONE',  ( 0.1373990654742242024, 0.9010000000000000231, 0.01800075059040279549 ) ) ;
#4816 = CARTESIAN_POINT ( 'NONE',  ( 0.07741579153815290881, 0.8999999999999999112, 0.01516769326465640562 ) ) ;
#4817 = CARTESIAN_POINT ( 'NONE',  ( 0.1316482202687332959, 0.8999999999999999112, -0.03145389591487036951 ) ) ;
#4818 =( NAMED_UNIT ( * ) PLANE_ANGLE_UNIT ( ) SI_UNIT ( $, .RADIAN. ) );
#4819 = ORIENTED_EDGE ( 'NONE', *, *, #2015, .T. ) ;
#4820 = CARTESIAN_POINT ( 'NONE',  ( -0.09983184325618134347, 0.9009999999999998010, -0.05377069934923398714 ) ) ;
#4821 = VERTEX_POINT ( 'NONE', #5466 ) ;
#4822 = DIRECTION ( 'NONE',  ( 0.000000000000000000, -0.000000000000000000, 1.000000000000000000 ) ) ;
#4823 = CARTESIAN_POINT ( 'NONE',  ( -0.1253138051638637562, 0.9010000000000000231, -0.008090439956129283003 ) ) ;
#4824 =( GEOMETRIC_REPRESENTATION_CONTEXT ( 3 ) GLOBAL_UNCERTAINTY_ASSIGNED_CONTEXT ( ( #6158 ) ) GLOBAL_UNIT_ASSIGNED_CONTEXT ( ( #5946, #1274, #5089 ) ) REPRESENTATION_CONTEXT ( 'NONE', 'WORKASPACE' ) );
#4825 =( GEOMETRIC_REPRESENTATION_CONTEXT ( 3 ) GLOBAL_UNCERTAINTY_ASSIGNED_CONTEXT ( ( #117 ) ) GLOBAL_UNIT_ASSIGNED_CONTEXT ( ( #5146, #4740, #5643 ) ) REPRESENTATION_CONTEXT ( 'NONE', 'WORKASPACE' ) );
#4826 = ORIENTED_EDGE ( 'NONE', *, *, #2822, .F. ) ;
#4827 = COLOUR_RGB ( '',0.9411764705882352811, 0.9411764705882352811, 0.9411764705882352811 ) ;
#4828 = VECTOR ( 'NONE', #6171, 1000.000000000000000 ) ;
#4829 = CARTESIAN_POINT ( 'NONE',  ( -0.05634377263356808718, 0.9000000000000000222, -0.005157405850213663684 ) ) ;
#4830 = CARTESIAN_POINT ( 'NONE',  ( 0.1206154029326597932, 0.9010000000000000231, 0.03205752690576563202 ) ) ;
#4831 = FILL_AREA_STYLE_COLOUR ( '', #2584 ) ;
#4832 = CARTESIAN_POINT ( 'NONE',  ( 0.09725916972808303085, 0.9010000000000002451, 0.04113344901638305018 ) ) ;
#4833 = CARTESIAN_POINT ( 'NONE',  ( 0.03804878679606268910, 0.9000000000000001332, 0.03032522652347440992 ) ) ;
#4834 = PRESENTATION_LAYER_ASSIGNMENT (  '', '', ( #4329 ) ) ;
#4835 = CARTESIAN_POINT ( 'NONE',  ( -0.07641386399175892352, 0.8999999999999996891, -0.01996003725395848263 ) ) ;
#4836 = CARTESIAN_POINT ( 'NONE',  ( 0.02951136092847858952, 0.9000000000000001332, -0.01911985382351149426 ) ) ;
#4837 = CARTESIAN_POINT ( 'NONE',  ( -0.07703817491772442516, 0.9010000000000003562, 0.01890897579672853185 ) ) ;
#4838 = FACE_OUTER_BOUND ( 'NONE', #1236, .T. ) ;
#4839 = CARTESIAN_POINT ( 'NONE',  ( 0.1133980733892724635, 0.9009999999999998010, -0.03333872536719770935 ) ) ;
#4840 = CARTESIAN_POINT ( 'NONE',  ( -0.1168418650589180818, 0.9000000000000000222, 0.04933522291535231974 ) ) ;
#4841 = CARTESIAN_POINT ( 'NONE',  ( -0.06386207497362006436, 0.8999999999999999112, 0.01799888276115502173 ) ) ;
#4842 = EDGE_LOOP ( 'NONE', ( #1836, #3916, #384, #861, #5149, #3103, #5471, #2793, #5411, #4102, #3792, #1936, #4283, #1787, #3877, #2704 ) ) ;
#4843 = CARTESIAN_POINT ( 'NONE',  ( 0.1164628270112569031, 0.8999999999999999112, -0.01562456911195958704 ) ) ;
#4844 = CARTESIAN_POINT ( 'NONE',  ( -0.6499341210850063666, 0.8985444178775763291, -0.3999244763379541934 ) ) ;
#4845 = CARTESIAN_POINT ( 'NONE',  ( -0.1173762331341252768, 0.9000000000000001332, -0.05432422426270085147 ) ) ;
#4846 = VERTEX_POINT ( 'NONE', #4469 ) ;
#4847 = ORIENTED_EDGE ( 'NONE', *, *, #4811, .T. ) ;
#4848 = CARTESIAN_POINT ( 'NONE',  ( -0.6498916632236225732, 0.001283495497011658340, -0.3998757945051259477 ) ) ;
#4849 = EDGE_LOOP ( 'NONE', ( #625, #1524, #407, #4314 ) ) ;
#4850 = FACE_OUTER_BOUND ( 'NONE', #5745, .T. ) ;
#4851 = CARTESIAN_POINT ( 'NONE',  ( -0.8000000000000001554, 0.8979999999999999094, -0.4000000000000000222 ) ) ;
#4852 = SURFACE_STYLE_FILL_AREA ( #3950 ) ;
#4853 = EDGE_CURVE ( 'NONE', #1355, #5318, #2454, .T. ) ;
#4854 = CARTESIAN_POINT ( 'NONE',  ( -0.1243347929176753242, 0.9010000000000002451, -0.01911985382351150120 ) ) ;
#4855 = CARTESIAN_POINT ( 'NONE',  ( 0.6498293095714811063, 0.8988790567966676859, -0.3998042847562123248 ) ) ;
#4856 = CARTESIAN_POINT ( 'NONE',  ( -0.1109859986821529476, 0.9009999999999999121, 0.03202971572816053214 ) ) ;
#4857 = CARTESIAN_POINT ( 'NONE',  ( -0.1328552766680482222, 0.9010000000000000231, -0.04467211360022623617 ) ) ;
#4858 = CARTESIAN_POINT ( 'NONE',  ( -0.6500000000000000222, 0.9000000000000000222, 0.3980000000000000204 ) ) ;
#4859 = UNCERTAINTY_MEASURE_WITH_UNIT (LENGTH_MEASURE( 1.000000000000000082E-05 ), #1509, 'distance_accuracy_value', 'NONE');
#4860 = CARTESIAN_POINT ( 'NONE',  ( 0.04024213461552912652, 0.9000000000000000222, -0.05494696498555177999 ) ) ;
#4861 = VECTOR ( 'NONE', #5132, 1000.000000000000000 ) ;
#4862 = CARTESIAN_POINT ( 'NONE',  ( 0.06771593466594856559, 0.9009999999999999121, -0.04486961594020563021 ) ) ;
#4863 = FILL_AREA_STYLE ('',( #2901 ) ) ;
#4864 = CARTESIAN_POINT ( 'NONE',  ( -0.07856367496635910386, 0.9010000000000001341, -0.03030162933954572840 ) ) ;
#4865 = B_SPLINE_CURVE_WITH_KNOTS ( 'NONE', 3,
 ( #852, #5645, #5676, #4232, #3338, #4742, #5239, #524, #951, #6131, #3369, #5270, #2870, #1361, #1392, #462 ),
 .UNSPECIFIED., .F., .F.,
 ( 4, 3, 3, 3, 3, 4 ),
 ( 0.000000000000000000, 5.535654255783207715E-07, 1.103371656382767609E-06, 1.847285420013885334E-06, 2.821060109827663006E-06, 3.653927284468967147E-06 ),
 .UNSPECIFIED. ) ;
#4866 = VECTOR ( 'NONE', #3315, 1000.000000000000000 ) ;
#4867 = CARTESIAN_POINT ( 'NONE',  ( -0.6482627733115841062, 0.000000000000000000, -0.3979999999999999094 ) ) ;
#4868 = CARTESIAN_POINT ( 'NONE',  ( 0.01365865554115372818, 0.8999999999999996891, 0.02601360862749352645 ) ) ;
#4869 =( NAMED_UNIT ( * ) PLANE_ANGLE_UNIT ( ) SI_UNIT ( $, .RADIAN. ) );
#4870 = MECHANICAL_DESIGN_GEOMETRIC_PRESENTATION_REPRESENTATION (  '', ( #2175 ), #2880 ) ;
#4871 = DIRECTION ( 'NONE',  ( -0.000000000000000000, -1.000000000000000000, -0.000000000000000000 ) ) ;
#4872 = CARTESIAN_POINT ( 'NONE',  ( -0.05673308842153384352, 0.9000000000000001332, -0.004363782507661531813 ) ) ;
#4873 = VERTEX_POINT ( 'NONE', #2186 ) ;
#4874 = CARTESIAN_POINT ( 'NONE',  ( -0.1045960826406048677, 0.8999999999999994671, -0.05476435226409975127 ) ) ;
#4875 = VECTOR ( 'NONE', #1305, 1000.000000000000000 ) ;
#4876 = CARTESIAN_POINT ( 'NONE',  ( 0.1553380122158606602, 0.9010000000000000231, 0.01692411460207001242 ) ) ;
#4877 = CARTESIAN_POINT ( 'NONE',  ( 0.1101055616635366330, 0.9000000000000001332, -0.05279604689752829400 ) ) ;
#4878 = CARTESIAN_POINT ( 'NONE',  ( -0.6482627733115841062, 0.9000000000000000222, -0.3979999999999999094 ) ) ;
#4879 = EDGE_CURVE ( 'NONE', #3745, #5220, #943, .T. ) ;
#4880 = CARTESIAN_POINT ( 'NONE',  ( -0.03294633673613218960, 0.9010000000000000231, 0.05005092748311967821 ) ) ;
#4881 = ORIENTED_EDGE ( 'NONE', *, *, #4549, .F. ) ;
#4882 = ORIENTED_EDGE ( 'NONE', *, *, #5956, .F. ) ;
#4883 = CARTESIAN_POINT ( 'NONE',  ( -0.1096891251976706561, 0.9010000000000000231, -0.05507727764508545815 ) ) ;
#4884 = CARTESIAN_POINT ( 'NONE',  ( -0.6487064766444696762, 4.904257382561321517E-05, 0.3985126226412294415 ) ) ;
#4885 = CARTESIAN_POINT ( 'NONE',  ( -0.03248559955664501175, 0.9010000000000000231, -0.01276958533739315158 ) ) ;
#4886 = FILL_AREA_STYLE ('',( #1010 ) ) ;
#4887 = CARTESIAN_POINT ( 'NONE',  ( -0.7980000000000000426, 0.9000000000000000222, 0.4000000000000000222 ) ) ;
#4888 = CARTESIAN_POINT ( 'NONE',  ( 0.06046097396404562230, 0.8999999999999999112, -0.05097231666860017191 ) ) ;
#4889 = ADVANCED_FACE ( 'NONE', ( #3620 ), #1212, .T. ) ;
#4890 = AXIS2_PLACEMENT_3D ( 'NONE', #1501, #1408, #5314 ) ;
#4891 = CARTESIAN_POINT ( 'NONE',  ( 0.01802851577523773702, 0.8999999999999996891, -0.04037444852957392666 ) ) ;
#4892 = PRESENTATION_STYLE_ASSIGNMENT (( #116 ) ) ;
#4893 = CARTESIAN_POINT ( 'NONE',  ( -0.1243500864666059191, 0.9000000000000001332, 0.01459980522673835074 ) ) ;
#4894 = CARTESIAN_POINT ( 'NONE',  ( 0.09324451654763186992, 0.8999999999999999112, 0.03623359924253317932 ) ) ;
#4895 = CARTESIAN_POINT ( 'NONE',  ( 0.1456135918546931640, 0.9000000000000000222, 0.04070014308304330947 ) ) ;
#4896 = CARTESIAN_POINT ( 'NONE',  ( 0.04459773377668834610, 0.9010000000000000231, 0.03210220953440172387 ) ) ;
#4897 = CARTESIAN_POINT ( 'NONE',  ( -0.02084147635063435949, 0.9010000000000000231, -0.01056001686943724809 ) ) ;
#4898 = AXIS2_PLACEMENT_3D ( 'NONE', #5576, #2173, #1640 ) ;
#4899 = FILL_AREA_STYLE ('',( #2531 ) ) ;
#4900 = DIRECTION ( 'NONE',  ( -0.000000000000000000, 0.000000000000000000, -1.000000000000000000 ) ) ;
#4901 = B_SPLINE_SURFACE_WITH_KNOTS ( 'NONE', 3, 1, ( 
 ( #4564, #2721 ),
 ( #346, #3658 ),
 ( #6085, #4146 ),
 ( #1308, #1780 ),
 ( #285, #2189 ),
 ( #741, #2666 ),
 ( #1714, #3690 ),
 ( #5034, #1810 ),
 ( #4092, #2748 ),
 ( #3723, #4652 ),
 ( #5619, #1342 ),
 ( #5006, #713 ),
 ( #2638, #5998 ),
 ( #3624, #3157 ),
 ( #5062, #5651 ),
 ( #3750, #858 ),
 ( #3254, #5153 ),
 ( #2316, #4681 ),
 ( #2777, #404 ) ),
 .UNSPECIFIED., .F., .F., .F.,
 ( 4, 1, 1, 1, 1, 1, 1, 1, 1, 1, 1, 1, 1, 1, 1, 1, 4 ),
 ( 2, 2 ),
 ( 0.000000000000000000, 0.06821391069664131668, 0.1340948027129805764, 0.1982856151357148267, 0.2611601861891397203, 0.3236346542898935752, 0.3863667501562177975, 0.4496423858959014974, 0.5142449020307917618, 0.5784133384205223383, 0.6403746860373719096, 0.7006148497351880611, 0.7601039771708680837, 0.8192989800104282239, 0.8784659836354113960, 0.9383604016893761779, 1.000000000000000000 ),
 ( 0.000000000000000000, 1.000000000000000000 ),
 .UNSPECIFIED. ) ;
#4902 = CARTESIAN_POINT ( 'NONE',  ( 0.04459773377668834610, 0.9010000000000000231, 0.03210220953440172387 ) ) ;
#4903 = CARTESIAN_POINT ( 'NONE',  ( 0.01825182565716772579, 0.9010000000000002451, 0.03613718381239957450 ) ) ;
#4904 = DIRECTION ( 'NONE',  ( -0.000000000000000000, 1.000000000000000000, -2.435219723356120101E-14 ) ) ;
#4905 = CARTESIAN_POINT ( 'NONE',  ( 0.1149019944265814025, 0.9010000000000003562, -0.03466037262701119476 ) ) ;
#4906 = CARTESIAN_POINT ( 'NONE',  ( -0.06163879399251287472, 0.9010000000000001341, 0.006638098103616060439 ) ) ;
#4907 = ORIENTED_EDGE ( 'NONE', *, *, #5452, .F. ) ;
#4908 = CARTESIAN_POINT ( 'NONE',  ( 0.000000000000000000, 0.9000000000000000222, 0.000000000000000000 ) ) ;
#4909 = CARTESIAN_POINT ( 'NONE',  ( 0.6500000000000000222, 0.002000000000000048614, 0.4000000000000000222 ) ) ;
#4910 = CARTESIAN_POINT ( 'NONE',  ( -0.6499767431879638346, 0.8983716655620603841, -0.3999733464888127754 ) ) ;
#4911 = CARTESIAN_POINT ( 'NONE',  ( 0.1024018562781991853, 0.8999999999999999112, -0.04799619212740554447 ) ) ;
#4912 = CARTESIAN_POINT ( 'NONE',  ( -0.05281822343934840930, 0.8999999999999996891, 0.04279260289393457817 ) ) ;
#4913 = LINE ( 'NONE', #2977, #4687 ) ;
#4914 = CARTESIAN_POINT ( 'NONE',  ( -0.6498293095714811063, 0.001120943203332211858, -0.3998042847562123248 ) ) ;
#4915 = CARTESIAN_POINT ( 'NONE',  ( 0.03402350971728491935, 0.9009999999999999121, 0.02656327688198251852 ) ) ;
#4916 = SURFACE_SIDE_STYLE ('',( #3450 ) ) ;
#4917 = FACE_OUTER_BOUND ( 'NONE', #4315, .T. ) ;
#4918 = CARTESIAN_POINT ( 'NONE',  ( 0.07198220229311308449, 0.9000000000000000222, -0.03841954792534682528 ) ) ;
#4919 = CARTESIAN_POINT ( 'NONE',  ( 0.04925007120554896617, 0.8999999999999999112, -0.05476435226409977208 ) ) ;
#4920 = MECHANICAL_DESIGN_GEOMETRIC_PRESENTATION_REPRESENTATION (  '', ( #5717 ), #3730 ) ;
#4921 = CARTESIAN_POINT ( 'NONE',  ( -0.1229655040792740628, 0.9010000000000000231, 0.02044542291170237114 ) ) ;
#4922 = CARTESIAN_POINT ( 'NONE',  ( 0.09421511963170092763, 0.9000000000000002442, -0.03577217069382942344 ) ) ;
#4923 = CARTESIAN_POINT ( 'NONE',  ( 0.09290959279573006435, 0.9000000000000001332, -0.03081027932911266018 ) ) ;
#4924 = CARTESIAN_POINT ( 'NONE',  ( 0.1106960510203145454, 0.9009999999999998010, 0.04884685613186517256 ) ) ;
#4925 =( LENGTH_UNIT ( ) NAMED_UNIT ( * ) SI_UNIT ( .MILLI., .METRE. ) );
#4926 = EDGE_CURVE ( 'NONE', #4500, #4348, #1244, .T. ) ;
#4927 = CARTESIAN_POINT ( 'NONE',  ( 0.03088064976687979538, 0.8999999999999999112, 0.02044542291170237808 ) ) ;
#4928 =( LENGTH_UNIT ( ) NAMED_UNIT ( * ) SI_UNIT ( .MILLI., .METRE. ) );
#4929 = EDGE_CURVE ( 'NONE', #4413, #6030, #283, .T. ) ;
#4930 = COLOUR_RGB ( '',0.9411764705882352811, 0.9411764705882352811, 0.9411764705882352811 ) ;
#4931 = SURFACE_SIDE_STYLE ('',( #2703 ) ) ;
#4932 = CARTESIAN_POINT ( 'NONE',  ( 0.01095204892479040640, 0.9009999999999999121, -0.01421012942464640501 ) ) ;
#4933 = CARTESIAN_POINT ( 'NONE',  ( 0.03804878679606268910, 0.9010000000000002451, 0.03032522652347440992 ) ) ;
#4934 = CARTESIAN_POINT ( 'NONE',  ( -0.08322391405818603538, 0.9010000000000000231, 0.03601904295315424415 ) ) ;
#4935 = MECHANICAL_DESIGN_GEOMETRIC_PRESENTATION_REPRESENTATION (  '', ( #2942 ), #3440 ) ;
#4936 = DIRECTION ( 'NONE',  ( 0.000000000000000000, -2.435219723356120417E-14, -1.000000000000000000 ) ) ;
#4937 = EDGE_CURVE ( 'NONE', #2241, #2473, #6014, .T. ) ;
#4938 = B_SPLINE_SURFACE_WITH_KNOTS ( 'NONE', 3, 1, ( 
 ( #1033, #3944 ),
 ( #2448, #561 ),
 ( #3471, #3911 ),
 ( #2975, #5344 ),
 ( #1093, #5812 ),
 ( #3882, #2067 ),
 ( #3504, #4342 ),
 ( #5875, #4472 ),
 ( #67, #199 ),
 ( #5110, #4759 ),
 ( #301, #2243 ),
 ( #5143, #3591 ),
 ( #1264, #5025 ),
 ( #759, #5958 ),
 ( #5609, #5580 ),
 ( #1207, #4581 ),
 ( #3680, #1704 ),
 ( #6073, #3649 ),
 ( #1296, #736 ) ),
 .UNSPECIFIED., .F., .F., .F.,
 ( 4, 1, 1, 1, 1, 1, 1, 1, 1, 1, 1, 1, 1, 1, 1, 1, 4 ),
 ( 2, 2 ),
 ( 0.000000000000000000, 0.05061342041271667258, 0.1007597227549727054, 0.1492748125078579569, 0.1988884379588271023, 0.2493064970530067814, 0.3023226859423756574, 0.3572206482518703319, 0.4154373215830227117, 0.4764429313671186828, 0.5398286479827865136, 0.6061838488371142919, 0.6759412007935894362, 0.7497824080738355601, 0.8282876884211456403, 0.9118449242474470084, 1.000000000000000000 ),
 ( 0.000000000000000000, 1.000000000000000000 ),
 .UNSPECIFIED. ) ;
#4939 = CARTESIAN_POINT ( 'NONE',  ( 0.1183540286887935500, 0.9010000000000002451, -0.03655893932867797236 ) ) ;
#4940 = CARTESIAN_POINT ( 'NONE',  ( 0.6491100111865876210, 0.0002388850217823416781, 0.3989776967913849504 ) ) ;
#4941 = ORIENTED_EDGE ( 'NONE', *, *, #1144, .F. ) ;
#4942 = VECTOR ( 'NONE', #5357, 1000.000000000000000 ) ;
#4943 = CARTESIAN_POINT ( 'NONE',  ( -0.1343734046074833155, 0.9009999999999999121, -0.04255720200933739428 ) ) ;
#4944 = CARTESIAN_POINT ( 'NONE',  ( 0.1446051914462124777, 0.9010000000000003562, -0.004162688792818869041 ) ) ;
#4945 = CARTESIAN_POINT ( 'NONE',  ( -0.04592710596690142977, 0.9010000000000001341, 0.01789948517542736678 ) ) ;
#4946 = CARTESIAN_POINT ( 'NONE',  ( 0.1223020606997652776, 0.9000000000000001332, -0.05507727764508545815 ) ) ;
#4947 = CARTESIAN_POINT ( 'NONE',  ( -0.06268290196041036155, 0.9009999999999996900, 0.02760965809196498991 ) ) ;
#4948 = CARTESIAN_POINT ( 'NONE',  ( -0.05039475505793126336, 0.9010000000000000231, 0.04473908899036329462 ) ) ;
#4949 = EDGE_LOOP ( 'NONE', ( #5691, #2482, #2319, #5135 ) ) ;
#4950 = CARTESIAN_POINT ( 'NONE',  ( -0.6495274362460350392, 0.0006151841771219027132, -0.3994577499140558041 ) ) ;
#4951 = CARTESIAN_POINT ( 'NONE',  ( -0.6498614298910189158, 0.8988006731200485211, 0.3998411293895272611 ) ) ;
#4952 = DIRECTION ( 'NONE',  ( 0.000000000000000000, 0.000000000000000000, 1.000000000000000000 ) ) ;
#4953 = CARTESIAN_POINT ( 'NONE',  ( 0.04415702864848320558, 0.9010000000000000231, -0.05507727764508545815 ) ) ;
#4954 = CARTESIAN_POINT ( 'NONE',  ( 0.1378838055713509925, 0.8999999999999999112, -0.008483214382899582906 ) ) ;
#4955 = CARTESIAN_POINT ( 'NONE',  ( -0.05634377263356808718, 0.9010000000000000231, -0.005157405850213663684 ) ) ;
#4956 = CARTESIAN_POINT ( 'NONE',  ( 0.1221533706366737249, 0.8999999999999998002, -0.01666037999430364583 ) ) ;
#4957 = LINE ( 'NONE', #2492, #3585 ) ;
#4958 = CARTESIAN_POINT ( 'NONE',  ( 0.09253443249463705333, 0.9010000000000000231, -0.02815420072200854051 ) ) ;
#4959 = DIRECTION ( 'NONE',  ( -0.000000000000000000, -1.000000000000000000, -0.000000000000000000 ) ) ;
#4960 = CARTESIAN_POINT ( 'NONE',  ( 0.1552529364205414986, 0.8999999999999998002, 0.02097654845759605244 ) ) ;
#4961 = CARTESIAN_POINT ( 'NONE',  ( -0.01596703318546330991, 0.8999999999999999112, 0.04499718784943170652 ) ) ;
#4962 = CARTESIAN_POINT ( 'NONE',  ( 0.04988622236745462318, 0.9000000000000001332, 0.04976801119537206664 ) ) ;
#4963 = DIRECTION ( 'NONE',  ( 0.000000000000000000, -0.000000000000000000, -1.000000000000000000 ) ) ;
#4964 = CARTESIAN_POINT ( 'NONE',  ( 0.1104831504433550216, 0.9000000000000000222, -0.02815420072200854051 ) ) ;
#4965 = CARTESIAN_POINT ( 'NONE',  ( -0.07564232359647939108, 0.9009999999999999121, 0.006853463484889395739 ) ) ;
#4966 = CARTESIAN_POINT ( 'NONE',  ( -0.03071989591601595113, 0.9010000000000003562, 0.03195215891091236771 ) ) ;
#4967 = CARTESIAN_POINT ( 'NONE',  ( 0.1221818683920729426, 0.9010000000000000231, -0.03712855969636751075 ) ) ;
#4968 = AXIS2_PLACEMENT_3D ( 'NONE', #4976, #4003, #5382 ) ;
#4969 = ORIENTED_EDGE ( 'NONE', *, *, #1963, .F. ) ;
#4970 = CARTESIAN_POINT ( 'NONE',  ( -0.1044595392515194759, 0.9010000000000001341, 0.03117538986780106491 ) ) ;
#4971 = FILL_AREA_STYLE_COLOUR ( '', #4033 ) ;
#4972 = ADVANCED_FACE ( 'NONE', ( #5177 ), #4649, .T. ) ;
#4973 = LINE ( 'NONE', #649, #581 ) ;
#4974 =( GEOMETRIC_REPRESENTATION_CONTEXT ( 3 ) GLOBAL_UNCERTAINTY_ASSIGNED_CONTEXT ( ( #4800 ) ) GLOBAL_UNIT_ASSIGNED_CONTEXT ( ( #2890, #512, #1505 ) ) REPRESENTATION_CONTEXT ( 'NONE', 'WORKASPACE' ) );
#4975 = CARTESIAN_POINT ( 'NONE',  ( -0.03328688160792706019, 0.8999999999999999112, 0.03210220953440172387 ) ) ;
#4976 = CARTESIAN_POINT ( 'NONE',  ( 0.7980000000000000426, 0.002000000000000000042, -0.3980000000000000204 ) ) ;
#4977 = SURFACE_SIDE_STYLE ('',( #2155 ) ) ;
#4978 = CARTESIAN_POINT ( 'NONE',  ( -0.06171236023889248995, 0.9010000000000001341, 0.03038687285390298184 ) ) ;
#4979 = ORIENTED_EDGE ( 'NONE', *, *, #1903, .T. ) ;
#4980 = CIRCLE ( 'NONE', #2286, 0.001999999999999994404 ) ;
#4981 = CARTESIAN_POINT ( 'NONE',  ( 0.03025269103666839224, 0.9009999999999998010, 0.04714262068267498218 ) ) ;
#4982 = CARTESIAN_POINT ( 'NONE',  ( -0.6494607962347298535, 0.8994465534612138269, 0.3993811167605288426 ) ) ;
#4983 = CARTESIAN_POINT ( 'NONE',  ( 0.000000000000000000, 0.000000000000000000, 0.000000000000000000 ) ) ;
#4984 = CARTESIAN_POINT ( 'NONE',  ( 0.07429382262637194978, 0.9010000000000000231, -0.03322218005148539627 ) ) ;
#4985 = CARTESIAN_POINT ( 'NONE',  ( 0.04673409916489266319, 0.9000000000000002442, -0.05503902030677628593 ) ) ;
#4986 = B_SPLINE_CURVE_WITH_KNOTS ( 'NONE', 3,
 ( #129, #959, #2910, #4812, #2442, #4338, #64, #1967, #2663, #739, #3999, #2606, #1122, #223, #4437, #4561 ),
 .UNSPECIFIED., .F., .F.,
 ( 4, 3, 3, 3, 3, 4 ),
 ( 0.000000000000000000, 5.535654255782848785E-07, 1.103371656382628908E-06, 1.847285420013740703E-06, 2.821060109827493176E-06, 3.653927284469005687E-06 ),
 .UNSPECIFIED. ) ;
#4987 = ORIENTED_EDGE ( 'NONE', *, *, #6090, .F. ) ;
#4988 = B_SPLINE_SURFACE_WITH_KNOTS ( 'NONE', 3, 1, ( 
 ( #5043, #268 ),
 ( #749, #1135 ),
 ( #2559, #5424 ),
 ( #1108, #5976 ),
 ( #3517, #4956 ),
 ( #2162, #3135 ),
 ( #1692, #3020 ),
 ( #6004, #1225 ),
 ( #4046, #3053 ),
 ( #4453, #1167 ),
 ( #1198, #2621 ),
 ( #3079, #3607 ),
 ( #5506, #723 ),
 ( #661, #4516 ),
 ( #2589, #2196 ) ),
 .UNSPECIFIED., .F., .F., .F.,
 ( 4, 1, 1, 1, 1, 1, 1, 1, 1, 1, 1, 1, 4 ),
 ( 2, 2 ),
 ( 0.000000000000000000, 0.1417037608121974046, 0.2650996741797984058, 0.3700579908892221992, 0.4580235488018164491, 0.5359935177706010023, 0.6098476150495563131, 0.6800751591995021217, 0.7485870935521846681, 0.8156303639700218655, 0.8780707438861864444, 0.9395839280433527785, 1.000000000000000000 ),
 ( 0.000000000000000000, 1.000000000000000000 ),
 .UNSPECIFIED. ) ;
#4989 = DIRECTION ( 'NONE',  ( 0.000000000000000000, 0.000000000000000000, -1.000000000000000000 ) ) ;
#4990 = CARTESIAN_POINT ( 'NONE',  ( -0.1251770108551727434, 0.9010000000000000231, 0.007309439108918358748 ) ) ;
#4991 = UNCERTAINTY_MEASURE_WITH_UNIT (LENGTH_MEASURE( 1.000000000000000082E-05 ), #4243, 'distance_accuracy_value', 'NONE');
#4992 = CARTESIAN_POINT ( 'NONE',  ( -0.1014312905818814253, 0.9009999999999995790, -0.03421147205442881534 ) ) ;
#4993 = CARTESIAN_POINT ( 'NONE',  ( 0.1553549453151499005, 0.8999999999999999112, 0.01767913261132480346 ) ) ;
#4994 = CARTESIAN_POINT ( 'NONE',  ( 0.09253443249463705333, 0.9010000000000000231, -0.02815420072200854051 ) ) ;
#4995 =( GEOMETRIC_REPRESENTATION_CONTEXT ( 3 ) GLOBAL_UNCERTAINTY_ASSIGNED_CONTEXT ( ( #549 ) ) GLOBAL_UNIT_ASSIGNED_CONTEXT ( ( #822, #3654, #3122 ) ) REPRESENTATION_CONTEXT ( 'NONE', 'WORKASPACE' ) );
#4996 = CARTESIAN_POINT ( 'NONE',  ( -0.6482627733115838842, 0.000000000000000000, 0.3980000000000000204 ) ) ;
#4997 = ADVANCED_FACE ( 'NONE', ( #1837 ), #1054, .T. ) ;
#4998 = CARTESIAN_POINT ( 'NONE',  ( 0.1483755172761427599, 0.9009999999999996900, -0.01951704324108728336 ) ) ;
#4999 = SURFACE_STYLE_FILL_AREA ( #5491 ) ;
#5000 =( GEOMETRIC_REPRESENTATION_CONTEXT ( 3 ) GLOBAL_UNCERTAINTY_ASSIGNED_CONTEXT ( ( #606 ) ) GLOBAL_UNIT_ASSIGNED_CONTEXT ( ( #2844, #528, #1369 ) ) REPRESENTATION_CONTEXT ( 'NONE', 'WORKASPACE' ) );
#5001 = CARTESIAN_POINT ( 'NONE',  ( -0.1246827053896295001, 0.8999999999999995781, -0.01668914976313395915 ) ) ;
#5002 = CARTESIAN_POINT ( 'NONE',  ( 0.6499200829467802754, 0.001373155176714400310, 0.3999083835508946971 ) ) ;
#5003 = CARTESIAN_POINT ( 'NONE',  ( 0.6495851312298106528, 0.8993101150641404917, 0.3995240195484534573 ) ) ;
#5004 = CARTESIAN_POINT ( 'NONE',  ( 0.6499767431879637236, 0.8983716655620603841, 0.3999733464888127754 ) ) ;
#5005 = CARTESIAN_POINT ( 'NONE',  ( -0.1016922942503337007, 0.9000000000000000222, 0.02942924365035957252 ) ) ;
#5006 = CARTESIAN_POINT ( 'NONE',  ( 0.1457168532091403512, 0.9009999999999998010, -0.04328046641319070048 ) ) ;
#5007 = CARTESIAN_POINT ( 'NONE',  ( -0.06046843192251432492, 0.9009999999999999121, 0.03307928641710486395 ) ) ;
#5008 = B_SPLINE_CURVE_WITH_KNOTS ( 'NONE', 3,
 ( #3331, #4672, #5231, #425, #5111, #946, #456, #6103, #3803, #4644, #1829 ),
 .UNSPECIFIED., .F., .F.,
 ( 4, 1, 1, 1, 1, 1, 1, 1, 4 ),
 ( 0.000000000000000000, 0.1610711239484212132, 0.3107888083803541091, 0.4499038238309443494, 0.5783763165061849287, 0.6966172119048389400, 0.8059873227104096260, 0.9065617032890808114, 1.000000000000000000 ),
 .UNSPECIFIED. ) ;
#5009 = DIRECTION ( 'NONE',  ( 1.000000000000000000, -0.000000000000000000, 0.000000000000000000 ) ) ;
#5010 = EDGE_CURVE ( 'NONE', #566, #6065, #3484, .T. ) ;
#5011 = EDGE_LOOP ( 'NONE', ( #1128, #1979, #2759, #2708 ) ) ;
#5012 = CARTESIAN_POINT ( 'NONE',  ( 0.1403825337612052415, 0.9000000000000001332, 0.04480331686869635371 ) ) ;
#5013 = CARTESIAN_POINT ( 'NONE',  ( 0.1339976311798104502, 0.8999999999999999112, 0.02682785956393307983 ) ) ;
#5014 = CARTESIAN_POINT ( 'NONE',  ( -0.02028608032587578269, 0.9010000000000000231, 0.01789948517542736678 ) ) ;
#5015 = CARTESIAN_POINT ( 'NONE',  ( 0.06923868151743722832, 0.9000000000000001332, -0.04289115402682275313 ) ) ;
#5016 = CARTESIAN_POINT ( 'NONE',  ( 0.07611522281607061013, 0.9000000000000001332, -0.02711954755700123065 ) ) ;
#5017 = VERTEX_POINT ( 'NONE', #3899 ) ;
#5018 = CARTESIAN_POINT ( 'NONE',  ( 0.1502267401869447627, 0.9010000000000000231, -0.02885532251688032943 ) ) ;
#5019 = CARTESIAN_POINT ( 'NONE',  ( -0.1237062637687915134, 0.8999999999999998002, 0.01769503867720892756 ) ) ;
#5020 = CARTESIAN_POINT ( 'NONE',  ( -0.1086724279533542031, 0.9009999999999999121, -0.03710503881139981530 ) ) ;
#5021 = CARTESIAN_POINT ( 'NONE',  ( 0.1403825337612052415, 0.9010000000000001341, 0.04480331686869635371 ) ) ;
#5022 = CARTESIAN_POINT ( 'NONE',  ( 0.07842303136518254114, 0.9009999999999999121, -0.004069255259697149990 ) ) ;
#5023 = ORIENTED_EDGE ( 'NONE', *, *, #265, .F. ) ;
#5024 = SURFACE_STYLE_FILL_AREA ( #3118 ) ;
#5025 = CARTESIAN_POINT ( 'NONE',  ( 0.1256193757177496428, 0.8999999999999999112, 0.003243635187116144115 ) ) ;
#5026 = PRESENTATION_STYLE_ASSIGNMENT (( #1266 ) ) ;
#5027 =( LENGTH_UNIT ( ) NAMED_UNIT ( * ) SI_UNIT ( .MILLI., .METRE. ) );
#5028 = CARTESIAN_POINT ( 'NONE',  ( -0.03244618569827752153, 0.9010000000000000231, 0.003937069110888776098 ) ) ;
#5029 = VECTOR ( 'NONE', #1824, 1000.000000000000000 ) ;
#5030 = PRESENTATION_LAYER_ASSIGNMENT (  '', '', ( #433 ) ) ;
#5031 = CARTESIAN_POINT ( 'NONE',  ( -0.1028196660660438411, 0.9010000000000002451, -0.03529417692304604587 ) ) ;
#5032 = AXIS2_PLACEMENT_3D ( 'NONE', #155, #2056, #3524 ) ;
#5033 = DIRECTION ( 'NONE',  ( 0.000000000000000000, 0.000000000000000000, 1.000000000000000000 ) ) ;
#5034 = CARTESIAN_POINT ( 'NONE',  ( 0.1379830504650176037, 0.9010000000000000231, -0.05075264209117547748 ) ) ;
#5035 = CARTESIAN_POINT ( 'NONE',  ( -0.1075434564100337526, 0.9000000000000001332, -0.03705893677448043877 ) ) ;
#5036 = AXIS2_PLACEMENT_3D ( 'NONE', #1329, #5202, #3834 ) ;
#5037 = VERTEX_POINT ( 'NONE', #921 ) ;
#5038 = CARTESIAN_POINT ( 'NONE',  ( 0.6482627733115841062, 0.000000000000000000, -0.3979999999999999094 ) ) ;
#5039 = FACE_OUTER_BOUND ( 'NONE', #339, .T. ) ;
#5040 = CARTESIAN_POINT ( 'NONE',  ( -0.7980000000000000426, 0.8979999999999999094, -0.3980000000000000204 ) ) ;
#5041 = CARTESIAN_POINT ( 'NONE',  ( 0.1494295823655289457, 0.9010000000000004672, -0.02250685174673658709 ) ) ;
#5042 = ADVANCED_FACE ( 'NONE', ( #2872 ), #4262, .T. ) ;
#5043 = CARTESIAN_POINT ( 'NONE',  ( 0.1130472530074575627, 0.9010000000000000231, -0.01533368790149571871 ) ) ;
#5044 = DIRECTION ( 'NONE',  ( -0.000000000000000000, 1.000000000000000000, 0.000000000000000000 ) ) ;
#5045 = CARTESIAN_POINT ( 'NONE',  ( -0.1433128369311897354, 0.9010000000000002451, -0.008028240089001834404 ) ) ;
#5046 = VERTEX_POINT ( 'NONE', #4331 ) ;
#5047 = EDGE_CURVE ( 'NONE', #5137, #5665, #5575, .T. ) ;
#5048 = CARTESIAN_POINT ( 'NONE',  ( -0.7980000000000000426, 0.000000000000000000, 0.3980000000000000204 ) ) ;
#5049 = CARTESIAN_POINT ( 'NONE',  ( -0.09361521801082126060, 0.8999999999999999112, -0.01143877687389749029 ) ) ;
#5050 = CARTESIAN_POINT ( 'NONE',  ( 0.07819506882651491853, 0.9010000000000002451, -0.01170503834104716194 ) ) ;
#5051 = ORIENTED_EDGE ( 'NONE', *, *, #4937, .T. ) ;
#5052 = SURFACE_STYLE_USAGE ( .BOTH. , #3145 ) ;
#5053 = CARTESIAN_POINT ( 'NONE',  ( 0.01825182565716772579, 0.9000000000000002442, 0.03613718381239957450 ) ) ;
#5054 = CARTESIAN_POINT ( 'NONE',  ( 0.1368453299305345261, 0.8999999999999999112, -0.007901796875854688249 ) ) ;
#5055 =( LENGTH_UNIT ( ) NAMED_UNIT ( * ) SI_UNIT ( .MILLI., .METRE. ) );
#5056 =( LENGTH_UNIT ( ) NAMED_UNIT ( * ) SI_UNIT ( .MILLI., .METRE. ) );
#5057 = CARTESIAN_POINT ( 'NONE',  ( -0.09703839552103453447, 0.9000000000000000222, 0.02294039184561323663 ) ) ;
#5058 = VERTEX_POINT ( 'NONE', #5333 ) ;
#5059 = CARTESIAN_POINT ( 'NONE',  ( 0.6498614298910189158, 0.001199326879951510437, 0.3998411293895272056 ) ) ;
#5060 = PRESENTATION_STYLE_ASSIGNMENT (( #1620 ) ) ;
#5061 = CARTESIAN_POINT ( 'NONE',  ( 0.6497544626328461970, 0.8990232999191480889, 0.3997183879874684487 ) ) ;
#5062 = CARTESIAN_POINT ( 'NONE',  ( 0.1491501132992359147, 0.9010000000000000231, -0.03646144908670187479 ) ) ;
#5063 = EDGE_CURVE ( 'NONE', #3075, #813, #5771, .T. ) ;
#5064 = LINE ( 'NONE', #4565, #2702 ) ;
#5065 = B_SPLINE_CURVE_WITH_KNOTS ( 'NONE', 3,
 ( #18, #1925, #3838, #4005, #3540, #4645, #4612, #366, #1299, #2123, #1770, #3683, #3210, #4035, #1803, #4137, #1649, #2712, #684 ),
 .UNSPECIFIED., .F., .F.,
 ( 4, 1, 1, 1, 1, 1, 1, 1, 1, 1, 1, 1, 1, 1, 1, 1, 4 ),
 ( 0.000000000000000000, 0.06821391069664131668, 0.1340948027129805764, 0.1982856151357148267, 0.2611601861891397203, 0.3236346542898935752, 0.3863667501562177975, 0.4496423858959014974, 0.5142449020307917618, 0.5784133384205223383, 0.6403746860373719096, 0.7006148497351880611, 0.7601039771708680837, 0.8192989800104282239, 0.8784659836354113960, 0.9383604016893761779, 1.000000000000000000 ),
 .UNSPECIFIED. ) ;
#5066 = VERTEX_POINT ( 'NONE', #2497 ) ;
#5067 = CARTESIAN_POINT ( 'NONE',  ( 0.01150809846929348214, 0.9009999999999998010, 0.01585329471277370852 ) ) ;
#5068 = VECTOR ( 'NONE', #3515, 1000.000000000000000 ) ;
#5069 = EDGE_CURVE ( 'NONE', #4248, #765, #821, .T. ) ;
#5070 = CARTESIAN_POINT ( 'NONE',  ( -0.02040702257552430218, 0.9000000000000003553, 0.02079539938483194669 ) ) ;
#5071 = CARTESIAN_POINT ( 'NONE',  ( 0.8000000000000001554, 0.8979999999999999094, -0.3980000000000000204 ) ) ;
#5072 = CARTESIAN_POINT ( 'NONE',  ( 0.05466401285683070849, 0.9000000000000000222, 0.04879373029465090134 ) ) ;
#5073 = ORIENTED_EDGE ( 'NONE', *, *, #121, .F. ) ;
#5074 = CARTESIAN_POINT ( 'NONE',  ( -0.02232646830009539854, 0.9010000000000003562, 0.009974657252170881019 ) ) ;
#5075 = CARTESIAN_POINT ( 'NONE',  ( -0.005704939280941885224, 0.9000000000000000222, 0.003729378185441747668 ) ) ;
#5076 = CARTESIAN_POINT ( 'NONE',  ( -0.09336959899498016580, 0.9010000000000002451, -0.004049312164759481456 ) ) ;
#5077 = CARTESIAN_POINT ( 'NONE',  ( 0.09725916972808303085, 0.9000000000000002442, 0.04113344901638305018 ) ) ;
#5078 = B_SPLINE_CURVE_WITH_KNOTS ( 'NONE', 3,
 ( #3359, #3857, #1948, #2394, #5757, #3392, #5696, #4285, #3328, #907, #1449, #5789, #4250, #1011, #5260, #4854, #1477, #1414, #3302, #4823, #1044, #2923, #544 ),
 .UNSPECIFIED., .F., .F.,
 ( 4, 1, 1, 1, 1, 1, 1, 1, 1, 1, 1, 1, 1, 1, 1, 1, 1, 1, 1, 1, 4 ),
 ( 0.000000000000000000, 0.05383370089591501401, 0.1055426304091383882, 0.1580541720958378304, 0.2119873357804046288, 0.2402068903290460189, 0.2697935103595446305, 0.3013430987966755903, 0.3346080613711932550, 0.3702844416648599646, 0.4080888380149464978, 0.4486813458099823682, 0.4920692965602020408, 0.5386641566662654368, 0.5903710538753824677, 0.6463877841547199798, 0.7071953757631237458, 0.7729467746818399210, 0.8436426012467371782, 0.9193083570571428664, 1.000000000000000000 ),
 .UNSPECIFIED. ) ;
#5079 = ORIENTED_EDGE ( 'NONE', *, *, #2097, .T. ) ;
#5080 =( NAMED_UNIT ( * ) PLANE_ANGLE_UNIT ( ) SI_UNIT ( $, .RADIAN. ) );
#5081 = CARTESIAN_POINT ( 'NONE',  ( 0.02278524503730119596, 0.8999999999999999112, 0.04186268668908310620 ) ) ;
#5082 = FILL_AREA_STYLE ('',( #6017 ) ) ;
#5083 = PRESENTATION_STYLE_ASSIGNMENT (( #4610 ) ) ;
#5084 = DIRECTION ( 'NONE',  ( 0.000000000000000000, -1.000000000000000000, 0.000000000000000000 ) ) ;
#5085 = LINE ( 'NONE', #2744, #2998 ) ;
#5086 = ORIENTED_EDGE ( 'NONE', *, *, #644, .T. ) ;
#5087 = CARTESIAN_POINT ( 'NONE',  ( 0.1278678878716651701, 0.9009999999999999121, 0.03106492363651460267 ) ) ;
#5088 = CARTESIAN_POINT ( 'NONE',  ( 0.1322171868680274698, 0.9000000000000001332, -0.02617342464058107845 ) ) ;
#5089 =( NAMED_UNIT ( * ) SI_UNIT ( $, .STERADIAN. ) SOLID_ANGLE_UNIT ( ) );
#5090 = CARTESIAN_POINT ( 'NONE',  ( -0.03420821187711153150, 0.9010000000000000231, 0.003936584318432892818 ) ) ;
#5091 = CARTESIAN_POINT ( 'NONE',  ( -0.09336300340279884979, 0.9010000000000000231, -0.002473110978418791451 ) ) ;
#5092 = CARTESIAN_POINT ( 'NONE',  ( 0.06046385946214915402, 0.8999999999999999112, -0.007083230377343272335 ) ) ;
#5093 = ORIENTED_EDGE ( 'NONE', *, *, #5943, .T. ) ;
#5094 = PRESENTATION_LAYER_ASSIGNMENT (  '', '', ( #4594 ) ) ;
#5095 = CARTESIAN_POINT ( 'NONE',  ( 0.1206794645459190879, 0.9000000000000000222, 0.05005092748311967821 ) ) ;
#5096 = ADVANCED_FACE ( 'NONE', ( #5835, #2839 ), #2468, .T. ) ;
#5097 = CARTESIAN_POINT ( 'NONE',  ( 0.1305467992618312700, 0.9010000000000001341, 0.02973801221860004201 ) ) ;
#5098 = CARTESIAN_POINT ( 'NONE',  ( 0.06777217260109905106, 0.9010000000000000231, 0.04010744002157060062 ) ) ;
#5099 = CARTESIAN_POINT ( 'NONE',  ( 0.1232712711068675998, 0.9010000000000000231, -0.05505439648655075652 ) ) ;
#5100 =( NAMED_UNIT ( * ) SI_UNIT ( $, .STERADIAN. ) SOLID_ANGLE_UNIT ( ) );
#5101 = EDGE_LOOP ( 'NONE', ( #378, #3439, #4701, #4073, #853 ) ) ;
#5102 = CARTESIAN_POINT ( 'NONE',  ( 0.07840376162399319282, 0.8999999999999999112, 0.002283083064514541700 ) ) ;
#5103 = ORIENTED_EDGE ( 'NONE', *, *, #2982, .T. ) ;
#5104 = CARTESIAN_POINT ( 'NONE',  ( 0.09866759577359511535, 0.9010000000000001341, -0.04408559839284963838 ) ) ;
#5105 = PRESENTATION_STYLE_ASSIGNMENT (( #325 ) ) ;
#5106 = CARTESIAN_POINT ( 'NONE',  ( -0.1058884164708306791, 0.9009999999999998010, -0.03670556409641050066 ) ) ;
#5107 = CARTESIAN_POINT ( 'NONE',  ( 0.09161678701536589420, 0.9000000000000000222, 0.03347257107866762754 ) ) ;
#5108 = ORIENTED_EDGE ( 'NONE', *, *, #4266, .F. ) ;
#5109 = CARTESIAN_POINT ( 'NONE',  ( -0.1109859986821529476, 0.8999999999999999112, 0.03202971572816053214 ) ) ;
#5110 = CARTESIAN_POINT ( 'NONE',  ( 0.1311379873022755771, 0.9010000000000000231, 0.006067508936054320963 ) ) ;
#5111 = CARTESIAN_POINT ( 'NONE',  ( -0.1422795125334685995, 0.8999999999999996891, -0.01992421525497816218 ) ) ;
#5112 = EDGE_CURVE ( 'NONE', #4550, #130, #4462, .T. ) ;
#5113 = SURFACE_SIDE_STYLE ('',( #1239 ) ) ;
#5114 = LINE ( 'NONE', #4583, #5196 ) ;
#5115 = CARTESIAN_POINT ( 'NONE',  ( -0.1086858699732908828, 0.8999999999999998002, 0.03208557873180352404 ) ) ;
#5116 = CARTESIAN_POINT ( 'NONE',  ( 0.1553045237248642796, 0.9010000000000001341, 0.01543091992027339696 ) ) ;
#5117 = CARTESIAN_POINT ( 'NONE',  ( 0.04467786198181653706, 0.8999999999999998002, 0.05005092748311967821 ) ) ;
#5118 = FACE_BOUND ( 'NONE', #4665, .T. ) ;
#5119 = EDGE_CURVE ( 'NONE', #4715, #2249, #4101, .T. ) ;
#5120 = CARTESIAN_POINT ( 'NONE',  ( 0.1290707273162962077, 0.9000000000000000222, -0.02048379088735766476 ) ) ;
#5121 = COLOUR_RGB ( '',0.9019607843137255054, 0.7098039215686274828, 0.4392156862745097978 ) ;
#5122 = PLANE ( 'NONE',  #2730 ) ;
#5123 = DIRECTION ( 'NONE',  ( 1.000000000000000000, -0.000000000000000000, 0.000000000000000000 ) ) ;
#5124 = CARTESIAN_POINT ( 'NONE',  ( -0.09336300340279884979, 0.8999999999999999112, -0.002473110978418791451 ) ) ;
#5125 = LINE ( 'NONE', #2750, #3578 ) ;
#5126 = ORIENTED_EDGE ( 'NONE', *, *, #2651, .T. ) ;
#5127 = VECTOR ( 'NONE', #5926, 1000.000000000000000 ) ;
#5128 = AXIS2_PLACEMENT_3D ( 'NONE', #766, #1619, #5523 ) ;
#5129 = CARTESIAN_POINT ( 'NONE',  ( 0.04630269743612012989, 0.8999999999999998002, -0.03705893677448042489 ) ) ;
#5130 = CARTESIAN_POINT ( 'NONE',  ( 0.1104831504433550216, 0.9000000000000000222, -0.02815420072200854051 ) ) ;
#5131 = CARTESIAN_POINT ( 'NONE',  ( -0.02032729828316220955, 0.9000000000000001332, 0.01888643281808557312 ) ) ;
#5132 = DIRECTION ( 'NONE',  ( -0.000000000000000000, -1.000000000000000000, -0.000000000000000000 ) ) ;
#5133 = CARTESIAN_POINT ( 'NONE',  ( 0.6500000000000001332, 0.9000000000000000222, -0.4000000000000000222 ) ) ;
#5134 = MECHANICAL_DESIGN_GEOMETRIC_PRESENTATION_REPRESENTATION (  '', ( #4329 ), #5227 ) ;
#5135 = ORIENTED_EDGE ( 'NONE', *, *, #4732, .T. ) ;
#5136 = CARTESIAN_POINT ( 'NONE',  ( 0.04459773377668834610, 0.8999999999999999112, 0.03210220953440172387 ) ) ;
#5137 = VERTEX_POINT ( 'NONE', #612 ) ;
#5138 = CARTESIAN_POINT ( 'NONE',  ( 0.02649726928332218207, 0.9000000000000000222, -0.04982318191645692534 ) ) ;
#5139 = CARTESIAN_POINT ( 'NONE',  ( 0.1111708220462978847, 0.9010000000000001341, 0.02866230110284088972 ) ) ;
#5140 = CARTESIAN_POINT ( 'NONE',  ( 0.06023123574863297608, 0.9000000000000001332, 0.006436198783255779425 ) ) ;
#5141 = ORIENTED_EDGE ( 'NONE', *, *, #2256, .T. ) ;
#5142 = CARTESIAN_POINT ( 'NONE',  ( 0.05555526582797038621, 0.9010000000000002451, 0.02523121594465813772 ) ) ;
#5143 = CARTESIAN_POINT ( 'NONE',  ( 0.1276398006780476713, 0.9009999999999999121, 0.004024012896437583441 ) ) ;
#5144 = CARTESIAN_POINT ( 'NONE',  ( -0.04236853372675904172, 0.9010000000000003562, 0.007862095635813139485 ) ) ;
#5145 = CARTESIAN_POINT ( 'NONE',  ( -0.01851710197729689727, 0.9000000000000000222, 0.04653942474816922387 ) ) ;
#5146 =( LENGTH_UNIT ( ) NAMED_UNIT ( * ) SI_UNIT ( .MILLI., .METRE. ) );
#5147 = CARTESIAN_POINT ( 'NONE',  ( 0.1130472530074575627, 0.9000000000000001332, 0.001332978765170955530 ) ) ;
#5148 = LINE ( 'NONE', #1425, #2791 ) ;
#5149 = ORIENTED_EDGE ( 'NONE', *, *, #495, .F. ) ;
#5150 = CARTESIAN_POINT ( 'NONE',  ( -0.1045960826406048677, 0.8999999999999991340, -0.05476435226409975127 ) ) ;
#5151 = CARTESIAN_POINT ( 'NONE',  ( 0.1356955000921907795, 0.9010000000000002451, 0.02445146269420372595 ) ) ;
#5152 = EDGE_CURVE ( 'NONE', #46, #5826, #3670, .T. ) ;
#5153 = CARTESIAN_POINT ( 'NONE',  ( 0.1501663736944089111, 0.9000000000000000222, -0.03145936491836581750 ) ) ;
#5154 = CARTESIAN_POINT ( 'NONE',  ( 0.05806925071595390314, 0.8999999999999999112, -0.02505884519767911933 ) ) ;
#5155 = EDGE_LOOP ( 'NONE', ( #4270, #4031, #2233, #5141 ) ) ;
#5156 =( NAMED_UNIT ( * ) PLANE_ANGLE_UNIT ( ) SI_UNIT ( $, .RADIAN. ) );
#5157 = CARTESIAN_POINT ( 'NONE',  ( 0.6500000000002216227, 0.8981499154203740343, -0.4000000000002689182 ) ) ;
#5158 = VECTOR ( 'NONE', #4769, 1000.000000000000000 ) ;
#5159 = LINE ( 'NONE', #4213, #2284 ) ;
#5160 = DIRECTION ( 'NONE',  ( -0.000000000000000000, -1.000000000000000000, -0.000000000000000000 ) ) ;
#5161 = VERTEX_POINT ( 'NONE', #4493 ) ;
#5162 = CARTESIAN_POINT ( 'NONE',  ( 0.1553380122158606602, 0.9000000000000000222, 0.01692411460207001242 ) ) ;
#5163 = PRESENTATION_LAYER_ASSIGNMENT (  '', '', ( #3277 ) ) ;
#5164 = CARTESIAN_POINT ( 'NONE',  ( -0.09341293221825144877, 0.8999999999999996891, 0.002096254690847113109 ) ) ;
#5165 = VERTEX_POINT ( 'NONE', #642 ) ;
#5166 = CARTESIAN_POINT ( 'NONE',  ( 0.03646992071202859176, 0.8999999999999998002, -0.05432422426270084453 ) ) ;
#5167 = CARTESIAN_POINT ( 'NONE',  ( 0.1104831504433550216, 0.9000000000000000222, -0.02815420072200854051 ) ) ;
#5168 = CARTESIAN_POINT ( 'NONE',  ( -0.1096891251976706561, 0.9010000000000000231, -0.05507727764508545815 ) ) ;
#5169 = ORIENTED_EDGE ( 'NONE', *, *, #504, .T. ) ;
#5170 =( GEOMETRIC_REPRESENTATION_CONTEXT ( 3 ) GLOBAL_UNCERTAINTY_ASSIGNED_CONTEXT ( ( #1989 ) ) GLOBAL_UNIT_ASSIGNED_CONTEXT ( ( #5440, #5380, #1092 ) ) REPRESENTATION_CONTEXT ( 'NONE', 'WORKASPACE' ) );
#5171 = CARTESIAN_POINT ( 'NONE',  ( -0.1254142854540808982, 0.9000000000000001332, -0.001331284055341868094 ) ) ;
#5172 = CARTESIAN_POINT ( 'NONE',  ( -0.01356075468747450739, 0.8999999999999996891, 0.04313015871786000932 ) ) ;
#5173 = CARTESIAN_POINT ( 'NONE',  ( 0.000000000000000000, 0.000000000000000000, 0.000000000000000000 ) ) ;
#5174 = CARTESIAN_POINT ( 'NONE',  ( 0.03088064976687979538, 0.9000000000000000222, 0.02044542291170237808 ) ) ;
#5175 = CARTESIAN_POINT ( 'NONE',  ( -0.8000000000000001554, 0.002000000000000048614, 0.000000000000000000 ) ) ;
#5176 = ORIENTED_EDGE ( 'NONE', *, *, #3612, .F. ) ;
#5177 = FACE_OUTER_BOUND ( 'NONE', #5284, .T. ) ;
#5178 = ADVANCED_FACE ( 'NONE', ( #777 ), #4600, .T. ) ;
#5179 = FILL_AREA_STYLE ('',( #2283 ) ) ;
#5180 = CARTESIAN_POINT ( 'NONE',  ( -0.1214463294316903835, 0.9009999999999998010, 0.04803869090871933784 ) ) ;
#5181 = CARTESIAN_POINT ( 'NONE',  ( 0.05981246014614854251, 0.9010000000000003562, 0.01042244463013075086 ) ) ;
#5182 = CLOSED_SHELL ( 'NONE', ( #4246, #1910, #5178, #4654, #3013, #1283, #682, #1147, #2126, #1725, #5683, #5648, #1867, #1992, #633, #4997, #4454, #70, #2828, #1552, #5188, #164, #5096, #2849, #4743, #679, #4313, #371, #5042, #4889, #3802, #3424, #1632, #3361, #4119, #3942, #3855, #3691, #4180, #1588, #3054, #5533, #1866, #688, #1019, #1021, #2986, #2510, #3252, #869, #3886, #1641, #2527, #2163, #3482, #4384, #2049, #2614, #4618, #3437, #3316, #2856, #1057, #5743 ) ) ;
#5183 = CARTESIAN_POINT ( 'NONE',  ( -0.07544239222216067575, 0.9000000000000000222, 0.002283083064514541700 ) ) ;
#5184 = CARTESIAN_POINT ( 'NONE',  ( 0.06048315044335499796, 0.9000000000000001332, -0.002473110978418791451 ) ) ;
#5185 = ORIENTED_EDGE ( 'NONE', *, *, #1359, .F. ) ;
#5186 = CARTESIAN_POINT ( 'NONE',  ( 0.05806925071595390314, 0.9009999999999999121, -0.02505884519767911933 ) ) ;
#5187 = DIRECTION ( 'NONE',  ( 0.000000000000000000, 0.000000000000000000, 1.000000000000000000 ) ) ;
#5188 = ADVANCED_FACE ( 'NONE', ( #4159 ), #3847, .T. ) ;
#5189 = CARTESIAN_POINT ( 'NONE',  ( -0.09829088801818347543, 0.9000000000000000222, 0.02523121594465813772 ) ) ;
#5190 = CARTESIAN_POINT ( 'NONE',  ( -0.1433630034027988664, 0.9010000000000000231, -0.001531604568162380853 ) ) ;
#5191 = FACE_OUTER_BOUND ( 'NONE', #5654, .T. ) ;
#5192 = ORIENTED_EDGE ( 'NONE', *, *, #2301, .F. ) ;
#5193 = SURFACE_STYLE_USAGE ( .BOTH. , #2787 ) ;
#5194 = CARTESIAN_POINT ( 'NONE',  ( -0.09703839552103453447, 0.9010000000000000231, 0.02294039184561323663 ) ) ;
#5195 = ORIENTED_EDGE ( 'NONE', *, *, #3895, .T. ) ;
#5196 = VECTOR ( 'NONE', #2180, 1000.000000000000000 ) ;
#5197 = CARTESIAN_POINT ( 'NONE',  ( 0.09290959279573006435, 0.9010000000000001341, -0.03081027932911266018 ) ) ;
#5198 = FACE_OUTER_BOUND ( 'NONE', #4509, .T. ) ;
#5199 = SURFACE_STYLE_USAGE ( .BOTH. , #4287 ) ;
#5200 = ORIENTED_EDGE ( 'NONE', *, *, #2401, .T. ) ;
#5201 = CARTESIAN_POINT ( 'NONE',  ( -0.1209935360155422607, 0.9000000000000001332, 0.02484074395873172095 ) ) ;
#5202 = DIRECTION ( 'NONE',  ( 0.000000000000000000, 0.000000000000000000, -1.000000000000000000 ) ) ;
#5203 = CARTESIAN_POINT ( 'NONE',  ( -0.1351498623771578422, 0.9010000000000000231, -0.04147551482457263738 ) ) ;
#5204 = CARTESIAN_POINT ( 'NONE',  ( -0.002363724413026379798, 0.9000000000000000222, 0.01998422432036872642 ) ) ;
#5205 = CARTESIAN_POINT ( 'NONE',  ( 0.6500000000000001332, 0.002000000000000000042, -0.4000000000000000222 ) ) ;
#5206 = CARTESIAN_POINT ( 'NONE',  ( -0.6492124365917352202, 0.0003051241943351597685, 0.3990955810924761704 ) ) ;
#5207 = CARTESIAN_POINT ( 'NONE',  ( -0.08778578607751608143, 0.9010000000000001341, -0.04665863452239823322 ) ) ;
#5208 = CARTESIAN_POINT ( 'NONE',  ( 0.1329314656948435702, 0.9009999999999999121, 0.02789227909562152011 ) ) ;
#5209 = CARTESIAN_POINT ( 'NONE',  ( 0.04378266446908801734, 0.9010000000000002451, 0.05003549220544335069 ) ) ;
#5210 = CARTESIAN_POINT ( 'NONE',  ( -0.1091682918643373246, 0.9010000000000000231, 0.05005092748311967821 ) ) ;
#5211 = ORIENTED_EDGE ( 'NONE', *, *, #2239, .F. ) ;
#5212 = CARTESIAN_POINT ( 'NONE',  ( 0.04517372589279967238, 0.9009999999999999121, -0.03710503881139981530 ) ) ;
#5213 = MECHANICAL_DESIGN_GEOMETRIC_PRESENTATION_REPRESENTATION (  '', ( #139 ), #626 ) ;
#5214 = CARTESIAN_POINT ( 'NONE',  ( 0.1362951414625118707, 0.9010000000000000231, 0.02315630041107206299 ) ) ;
#5215 = B_SPLINE_CURVE_WITH_KNOTS ( 'NONE', 3,
 ( #4242, #508, #1940, #3412, #1034, #2946, #933, #4845, #3294, #4214, #444 ),
 .UNSPECIFIED., .F., .F.,
 ( 4, 1, 1, 1, 1, 1, 1, 1, 4 ),
 ( 0.000000000000000000, 0.1323140339085642769, 0.2587000085531552251, 0.3809118214856530571, 0.5005348689728938982, 0.6209226176484481385, 0.7423757653984726090, 0.8682808341788561535, 0.9999999999999998890 ),
 .UNSPECIFIED. ) ;
#5216 = CARTESIAN_POINT ( 'NONE',  ( -0.1427945594816586450, 0.9010000000000002451, 0.01190364535197621296 ) ) ;
#5217 = CARTESIAN_POINT ( 'NONE',  ( 0.04988622236745462318, 0.8999999999999999112, 0.04976801119537206664 ) ) ;
#5218 = CARTESIAN_POINT ( 'NONE',  ( 0.1221818683920729426, 0.9010000000000000231, -0.03712855969636751075 ) ) ;
#5219 = CARTESIAN_POINT ( 'NONE',  ( -0.09105002984455548565, 0.8999999999999999112, 0.04486787705809486271 ) ) ;
#5220 = VERTEX_POINT ( 'NONE', #3827 ) ;
#5221 = CARTESIAN_POINT ( 'NONE',  ( 0.1389587314270021023, 0.9000000000000000222, -0.007207922666761779756 ) ) ;
#5222 = CARTESIAN_POINT ( 'NONE',  ( 0.1322780222382268223, 0.9010000000000000231, -0.02771349559380340694 ) ) ;
#5223 = ORIENTED_EDGE ( 'NONE', *, *, #751, .T. ) ;
#5224 = SURFACE_STYLE_FILL_AREA ( #1381 ) ;
#5225 = DIRECTION ( 'NONE',  ( -0.000000000000000000, -1.000000000000000000, -0.000000000000000000 ) ) ;
#5226 = CARTESIAN_POINT ( 'NONE',  ( -0.1392123269851533174, 0.8999999999999999112, 0.02885411966180112184 ) ) ;
#5227 =( GEOMETRIC_REPRESENTATION_CONTEXT ( 3 ) GLOBAL_UNCERTAINTY_ASSIGNED_CONTEXT ( ( #2494 ) ) GLOBAL_UNIT_ASSIGNED_CONTEXT ( ( #42, #5787, #1537 ) ) REPRESENTATION_CONTEXT ( 'NONE', 'WORKASPACE' ) );
#5228 = EDGE_CURVE ( 'NONE', #1825, #46, #3344, .T. ) ;
#5229 = ORIENTED_EDGE ( 'NONE', *, *, #1983, .F. ) ;
#5230 = CARTESIAN_POINT ( 'NONE',  ( 0.6492124365917355533, 0.8996948758056647621, -0.3990955810924762259 ) ) ;
#5231 = CARTESIAN_POINT ( 'NONE',  ( -0.1433128369311897354, 0.9000000000000002442, -0.008028240089001834404 ) ) ;
#5232 = CARTESIAN_POINT ( 'NONE',  ( 0.1080396951087097546, 0.8999999999999998002, 0.02491040918850950109 ) ) ;
#5233 = CARTESIAN_POINT ( 'NONE',  ( -0.04388002461517891140, 0.9010000000000000231, 0.02591206305688173450 ) ) ;
#5234 = UNCERTAINTY_MEASURE_WITH_UNIT (LENGTH_MEASURE( 1.000000000000000082E-05 ), #5358, 'distance_accuracy_value', 'NONE');
#5235 = CARTESIAN_POINT ( 'NONE',  ( -0.01127787598082151919, 0.9010000000000001341, 0.04102967842286889266 ) ) ;
#5236 = CARTESIAN_POINT ( 'NONE',  ( -1.108484219145106087, 0.000000000000000000, 8.924125261806806511E-17 ) ) ;
#5237 = CARTESIAN_POINT ( 'NONE',  ( 0.02866914299098107313, 0.9009999999999998010, 0.007309439108918356146 ) ) ;
#5238 = CARTESIAN_POINT ( 'NONE',  ( -0.1210770928777465949, 0.8999999999999996891, -0.02979219464340983337 ) ) ;
#5239 = CARTESIAN_POINT ( 'NONE',  ( -0.6497544626328461970, 0.8990232999191480889, 0.3997183879874684487 ) ) ;
#5240 = EDGE_CURVE ( 'NONE', #262, #894, #2604, .T. ) ;
#5241 = CARTESIAN_POINT ( 'NONE',  ( -0.07541428545408090933, 0.8999999999999996891, -0.002473110978418791451 ) ) ;
#5242 = CARTESIAN_POINT ( 'NONE',  ( 0.03632881830256298739, 0.8999999999999999112, -0.03429047515519519085 ) ) ;
#5243 = PLANE ( 'NONE',  #5629 ) ;
#5244 = CARTESIAN_POINT ( 'NONE',  ( 0.06043322162790244756, 0.9010000000000000231, 0.002096254690847114844 ) ) ;
#5245 = CARTESIAN_POINT ( 'NONE',  ( 0.04516028387286298573, 0.8999999999999999112, 0.03208557873180353098 ) ) ;
#5246 = CARTESIAN_POINT ( 'NONE',  ( -0.08071605463093385613, 0.9010000000000002451, 0.03120962677902499455 ) ) ;
#5247 = CARTESIAN_POINT ( 'NONE',  ( -0.1326815219244642796, 0.9009999999999999121, 0.04012640489766579333 ) ) ;
#5248 = CARTESIAN_POINT ( 'NONE',  ( -0.06101157430533583198, 0.9000000000000000222, 0.005060081850315027718 ) ) ;
#5249 = ORIENTED_EDGE ( 'NONE', *, *, #5906, .T. ) ;
#5250 = CARTESIAN_POINT ( 'NONE',  ( 0.05882165385868928786, 0.9010000000000003562, -0.02222262539735391992 ) ) ;
#5251 = CARTESIAN_POINT ( 'NONE',  ( 0.07840376162399319282, 0.8999999999999996891, 0.002283083064514541700 ) ) ;
#5252 = CARTESIAN_POINT ( 'NONE',  ( 0.1321753719026536877, 0.9009999999999999121, -0.02963524828149501078 ) ) ;
#5253 = CARTESIAN_POINT ( 'NONE',  ( -0.6494607962347299646, 0.8994465534612138269, -0.3993811167605287871 ) ) ;
#5254 = ORIENTED_EDGE ( 'NONE', *, *, #3168, .F. ) ;
#5255 = FILL_AREA_STYLE ('',( #3793 ) ) ;
#5256 = CARTESIAN_POINT ( 'NONE',  ( -0.6500000000000000222, 0.8979999999999999094, 0.4000000000000000222 ) ) ;
#5257 = EDGE_CURVE ( 'NONE', #5017, #5294, #6148, .T. ) ;
#5258 = CARTESIAN_POINT ( 'NONE',  ( 0.01051096587973921956, 0.9000000000000000222, 0.003164554580687266045 ) ) ;
#5259 = EDGE_LOOP ( 'NONE', ( #5185, #3354, #1532, #1886 ) ) ;
#5260 = CARTESIAN_POINT ( 'NONE',  ( -0.1239453729935185433, 0.9009999999999998010, -0.02133406143642728112 ) ) ;
#5261 = CARTESIAN_POINT ( 'NONE',  ( -0.1380899870702676779, 0.9000000000000000222, 0.03145960887674530831 ) ) ;
#5262 = EDGE_LOOP ( 'NONE', ( #5169, #4760, #2381, #2167, #5200 ) ) ;
#5263 = MECHANICAL_DESIGN_GEOMETRIC_PRESENTATION_REPRESENTATION (  '', ( #3277 ), #764 ) ;
#5264 = CARTESIAN_POINT ( 'NONE',  ( -0.1243500864666059191, 0.9010000000000000231, 0.01459980522673835074 ) ) ;
#5265 =( NAMED_UNIT ( * ) SI_UNIT ( $, .STERADIAN. ) SOLID_ANGLE_UNIT ( ) );
#5266 = CARTESIAN_POINT ( 'NONE',  ( 0.1329314656948435702, 0.8999999999999999112, 0.02789227909562152011 ) ) ;
#5267 = CARTESIAN_POINT ( 'NONE',  ( -0.02395272079906845750, 0.9010000000000001341, 0.04881379370536739065 ) ) ;
#5268 = EDGE_CURVE ( 'NONE', #4107, #2334, #511, .T. ) ;
#5269 = CARTESIAN_POINT ( 'NONE',  ( -0.6496535543390042911, 0.0007822321753715084404, 0.3996025823641713992 ) ) ;
#5270 = CARTESIAN_POINT ( 'NONE',  ( -0.6490108047624453258, 0.8998212189203390610, 0.3988634594555444113 ) ) ;
#5271 = COLOUR_RGB ( '',0.9411764705882352811, 0.9411764705882352811, 0.9411764705882352811 ) ;
#5272 = CARTESIAN_POINT ( 'NONE',  ( -0.07544032337707994029, 0.9010000000000003562, -0.007176082057569271692 ) ) ;
#5273 = CARTESIAN_POINT ( 'NONE',  ( 0.02843186839207294259, 0.8999999999999999112, -0.001331284055341868094 ) ) ;
#5274 = CARTESIAN_POINT ( 'NONE',  ( -0.1401874983050001577, 0.9010000000000001341, 0.02601360862749354727 ) ) ;
#5275 = CARTESIAN_POINT ( 'NONE',  ( 0.04516028387286298573, 0.9010000000000002451, 0.03208557873180353098 ) ) ;
#5276 = CARTESIAN_POINT ( 'NONE',  ( -0.07961711879485451615, 0.9010000000000000231, 0.02851237849927956008 ) ) ;
#5277 = ORIENTED_EDGE ( 'NONE', *, *, #1525, .F. ) ;
#5278 = CARTESIAN_POINT ( 'NONE',  ( -0.07641386399175892352, 0.9000000000000000222, -0.01996003725395848263 ) ) ;
#5279 = CARTESIAN_POINT ( 'NONE',  ( 0.1403825337612052415, 0.9010000000000001341, 0.04480331686869635371 ) ) ;
#5280 = CARTESIAN_POINT ( 'NONE',  ( 0.04988622236745462318, 0.9010000000000001341, 0.04976801119537206664 ) ) ;
#5281 = CARTESIAN_POINT ( 'NONE',  ( 0.1242867028555087183, 0.8999999999999998002, -0.03704897160494125680 ) ) ;
#5282 = CARTESIAN_POINT ( 'NONE',  ( -0.6498614298910190268, 0.8988006731200485211, -0.3998411293895272056 ) ) ;
#5283 = ORIENTED_EDGE ( 'NONE', *, *, #2988, .F. ) ;
#5284 = EDGE_LOOP ( 'NONE', ( #5569, #904, #1013, #3014 ) ) ;
#5285 = EDGE_CURVE ( 'NONE', #4210, #5951, #3233, .T. ) ;
#5286 = CARTESIAN_POINT ( 'NONE',  ( -0.6496535543390042911, 0.0007822321753715237276, -0.3996025823641713992 ) ) ;
#5287 = CARTESIAN_POINT ( 'NONE',  ( -0.6499563037950942812, 0.001555192991014079556, 0.3999499094262060073 ) ) ;
#5288 = ORIENTED_EDGE ( 'NONE', *, *, #3102, .F. ) ;
#5289 = CARTESIAN_POINT ( 'NONE',  ( 0.1280111011512378993, 0.9000000000000000222, -0.03568168892996764069 ) ) ;
#5290 = PLANE ( 'NONE',  #1364 ) ;
#5291 = VECTOR ( 'NONE', #4203, 1000.000000000000000 ) ;
#5292 = EDGE_CURVE ( 'NONE', #3859, #5682, #1169, .T. ) ;
#5293 = MECHANICAL_DESIGN_GEOMETRIC_PRESENTATION_REPRESENTATION (  '', ( #4594 ), #3109 ) ;
#5294 = VERTEX_POINT ( 'NONE', #2583 ) ;
#5295 = CARTESIAN_POINT ( 'NONE',  ( 0.6488050738202448819, 0.8998994340293755556, -0.3986262191057001747 ) ) ;
#5296 = LINE ( 'NONE', #5325, #1633 ) ;
#5297 = PLANE ( 'NONE',  #3583 ) ;
#5298 = CARTESIAN_POINT ( 'NONE',  ( 0.1348847435641315484, 0.9000000000000000222, 0.02564919577235347595 ) ) ;
#5299 = CARTESIAN_POINT ( 'NONE',  ( -0.03294633673613218960, 0.9010000000000000231, 0.05005092748311967821 ) ) ;
#5300 = CARTESIAN_POINT ( 'NONE',  ( 0.03285261783061165647, 0.9010000000000004672, 0.02484074395873171748 ) ) ;
#5301 = CARTESIAN_POINT ( 'NONE',  ( -0.1246827053896295001, 0.8999999999999995781, -0.01668914976313395915 ) ) ;
#5302 = CARTESIAN_POINT ( 'NONE',  ( -0.07701671376089365417, 0.8999999999999994671, -0.02367520802437588293 ) ) ;
#5303 = CARTESIAN_POINT ( 'NONE',  ( 0.04381233820210077290, 0.8999999999999999112, -0.03709133350761327497 ) ) ;
#5304 = EDGE_CURVE ( 'NONE', #3386, #4641, #56, .T. ) ;
#5305 = CARTESIAN_POINT ( 'NONE',  ( 0.01048315044335500039, 0.9010000000000000231, -0.001531604568162380853 ) ) ;
#5306 = CARTESIAN_POINT ( 'NONE',  ( -0.02590539170767639648, 0.9010000000000004672, 0.006085472254096219516 ) ) ;
#5307 = CARTESIAN_POINT ( 'NONE',  ( 0.1165619668732292974, 0.9010000000000000231, -0.03576086714140705447 ) ) ;
#5308 = CARTESIAN_POINT ( 'NONE',  ( -0.1368964323422363072, 0.9010000000000002451, 0.03388616946846450401 ) ) ;
#5309 = LINE ( 'NONE', #3348, #439 ) ;
#5310 = VERTEX_POINT ( 'NONE', #540 ) ;
#5311 = CARTESIAN_POINT ( 'NONE',  ( -0.08953833609346018019, 0.8999999999999999112, -0.04828525652437167665 ) ) ;
#5312 = CARTESIAN_POINT ( 'NONE',  ( -0.04506960565404592028, 0.8999999999999998002, 0.02344641335737677329 ) ) ;
#5313 = CARTESIAN_POINT ( 'NONE',  ( 0.1295061891827128941, 0.8999999999999998002, -0.03449535776333498976 ) ) ;
#5314 = DIRECTION ( 'NONE',  ( -1.000000000000000000, 0.000000000000000000, -0.000000000000000000 ) ) ;
#5315 = VERTEX_POINT ( 'NONE', #73 ) ;
#5316 = VERTEX_POINT ( 'NONE', #1130 ) ;
#5317 = CARTESIAN_POINT ( 'NONE',  ( -0.07701671376089365417, 0.9009999999999998010, -0.02367520802437588293 ) ) ;
#5318 = VERTEX_POINT ( 'NONE', #1040 ) ;
#5319 = CARTESIAN_POINT ( 'NONE',  ( -0.7980000000000000426, 0.8979999999999999094, 0.3980000000000000204 ) ) ;
#5320 = PRESENTATION_STYLE_ASSIGNMENT (( #569 ) ) ;
#5321 = VECTOR ( 'NONE', #5767, 1000.000000000000000 ) ;
#5322 = AXIS2_PLACEMENT_3D ( 'NONE', #3933, #4900, #613 ) ;
#5323 = VECTOR ( 'NONE', #1802, 1000.000000000000000 ) ;
#5324 = CARTESIAN_POINT ( 'NONE',  ( 0.6500000000000001332, 0.8979999999999999094, -0.4000000000000000222 ) ) ;
#5325 = CARTESIAN_POINT ( 'NONE',  ( 0.1206794645459190879, 0.9010000000000000231, 0.05005092748311967821 ) ) ;
#5326 = CARTESIAN_POINT ( 'NONE',  ( -0.7980000000000000426, 0.9000000000000000222, -0.4000000000000000222 ) ) ;
#5327 = FILL_AREA_STYLE ('',( #4831 ) ) ;
#5328 = CARTESIAN_POINT ( 'NONE',  ( 0.1076738391727582594, 0.9010000000000001341, 0.04786476210976885887 ) ) ;
#5329 = CARTESIAN_POINT ( 'NONE',  ( 0.05841265868871241274, 0.9010000000000001341, -0.05208803695162563668 ) ) ;
#5330 =( GEOMETRIC_REPRESENTATION_CONTEXT ( 3 ) GLOBAL_UNCERTAINTY_ASSIGNED_CONTEXT ( ( #4599 ) ) GLOBAL_UNIT_ASSIGNED_CONTEXT ( ( #4385, #4766, #1510 ) ) REPRESENTATION_CONTEXT ( 'NONE', 'WORKASPACE' ) );
#5331 = VECTOR ( 'NONE', #3269, 1000.000000000000000 ) ;
#5332 = CARTESIAN_POINT ( 'NONE',  ( 0.000000000000000000, 0.002000000000000048614, 0.3980000000000000204 ) ) ;
#5333 = CARTESIAN_POINT ( 'NONE',  ( 0.7980000000000000426, 0.000000000000000000, 0.3980000000000000204 ) ) ;
#5334 = DIRECTION ( 'NONE',  ( 0.000000000000000000, 1.000000000000000000, -0.000000000000000000 ) ) ;
#5335 = LINE ( 'NONE', #3934, #4568 ) ;
#5336 = EDGE_CURVE ( 'NONE', #1694, #138, #3533, .T. ) ;
#5337 = CARTESIAN_POINT ( 'NONE',  ( -0.07542383589220694184, 0.9010000000000002451, -0.0008569971373132183800 ) ) ;
#5338 = CARTESIAN_POINT ( 'NONE',  ( -0.02234448135969154328, 0.9010000000000003562, 0.02599648859591740038 ) ) ;
#5339 = EDGE_LOOP ( 'NONE', ( #2924, #4414, #1294 ) ) ;
#5340 = CARTESIAN_POINT ( 'NONE',  ( -0.1401874983050001577, 0.9000000000000000222, 0.02601360862749354727 ) ) ;
#5341 = CARTESIAN_POINT ( 'NONE',  ( -0.06386207497362006436, 0.9009999999999999121, 0.01799888276115502173 ) ) ;
#5342 = EDGE_LOOP ( 'NONE', ( #3711, #5715, #5348, #3144 ) ) ;
#5343 = CARTESIAN_POINT ( 'NONE',  ( 0.1446051914462124777, 0.9000000000000002442, -0.004162688792818869041 ) ) ;
#5344 = CARTESIAN_POINT ( 'NONE',  ( 0.1370401117806839819, 0.9000000000000001332, 0.01426247521144601016 ) ) ;
#5345 = CARTESIAN_POINT ( 'NONE',  ( 0.1159450455191941565, 0.9000000000000003553, -0.05454242277509081804 ) ) ;
#5346 =( LENGTH_UNIT ( ) NAMED_UNIT ( * ) SI_UNIT ( .MILLI., .METRE. ) );
#5347 = CARTESIAN_POINT ( 'NONE',  ( -0.06384980299756001787, 0.9010000000000001341, 0.01979074799024193101 ) ) ;
#5348 = ORIENTED_EDGE ( 'NONE', *, *, #3028, .T. ) ;
#5349 = ORIENTED_EDGE ( 'NONE', *, *, #2181, .T. ) ;
#5350 = CARTESIAN_POINT ( 'NONE',  ( -1.108484219145106087, 0.9000000000000000222, 8.924125261806806511E-17 ) ) ;
#5351 = CARTESIAN_POINT ( 'NONE',  ( 0.01105159436449522185, 0.9000000000000002442, 0.01190364535197621816 ) ) ;
#5352 = PLANE ( 'NONE',  #4477 ) ;
#5353 = CARTESIAN_POINT ( 'NONE',  ( 0.07842303136518254114, 0.9009999999999999121, -0.004069255259697149990 ) ) ;
#5354 = PRESENTATION_LAYER_ASSIGNMENT (  '', '', ( #3763 ) ) ;
#5355 = CARTESIAN_POINT ( 'NONE',  ( 0.6499341210850063666, 0.8985444178775763291, -0.3999244763379541934 ) ) ;
#5356 = ORIENTED_EDGE ( 'NONE', *, *, #5152, .T. ) ;
#5357 = DIRECTION ( 'NONE',  ( -1.000000000000000000, -0.000000000000000000, -0.000000000000000000 ) ) ;
#5358 =( LENGTH_UNIT ( ) NAMED_UNIT ( * ) SI_UNIT ( .MILLI., .METRE. ) );
#5359 = CARTESIAN_POINT ( 'NONE',  ( -0.1253608736877139807, 0.9009999999999999121, 0.003110909882816257407 ) ) ;
#5360 = UNCERTAINTY_MEASURE_WITH_UNIT (LENGTH_MEASURE( 1.000000000000000082E-05 ), #1268, 'distance_accuracy_value', 'NONE');
#5361 = CARTESIAN_POINT ( 'NONE',  ( 0.08750003206789755406, 0.8999999999999998002, 0.01796840213846135487 ) ) ;
#5362 =( GEOMETRIC_REPRESENTATION_CONTEXT ( 3 ) GLOBAL_UNCERTAINTY_ASSIGNED_CONTEXT ( ( #243 ) ) GLOBAL_UNIT_ASSIGNED_CONTEXT ( ( #1760, #4638, #3765 ) ) REPRESENTATION_CONTEXT ( 'NONE', 'WORKASPACE' ) );
#5363 = SURFACE_SIDE_STYLE ('',( #5954 ) ) ;
#5364 = CARTESIAN_POINT ( 'NONE',  ( 0.04925007120554896617, 0.9009999999999999121, -0.05476435226409977208 ) ) ;
#5365 = CARTESIAN_POINT ( 'NONE',  ( -0.02644415759604835242, 0.8999999999999998002, -0.01226605742458186134 ) ) ;
#5366 = CARTESIAN_POINT ( 'NONE',  ( 0.06926417921192774829, 0.9000000000000000222, 0.03817282335507567875 ) ) ;
#5367 = STYLED_ITEM ( 'NONE', ( #4491 ), #2016 ) ;
#5368 = EDGE_CURVE ( 'NONE', #4601, #792, #198, .T. ) ;
#5369 = CARTESIAN_POINT ( 'NONE',  ( 0.03512928878971834090, 0.9000000000000000222, -0.03318665845817703186 ) ) ;
#5370 = CARTESIAN_POINT ( 'NONE',  ( 0.04381233820210077290, 0.8999999999999996891, -0.03709133350761327497 ) ) ;
#5371 = CARTESIAN_POINT ( 'NONE',  ( -0.09105002984455548565, 0.9010000000000000231, 0.04486787705809486271 ) ) ;
#5372 = SURFACE_STYLE_FILL_AREA ( #3905 ) ;
#5373 = AXIS2_PLACEMENT_3D ( 'NONE', #4451, #629, #3418 ) ;
#5374 = CARTESIAN_POINT ( 'NONE',  ( -0.1239453729935185433, 0.9009999999999998010, -0.02133406143642728112 ) ) ;
#5375 = CARTESIAN_POINT ( 'NONE',  ( -0.1410553555008579873, 0.9000000000000000222, 0.02291271037115825970 ) ) ;
#5376 = SPHERICAL_SURFACE ( 'NONE', #5526, 0.002000000000000000042 ) ;
#5377 = ORIENTED_EDGE ( 'NONE', *, *, #5240, .T. ) ;
#5378 = FILL_AREA_STYLE ('',( #1591 ) ) ;
#5379 = SURFACE_STYLE_USAGE ( .BOTH. , #496 ) ;
#5380 =( NAMED_UNIT ( * ) PLANE_ANGLE_UNIT ( ) SI_UNIT ( $, .RADIAN. ) );
#5381 = CARTESIAN_POINT ( 'NONE',  ( -0.6482627733115841062, 0.9000000000000000222, -0.3979999999999999094 ) ) ;
#5382 = DIRECTION ( 'NONE',  ( -1.000000000000000000, 0.000000000000000000, 0.000000000000000000 ) ) ;
#5383 = CARTESIAN_POINT ( 'NONE',  ( -0.03616074893430133719, 0.8999999999999999112, 0.04998535090536614101 ) ) ;
#5384 = B_SPLINE_CURVE_WITH_KNOTS ( 'NONE', 3,
 ( #3172, #4131, #2761, #5540, #3737, #2303, #3643, #2270, #809, #4667, #3201, #3708, #5075, #5636, #2203, #1353, #4576, #1259, #4162 ),
 .UNSPECIFIED., .F., .F.,
 ( 4, 1, 1, 1, 1, 1, 1, 1, 1, 1, 1, 1, 1, 1, 1, 1, 4 ),
 ( 0.000000000000000000, 0.06332879336011479343, 0.1247364441626576115, 0.1849157484558914266, 0.2443004085890914390, 0.3038255705821009123, 0.3643529976730655040, 0.4260731436723973475, 0.4897209088385836018, 0.5537559315351888722, 0.6164580629276262824, 0.6783188623542998341, 0.7403009402150839691, 0.8026562643773395012, 0.8667321228001692024, 0.9321567378801841608, 1.000000000000000000 ),
 .UNSPECIFIED. ) ;
#5385 = CARTESIAN_POINT ( 'NONE',  ( -0.002420755531233757200, 0.9010000000000000231, 0.01565181306640116635 ) ) ;
#5386 = ORIENTED_EDGE ( 'NONE', *, *, #2751, .T. ) ;
#5387 = B_SPLINE_SURFACE_WITH_KNOTS ( 'NONE', 3, 1, ( 
 ( #5532, #5503 ),
 ( #773, #834 ),
 ( #4596, #2753 ),
 ( #1282, #289 ),
 ( #2226, #3192 ),
 ( #4123, #6032 ),
 ( #3663, #4657 ),
 ( #5097, #801 ),
 ( #2726, #380 ),
 ( #1814, #1195 ),
 ( #3106, #5013 ),
 ( #264, #2159 ),
 ( #3381, #865 ),
 ( #5214, #1875 ),
 ( #997, #29 ),
 ( #5747, #2914 ),
 ( #2881, #4688 ),
 ( #4815, #4309 ),
 ( #3846, #534 ) ),
 .UNSPECIFIED., .F., .F., .F.,
 ( 4, 1, 1, 1, 1, 1, 1, 1, 1, 1, 1, 1, 1, 1, 1, 1, 4 ),
 ( 2, 2 ),
 ( 0.000000000000000000, 0.06940222273327741054, 0.1359434277415494940, 0.2010203772821971824, 0.2641806354860674610, 0.3259547982266983168, 0.3884537906252658601, 0.4508185688551888948, 0.5142656197867420120, 0.5774921763904646843, 0.6388352985771121872, 0.6986336447043979270, 0.7580571493169930841, 0.8170324353081861446, 0.8764147980799066318, 0.9372779555277138686, 1.000000000000000000 ),
 ( 0.000000000000000000, 1.000000000000000000 ),
 .UNSPECIFIED. ) ;
#5388 = VERTEX_POINT ( 'NONE', #5753 ) ;
#5389 = CARTESIAN_POINT ( 'NONE',  ( 0.05215385959582016784, 0.8999999999999999112, 0.02942924365035958986 ) ) ;
#5390 = EDGE_CURVE ( 'NONE', #2691, #4821, #4347, .T. ) ;
#5391 =( NAMED_UNIT ( * ) SI_UNIT ( $, .STERADIAN. ) SOLID_ANGLE_UNIT ( ) );
#5392 =( LENGTH_UNIT ( ) NAMED_UNIT ( * ) SI_UNIT ( .MILLI., .METRE. ) );
#5393 = CARTESIAN_POINT ( 'NONE',  ( -0.8000000000000001554, 0.9000000000000000222, 0.3980000000000000204 ) ) ;
#5394 = CARTESIAN_POINT ( 'NONE',  ( 0.07788794684315270000, 0.9000000000000001332, -0.01596909689922644884 ) ) ;
#5395 = EDGE_CURVE ( 'NONE', #619, #5728, #2273, .T. ) ;
#5396 = PRESENTATION_LAYER_ASSIGNMENT (  '', '', ( #398 ) ) ;
#5397 = CARTESIAN_POINT ( 'NONE',  ( 0.01050027495300924485, 0.9010000000000001341, -0.003749255005359788083 ) ) ;
#5398 = FILL_AREA_STYLE_COLOUR ( '', #1873 ) ;
#5399 = DIRECTION ( 'NONE',  ( -0.4534971179101694450, 0.000000000000000000, 0.8912577427698284982 ) ) ;
#5400 = CARTESIAN_POINT ( 'NONE',  ( 0.1195095957710018142, 0.9010000000000000231, 0.05002540721166547077 ) ) ;
#5401 = CARTESIAN_POINT ( 'NONE',  ( 0.1553549453151499005, 0.9010000000000000231, 0.01767913261132480346 ) ) ;
#5402 = CARTESIAN_POINT ( 'NONE',  ( 0.03402350971728491935, 0.8999999999999998002, 0.02656327688198251852 ) ) ;
#5403 = CARTESIAN_POINT ( 'NONE',  ( -0.01334657485218893568, 0.9009999999999999121, -0.005805861075406997321 ) ) ;
#5404 = AXIS2_PLACEMENT_3D ( 'NONE', #1756, #1285, #5601 ) ;
#5405 = CARTESIAN_POINT ( 'NONE',  ( 0.07820383024967444974, 0.9000000000000003553, 0.006853463484889396606 ) ) ;
#5406 = SURFACE_STYLE_FILL_AREA ( #758 ) ;
#5407 = CARTESIAN_POINT ( 'NONE',  ( 0.04286015516400092790, 0.9010000000000000231, 0.03202971572816053908 ) ) ;
#5408 = CARTESIAN_POINT ( 'NONE',  ( 0.01694972150391758567, 0.8999999999999995781, 0.03388616946846450401 ) ) ;
#5409 = CARTESIAN_POINT ( 'NONE',  ( 0.1202410713347285970, 0.9009999999999999121, -0.03703302972852699770 ) ) ;
#5410 = CARTESIAN_POINT ( 'NONE',  ( -0.09930106055465111325, 0.9010000000000000231, 0.02682310018442015873 ) ) ;
#5411 = ORIENTED_EDGE ( 'NONE', *, *, #5760, .F. ) ;
#5412 = CARTESIAN_POINT ( 'NONE',  ( -0.08460747232871668189, 0.9000000000000002442, -0.04289115402682277395 ) ) ;
#5413 = CARTESIAN_POINT ( 'NONE',  ( 0.1553549453151499005, 0.9010000000000000231, 0.01767913261132480346 ) ) ;
#5414 = CARTESIAN_POINT ( 'NONE',  ( -0.04221171306209693663, 0.8999999999999999112, 0.02805372420993976212 ) ) ;
#5415 =( NAMED_UNIT ( * ) SI_UNIT ( $, .STERADIAN. ) SOLID_ANGLE_UNIT ( ) );
#5416 = CARTESIAN_POINT ( 'NONE',  ( 0.02845017530176954107, 0.9010000000000001341, 0.0001912801437514796308 ) ) ;
#5417 = CARTESIAN_POINT ( 'NONE',  ( -0.05893172514321852462, 0.9010000000000001341, 0.03567831928456167284 ) ) ;
#5418 = VERTEX_POINT ( 'NONE', #4009 ) ;
#5419 = CARTESIAN_POINT ( 'NONE',  ( -0.6486282395424920466, 3.333684034428517282E-05, -0.3984223011851882879 ) ) ;
#5420 = DIRECTION ( 'NONE',  ( -1.000000000000000000, 0.000000000000000000, 0.000000000000000000 ) ) ;
#5421 = PRESENTATION_STYLE_ASSIGNMENT (( #5554 ) ) ;
#5422 = DIRECTION ( 'NONE',  ( 0.000000000000000000, -1.000000000000000000, 0.000000000000000000 ) ) ;
#5423 = CARTESIAN_POINT ( 'NONE',  ( 0.05401431058997251816, 0.9010000000000000231, -0.05377069934923397326 ) ) ;
#5424 = CARTESIAN_POINT ( 'NONE',  ( 0.1164628270112569031, 0.8999999999999998002, -0.01562456911195958704 ) ) ;
#5425 = MECHANICAL_DESIGN_GEOMETRIC_PRESENTATION_REPRESENTATION (  '', ( #1626 ), #4824 ) ;
#5426 = CARTESIAN_POINT ( 'NONE',  ( -0.03068343618238688481, 0.8999999999999996891, 0.004015320735809066628 ) ) ;
#5427 = CARTESIAN_POINT ( 'NONE',  ( 0.09266115726932774854, 0.9010000000000000231, -0.02905139310101404262 ) ) ;
#5428 = CARTESIAN_POINT ( 'NONE',  ( 0.09725916972808303085, 0.9000000000000001332, 0.04113344901638305018 ) ) ;
#5429 = CARTESIAN_POINT ( 'NONE',  ( 0.1529675590454608047, 0.9010000000000001341, 0.03022892589919315420 ) ) ;
#5430 = DIRECTION ( 'NONE',  ( 0.000000000000000000, 0.000000000000000000, 1.000000000000000000 ) ) ;
#5431 = EDGE_CURVE ( 'NONE', #5318, #2241, #5997, .T. ) ;
#5432 = COLOUR_RGB ( '',0.9411764705882352811, 0.9411764705882352811, 0.9411764705882352811 ) ;
#5433 = CARTESIAN_POINT ( 'NONE',  ( 0.05686610891220741926, 0.8999999999999998002, 0.04803701660392661887 ) ) ;
#5434 = CARTESIAN_POINT ( 'NONE',  ( 0.1221818683920729426, 0.9000000000000000222, -0.03712855969636751075 ) ) ;
#5435 = CARTESIAN_POINT ( 'NONE',  ( 0.01575616677588616635, 0.9009999999999998010, 0.03145960887674529444 ) ) ;
#5436 = VECTOR ( 'NONE', #2308, 1000.000000000000000 ) ;
#5437 = CARTESIAN_POINT ( 'NONE',  ( -0.1187168650564355415, 0.9000000000000002442, -0.03318665845817704574 ) ) ;
#5438 = CARTESIAN_POINT ( 'NONE',  ( -0.09393958195852560034, 0.9009999999999998010, -0.01541684573134548611 ) ) ;
#5439 = CARTESIAN_POINT ( 'NONE',  ( -0.1110135770202495681, 0.8999999999999998002, -0.05503319143535111840 ) ) ;
#5440 =( LENGTH_UNIT ( ) NAMED_UNIT ( * ) SI_UNIT ( .MILLI., .METRE. ) );
#5441 = CARTESIAN_POINT ( 'NONE',  ( -0.03808131325791223876, 0.9010000000000002451, 0.03114619588807505599 ) ) ;
#5442 = CARTESIAN_POINT ( 'NONE',  ( -0.02404606552789235671, 0.9009999999999999121, 0.02811371051209027652 ) ) ;
#5443 = CARTESIAN_POINT ( 'NONE',  ( -0.05039475505793126336, 0.8999999999999999112, 0.04473908899036329462 ) ) ;
#5444 = CARTESIAN_POINT ( 'NONE',  ( -0.06387582391561938411, 0.9010000000000001341, 0.01878089543183762353 ) ) ;
#5445 = ORIENTED_EDGE ( 'NONE', *, *, #6160, .T. ) ;
#5446 = CARTESIAN_POINT ( 'NONE',  ( -0.09523094950925845015, 0.9010000000000003562, 0.01737089936649919772 ) ) ;
#5447 = CARTESIAN_POINT ( 'NONE',  ( -0.6497883585563697384, 0.8989549610486294862, 0.3997572847167403243 ) ) ;
#5448 =( NAMED_UNIT ( * ) PLANE_ANGLE_UNIT ( ) SI_UNIT ( $, .RADIAN. ) );
#5449 = CARTESIAN_POINT ( 'NONE',  ( 0.06771593466594856559, 0.9009999999999999121, -0.04486961594020563021 ) ) ;
#5450 = CARTESIAN_POINT ( 'NONE',  ( 0.07682944008526020052, 0.9000000000000000222, -0.02367520802437588293 ) ) ;
#5451 = CARTESIAN_POINT ( 'NONE',  ( 0.02846454424034329869, 0.9010000000000000231, -0.004783767752985832941 ) ) ;
#5452 = EDGE_CURVE ( 'NONE', #2605, #1378, #1747, .T. ) ;
#5453 = EDGE_CURVE ( 'NONE', #1417, #6127, #3131, .T. ) ;
#5454 =( NAMED_UNIT ( * ) PLANE_ANGLE_UNIT ( ) SI_UNIT ( $, .RADIAN. ) );
#5455 = CARTESIAN_POINT ( 'NONE',  ( 0.09350406578578641936, 0.8999999999999996891, -0.03335670842475401549 ) ) ;
#5456 = CARTESIAN_POINT ( 'NONE',  ( 0.1002067081356627226, 0.9010000000000000231, -0.04578240585021366854 ) ) ;
#5457 = CARTESIAN_POINT ( 'NONE',  ( -0.1058884164708306791, 0.8999999999999995781, -0.03670556409641050066 ) ) ;
#5458 = CARTESIAN_POINT ( 'NONE',  ( 0.1478736341426542811, 0.9009999999999999121, 0.03828274583643513640 ) ) ;
#5459 = CARTESIAN_POINT ( 'NONE',  ( -0.03334697776177321382, 0.8999999999999999112, 0.003897081329273516161 ) ) ;
#5460 = DIRECTION ( 'NONE',  ( -1.000000000000000000, 0.000000000000000000, 0.000000000000000000 ) ) ;
#5461 = CARTESIAN_POINT ( 'NONE',  ( 0.04227254596277583987, 0.8999999999999998002, -0.03701835041680134192 ) ) ;
#5462 = AXIS2_PLACEMENT_3D ( 'NONE', #769, #1277, #5555 ) ;
#5463 = CARTESIAN_POINT ( 'NONE',  ( 0.1449490554737691006, 0.9009999999999996900, -0.01408163950739839583 ) ) ;
#5464 = CARTESIAN_POINT ( 'NONE',  ( -0.002337362377157837026, 0.9010000000000000231, 0.01892111979081198200 ) ) ;
#5465 = PRESENTATION_STYLE_ASSIGNMENT (( #3565 ) ) ;
#5466 = CARTESIAN_POINT ( 'NONE',  ( -0.03294633673613218960, 0.8999999999999999112, 0.05005092748311967821 ) ) ;
#5467 = CARTESIAN_POINT ( 'NONE',  ( -0.1004453305665883728, 0.8999999999999999112, 0.02823865876485404450 ) ) ;
#5468 = SURFACE_SIDE_STYLE ('',( #1595 ) ) ;
#5469 = CARTESIAN_POINT ( 'NONE',  ( -0.03616074893430133719, 0.9010000000000000231, 0.04998535090536614101 ) ) ;
#5470 = CARTESIAN_POINT ( 'NONE',  ( -0.06046843192251432492, 0.9009999999999999121, 0.03307928641710486395 ) ) ;
#5471 = ORIENTED_EDGE ( 'NONE', *, *, #2913, .F. ) ;
#5472 = LINE ( 'NONE', #1193, #632 ) ;
#5473 = DIRECTION ( 'NONE',  ( 0.000000000000000000, -1.000000000000000000, 0.000000000000000000 ) ) ;
#5474 = CARTESIAN_POINT ( 'NONE',  ( -0.02826738363598399126, 0.8999999999999998002, 0.03117846460466699304 ) ) ;
#5475 = CARTESIAN_POINT ( 'NONE',  ( 0.07840583046907395603, 0.8999999999999998002, -0.007176082057569269958 ) ) ;
#5476 = CARTESIAN_POINT ( 'NONE',  ( 0.06606036776863781490, 0.9000000000000001332, -0.04665863452239824016 ) ) ;
#5477 = CARTESIAN_POINT ( 'NONE',  ( 0.02843186839207294259, 0.9010000000000000231, -0.001331284055341868094 ) ) ;
#5478 = B_SPLINE_SURFACE_WITH_KNOTS ( 'NONE', 3, 1, ( 
 ( #2199, #4100 ),
 ( #1693, #1226 ),
 ( #5045, #750 ),
 ( #2677, #5536 ),
 ( #6006, #3638 ),
 ( #4662, #5725 ),
 ( #2819, #901 ),
 ( #4726, #2357 ),
 ( #3265, #2298 ),
 ( #416, #4757 ),
 ( #6146, #2326 ) ),
 .UNSPECIFIED., .F., .F., .F.,
 ( 4, 1, 1, 1, 1, 1, 1, 1, 4 ),
 ( 2, 2 ),
 ( 0.000000000000000000, 0.1610711239484212132, 0.3107888083803541091, 0.4499038238309443494, 0.5783763165061849287, 0.6966172119048389400, 0.8059873227104096260, 0.9065617032890808114, 1.000000000000000000 ),
 ( 0.000000000000000000, 1.000000000000000000 ),
 .UNSPECIFIED. ) ;
#5479 = CARTESIAN_POINT ( 'NONE',  ( -0.05634377263356808718, 0.9010000000000000231, -0.005157405850213663684 ) ) ;
#5480 = CARTESIAN_POINT ( 'NONE',  ( -0.1220507317282067961, 0.9010000000000003562, 0.02281589720855811340 ) ) ;
#5481 = UNCERTAINTY_MEASURE_WITH_UNIT (LENGTH_MEASURE( 1.000000000000000082E-05 ), #3505, 'distance_accuracy_value', 'NONE');
#5482 = COLOUR_RGB ( '',0.7921568627450980005, 0.8196078431372548767, 0.9333333333333333481 ) ;
#5483 = CARTESIAN_POINT ( 'NONE',  ( 0.05882165385868928786, 0.9010000000000003562, -0.02222262539735391992 ) ) ;
#5484 = CARTESIAN_POINT ( 'NONE',  ( 0.1540215002807392985, 0.9009999999999999121, 0.02727136343670072752 ) ) ;
#5485 = CARTESIAN_POINT ( 'NONE',  ( -0.01127787598082151919, 0.9000000000000001332, 0.04102967842286889266 ) ) ;
#5486 = STYLED_ITEM ( 'NONE', ( #2255 ), #602 ) ;
#5487 = LINE ( 'NONE', #5895, #5127 ) ;
#5488 = CARTESIAN_POINT ( 'NONE',  ( 0.03793141743643656250, 0.9010000000000001341, -0.03544193953851068613 ) ) ;
#5489 = FACE_OUTER_BOUND ( 'NONE', #5339, .T. ) ;
#5490 = CARTESIAN_POINT ( 'NONE',  ( -0.04592710596690142977, 0.9010000000000000231, 0.01789948517542736678 ) ) ;
#5491 = FILL_AREA_STYLE ('',( #333 ) ) ;
#5492 = AXIS2_PLACEMENT_3D ( 'NONE', #4145, #6084, #6051 ) ;
#5493 = CARTESIAN_POINT ( 'NONE',  ( -0.09441403277565837970, 0.9009999999999999121, -0.01900855553905306597 ) ) ;
#5494 = FACE_OUTER_BOUND ( 'NONE', #1478, .T. ) ;
#5495 = VECTOR ( 'NONE', #2689, 1000.000000000000000 ) ;
#5496 = CARTESIAN_POINT ( 'NONE',  ( -0.7980000000000000426, 0.000000000000000000, 0.000000000000000000 ) ) ;
#5497 = FACE_OUTER_BOUND ( 'NONE', #6056, .T. ) ;
#5498 = CARTESIAN_POINT ( 'NONE',  ( -0.03402995676565412353, 0.8999999999999999112, 0.05002882076850426185 ) ) ;
#5499 = CARTESIAN_POINT ( 'NONE',  ( 0.1101055616635366330, 0.9000000000000000222, -0.05279604689752829400 ) ) ;
#5500 = EDGE_CURVE ( 'NONE', #2007, #1471, #5472, .T. ) ;
#5501 = ORIENTED_EDGE ( 'NONE', *, *, #478, .F. ) ;
#5502 = CARTESIAN_POINT ( 'NONE',  ( 0.01048315044335500039, 0.9010000000000000231, -0.001531604568162380853 ) ) ;
#5503 = CARTESIAN_POINT ( 'NONE',  ( 0.1216610350587396111, 0.9000000000000000222, 0.03210220953440172387 ) ) ;
#5504 = CARTESIAN_POINT ( 'NONE',  ( 0.06279612400159835517, 0.9010000000000004672, 0.04486787705809487659 ) ) ;
#5505 = CARTESIAN_POINT ( 'NONE',  ( 0.6484447241237958348, -6.201533639411050718E-14, -0.3982103961453939966 ) ) ;
#5506 = CARTESIAN_POINT ( 'NONE',  ( 0.1322171868680274698, 0.9010000000000001341, -0.02617342464058107845 ) ) ;
#5507 = CARTESIAN_POINT ( 'NONE',  ( 0.02916344845652427825, 0.8999999999999998002, -0.01668914976313396609 ) ) ;
#5508 = ORIENTED_EDGE ( 'NONE', *, *, #812, .F. ) ;
#5509 = DIRECTION ( 'NONE',  ( 1.000000000000000000, 0.000000000000000000, 0.000000000000000000 ) ) ;
#5510 = CARTESIAN_POINT ( 'NONE',  ( -0.1248084730665089404, 0.9010000000000002451, 0.01113043878050292736 ) ) ;
#5511 = CARTESIAN_POINT ( 'NONE',  ( 0.06046385946214915402, 0.9009999999999999121, -0.007083230377343272335 ) ) ;
#5512 = SURFACE_STYLE_FILL_AREA ( #1699 ) ;
#5513 = CARTESIAN_POINT ( 'NONE',  ( 0.1206794645459190879, 0.9000000000000000222, 0.05005092748311967821 ) ) ;
#5514 = ORIENTED_EDGE ( 'NONE', *, *, #3096, .F. ) ;
#5515 = PRESENTATION_LAYER_ASSIGNMENT (  '', '', ( #1626 ) ) ;
#5516 = CARTESIAN_POINT ( 'NONE',  ( 0.01966169670463408653, 0.8999999999999996891, 0.03820937448549744514 ) ) ;
#5517 = B_SPLINE_CURVE_WITH_KNOTS ( 'NONE', 3,
 ( #1785, #413, #4690, #4067, #5975, #1691, #473, #2415, #2386, #1468, #5720, #3321, #3384, #1850, #3883 ),
 .UNSPECIFIED., .F., .F.,
 ( 4, 1, 1, 1, 1, 1, 1, 1, 1, 1, 1, 1, 4 ),
 ( 0.000000000000000000, 0.1417037608121974046, 0.2650996741797984058, 0.3700579908892221992, 0.4580235488018164491, 0.5359935177706010023, 0.6098476150495563131, 0.6800751591995021217, 0.7485870935521846681, 0.8156303639700218655, 0.8780707438861864444, 0.9395839280433527785, 1.000000000000000000 ),
 .UNSPECIFIED. ) ;
#5518 = DIRECTION ( 'NONE',  ( -1.000000000000000000, 0.000000000000000000, 0.000000000000000000 ) ) ;
#5519 = CARTESIAN_POINT ( 'NONE',  ( -0.6500000000000001332, 0.000000000000000000, -0.3980000000000000204 ) ) ;
#5520 = AXIS2_PLACEMENT_3D ( 'NONE', #2178, #3088, #1768 ) ;
#5521 = MECHANICAL_DESIGN_GEOMETRIC_PRESENTATION_REPRESENTATION (  '', ( #1728 ), #2830 ) ;
#5522 = VERTEX_POINT ( 'NONE', #5038 ) ;
#5523 = DIRECTION ( 'NONE',  ( -0.8919390152644690595, 0.000000000000000000, -0.4521557177002731853 ) ) ;
#5524 = EDGE_CURVE ( 'NONE', #5951, #4846, #1302, .T. ) ;
#5525 = CARTESIAN_POINT ( 'NONE',  ( 0.6496986715062429418, 0.8991443325614261184, 0.3996543745754762567 ) ) ;
#5526 = AXIS2_PLACEMENT_3D ( 'NONE', #2472, #4306, #1901 ) ;
#5527 = CARTESIAN_POINT ( 'NONE',  ( 0.1261342914271748883, 0.9000000000000002442, -0.01829328161422361099 ) ) ;
#5528 = CARTESIAN_POINT ( 'NONE',  ( 0.7980000000000000426, 0.8979999999999999094, -0.3980000000000000204 ) ) ;
#5529 = CARTESIAN_POINT ( 'NONE',  ( -0.09393958195852560034, 0.8999999999999998002, -0.01541684573134548611 ) ) ;
#5530 = EDGE_LOOP ( 'NONE', ( #697, #2422, #1999, #5445, #973, #8, #454, #4847 ) ) ;
#5531 = CARTESIAN_POINT ( 'NONE',  ( 0.01207987255814697500, 0.9010000000000000231, 0.01952557634894604502 ) ) ;
#5532 = CARTESIAN_POINT ( 'NONE',  ( 0.1216610350587396111, 0.9010000000000000231, 0.03210220953440172387 ) ) ;
#5533 = ADVANCED_FACE ( 'NONE', ( #2320 ), #1498, .T. ) ;
#5534 = CARTESIAN_POINT ( 'NONE',  ( 0.1368453299305345261, 0.9010000000000000231, -0.007901796875854688249 ) ) ;
#5535 = CARTESIAN_POINT ( 'NONE',  ( 0.6482627733115838842, 0.9000000000000000222, 0.3980000000000000204 ) ) ;
#5536 = CARTESIAN_POINT ( 'NONE',  ( -0.1428941049213635073, 0.8999999999999996891, -0.01421012942464640501 ) ) ;
#5537 = CARTESIAN_POINT ( 'NONE',  ( 0.07525025732442390536, 0.9000000000000000222, 0.02558555698863765326 ) ) ;
#5538 = VERTEX_POINT ( 'NONE', #929 ) ;
#5539 = CYLINDRICAL_SURFACE ( 'NONE', #3739, 0.001999999999999994404 ) ;
#5540 = CARTESIAN_POINT ( 'NONE',  ( -0.02644415759604835242, 0.8999999999999999112, -0.01226605742458186134 ) ) ;
#5541 = CARTESIAN_POINT ( 'NONE',  ( -0.03094313160792706158, 0.9010000000000000231, -0.05507727764508545815 ) ) ;
#5542 = CARTESIAN_POINT ( 'NONE',  ( -0.03589353398978704923, 0.9000000000000000222, 0.004013886482805383710 ) ) ;
#5543 = ORIENTED_EDGE ( 'NONE', *, *, #121, .T. ) ;
#5544 = CARTESIAN_POINT ( 'NONE',  ( 0.03700428878723577980, 0.8999999999999998002, 0.04933522291535232668 ) ) ;
#5545 = FACE_OUTER_BOUND ( 'NONE', #3234, .T. ) ;
#5546 = DIRECTION ( 'NONE',  ( 1.000000000000000000, 0.000000000000000000, 0.000000000000000000 ) ) ;
#5547 = CARTESIAN_POINT ( 'NONE',  ( 0.000000000000000000, 0.002000000000000048614, 0.3980000000000000204 ) ) ;
#5548 = CARTESIAN_POINT ( 'NONE',  ( -0.09523094950925845015, 0.9000000000000003553, 0.01737089936649919772 ) ) ;
#5549 = DIRECTION ( 'NONE',  ( 0.000000000000000000, 0.000000000000000000, -1.000000000000000000 ) ) ;
#5550 = ORIENTED_EDGE ( 'NONE', *, *, #5453, .F. ) ;
#5551 = DIRECTION ( 'NONE',  ( 0.000000000000000000, 0.000000000000000000, 1.000000000000000000 ) ) ;
#5552 = CARTESIAN_POINT ( 'NONE',  ( 0.09960077404113298893, 0.9010000000000000231, 0.04322754473611262888 ) ) ;
#5553 = CARTESIAN_POINT ( 'NONE',  ( 0.8000000000000001554, 0.8979999999999999094, 0.000000000000000000 ) ) ;
#5554 = SURFACE_STYLE_USAGE ( .BOTH. , #1133 ) ;
#5555 = DIRECTION ( 'NONE',  ( 0.000000000000000000, 0.000000000000000000, -1.000000000000000000 ) ) ;
#5556 = CARTESIAN_POINT ( 'NONE',  ( -0.1086724279533542031, 0.8999999999999999112, -0.03710503881139981530 ) ) ;
#5557 = CARTESIAN_POINT ( 'NONE',  ( -0.1091682918643373246, 0.8999999999999999112, 0.05005092748311967821 ) ) ;
#5558 = VERTEX_POINT ( 'NONE', #440 ) ;
#5559 = CARTESIAN_POINT ( 'NONE',  ( 0.01071200778105648246, 0.9010000000000000231, 0.007674721884922071184 ) ) ;
#5560 = MECHANICAL_DESIGN_GEOMETRIC_PRESENTATION_REPRESENTATION (  '', ( #5367 ), #672 ) ;
#5561 = CARTESIAN_POINT ( 'NONE',  ( 0.1149019944265814025, 0.9010000000000003562, -0.03466037262701119476 ) ) ;
#5562 = CARTESIAN_POINT ( 'NONE',  ( -0.1030325472557836047, 0.8999999999999998002, 0.03040672219967175890 ) ) ;
#5563 = CARTESIAN_POINT ( 'NONE',  ( 0.7980000000000000426, 0.9000000000000000222, -0.4000000000000000222 ) ) ;
#5564 = CARTESIAN_POINT ( 'NONE',  ( -0.05507873615008900686, 0.9000000000000000222, 0.04059183390647280731 ) ) ;
#5565 = AXIS2_PLACEMENT_3D ( 'NONE', #2900, #4741, #523 ) ;
#5566 = EDGE_LOOP ( 'NONE', ( #421, #4579, #807, #5543 ) ) ;
#5567 = DIRECTION ( 'NONE',  ( -1.000000000000000000, -0.000000000000000000, -0.000000000000000000 ) ) ;
#5568 = ADVANCED_FACE ( 'NONE', ( #5716 ), #833, .T. ) ;
#5569 = ORIENTED_EDGE ( 'NONE', *, *, #5228, .F. ) ;
#5570 = B_SPLINE_CURVE_WITH_KNOTS ( 'NONE', 3,
 ( #144, #1073, #1105, #3982, #2618, #176, #206, #2984, #4014, #4954, #2047 ),
 .UNSPECIFIED., .F., .F.,
 ( 4, 1, 1, 1, 1, 1, 1, 1, 4 ),
 ( 0.000000000000000000, 0.1241007034540099335, 0.2443161303745126356, 0.3644659408319804172, 0.4858539930671595952, 0.6089147941772744543, 0.7343009187589540909, 0.8639428169458325257, 1.000000000000000000 ),
 .UNSPECIFIED. ) ;
#5571 = EDGE_CURVE ( 'NONE', #6172, #1250, #2879, .T. ) ;
#5572 = CARTESIAN_POINT ( 'NONE',  ( 0.1294633625288037493, 0.9000000000000001332, 0.005004767288519759542 ) ) ;
#5573 = LINE ( 'NONE', #359, #565 ) ;
#5574 = CARTESIAN_POINT ( 'NONE',  ( -0.09336300340279886367, 0.8999999999999999112, -0.002473110978418791885 ) ) ;
#5575 = B_SPLINE_CURVE_WITH_KNOTS ( 'NONE', 3,
 ( #2406, #21, #4805, #4744, #5801, #122, #86, #6164, #4301, #525, #1516, #1928, #2023, #57, #1022 ),
 .UNSPECIFIED., .F., .F.,
 ( 4, 1, 1, 1, 1, 1, 1, 1, 1, 1, 1, 1, 4 ),
 ( 0.000000000000000000, 0.09253783465933068664, 0.1855907730267336853, 0.2795524791599529602, 0.3756022954876758746, 0.4276167156194811692, 0.4871168707665554654, 0.5541989278073822245, 0.6286239860240634414, 0.7096875605186883096, 0.7991807418287657505, 0.8953573266116912066, 1.000000000000000000 ),
 .UNSPECIFIED. ) ;
#5576 = CARTESIAN_POINT ( 'NONE',  ( 1.108484219145106087, 0.9000000000000000222, 8.924125261806806511E-17 ) ) ;
#5577 = EDGE_CURVE ( 'NONE', #510, #5850, #2871, .T. ) ;
#5578 = ORIENTED_EDGE ( 'NONE', *, *, #2941, .T. ) ;
#5579 = PRESENTATION_STYLE_ASSIGNMENT (( #3276 ) ) ;
#5580 = CARTESIAN_POINT ( 'NONE',  ( 0.1210948884577786044, 0.9000000000000001332, 0.002037519422486437116 ) ) ;
#5581 = FILL_AREA_STYLE_COLOUR ( '', #4428 ) ;
#5582 =( NAMED_UNIT ( * ) SI_UNIT ( $, .STERADIAN. ) SOLID_ANGLE_UNIT ( ) );
#5583 = FILL_AREA_STYLE ('',( #6018 ) ) ;
#5584 = CARTESIAN_POINT ( 'NONE',  ( -0.1092484200694655294, 0.9000000000000001332, 0.03210220953440172387 ) ) ;
#5585 = AXIS2_PLACEMENT_3D ( 'NONE', #4614, #4058, #5549 ) ;
#5586 = ORIENTED_EDGE ( 'NONE', *, *, #3597, .F. ) ;
#5587 = CARTESIAN_POINT ( 'NONE',  ( -0.08613021918020526135, 0.9009999999999999121, -0.04486961594020563021 ) ) ;
#5588 = CARTESIAN_POINT ( 'NONE',  ( 0.1076738391727582594, 0.9010000000000001341, 0.04786476210976885887 ) ) ;
#5589 = VECTOR ( 'NONE', #2431, 1000.000000000000000 ) ;
#5590 = SURFACE_STYLE_FILL_AREA ( #2188 ) ;
#5591 = CARTESIAN_POINT ( 'NONE',  ( -0.04395257645172453292, 0.9009999999999995790, 0.009975746324094651035 ) ) ;
#5592 = CARTESIAN_POINT ( 'NONE',  ( 0.1212118983669501215, 0.9000000000000001332, -0.05505387344039900516 ) ) ;
#5593 = CARTESIAN_POINT ( 'NONE',  ( -0.08930960693900930059, 0.8999999999999999112, 0.04344869368045998353 ) ) ;
#5594 = ORIENTED_EDGE ( 'NONE', *, *, #111, .T. ) ;
#5595 =( GEOMETRIC_REPRESENTATION_CONTEXT ( 3 ) GLOBAL_UNCERTAINTY_ASSIGNED_CONTEXT ( ( #1483 ) ) GLOBAL_UNIT_ASSIGNED_CONTEXT ( ( #3156, #4091, #3187 ) ) REPRESENTATION_CONTEXT ( 'NONE', 'WORKASPACE' ) );
#5596 = CARTESIAN_POINT ( 'NONE',  ( 0.04953125887741578748, 0.9010000000000003562, -0.03612144464661386223 ) ) ;
#5597 = CARTESIAN_POINT ( 'NONE',  ( 0.1111371681579148146, 0.9000000000000000222, -0.03005849693722792079 ) ) ;
#5598 = B_SPLINE_CURVE_WITH_KNOTS ( 'NONE', 3,
 ( #2262, #6003, #1316, #5041, #5627, #1224, #291, #3194, #1720, #3634, #775 ),
 .UNSPECIFIED., .F., .F.,
 ( 4, 1, 1, 1, 1, 1, 1, 1, 4 ),
 ( 0.000000000000000000, 0.1241007034540099335, 0.2443161303745126356, 0.3644659408319804172, 0.4858539930671595952, 0.6089147941772744543, 0.7343009187589540909, 0.8639428169458325257, 1.000000000000000000 ),
 .UNSPECIFIED. ) ;
#5599 = CARTESIAN_POINT ( 'NONE',  ( -0.1016922942503337007, 0.9000000000000000222, 0.02942924365035957252 ) ) ;
#5600 = CARTESIAN_POINT ( 'NONE',  ( 0.6490108047624456589, 0.0001787810796609284967, -0.3988634594555445223 ) ) ;
#5601 = DIRECTION ( 'NONE',  ( -1.000000000000000000, 0.000000000000000000, -0.000000000000000000 ) ) ;
#5602 = VERTEX_POINT ( 'NONE', #1557 ) ;
#5603 = CARTESIAN_POINT ( 'NONE',  ( -0.6487064766444698982, 4.904257382554202374E-05, -0.3985126226412293859 ) ) ;
#5604 = ORIENTED_EDGE ( 'NONE', *, *, #5119, .T. ) ;
#5605 = CARTESIAN_POINT ( 'NONE',  ( 0.04024213461552912652, 0.9010000000000000231, -0.05494696498555177999 ) ) ;
#5606 = CARTESIAN_POINT ( 'NONE',  ( -0.03248559955664501869, 0.9000000000000000222, -0.01276958533739315158 ) ) ;
#5607 = CARTESIAN_POINT ( 'NONE',  ( -0.1368964323422363072, 0.9000000000000002442, 0.03388616946846450401 ) ) ;
#5608 = ORIENTED_EDGE ( 'NONE', *, *, #1678, .F. ) ;
#5609 = CARTESIAN_POINT ( 'NONE',  ( 0.1210948884577786044, 0.9010000000000001341, 0.002037519422486437116 ) ) ;
#5610 = CARTESIAN_POINT ( 'NONE',  ( -0.04511658662355376437, 0.9010000000000001341, 0.01238664726053213816 ) ) ;
#5611 = CARTESIAN_POINT ( 'NONE',  ( -0.002415830853445327751, 0.8999999999999998002, 0.02208552609784503185 ) ) ;
#5612 = ADVANCED_FACE ( 'NONE', ( #3469 ), #4814, .T. ) ;
#5613 = CARTESIAN_POINT ( 'NONE',  ( 0.1061223152995682401, 0.8999999999999998002, 0.02034502454148890555 ) ) ;
#5614 = PRESENTATION_STYLE_ASSIGNMENT (( #3719 ) ) ;
#5615 = CARTESIAN_POINT ( 'NONE',  ( 0.09513923709199702261, 0.9009999999999999121, 0.03878399252164615313 ) ) ;
#5616 = DIRECTION ( 'NONE',  ( 0.000000000000000000, 0.000000000000000000, 1.000000000000000000 ) ) ;
#5617 = CARTESIAN_POINT ( 'NONE',  ( 0.05932618959848551948, 0.8999999999999998002, 0.01407506535255782613 ) ) ;
#5618 = CIRCLE ( 'NONE', #2931, 0.001999999999999994404 ) ;
#5619 = CARTESIAN_POINT ( 'NONE',  ( 0.1440917133001727302, 0.9010000000000002451, -0.04537587113212673134 ) ) ;
#5620 = CARTESIAN_POINT ( 'NONE',  ( 1.108484219145106087, 0.9000000000000000222, 8.924125261806806511E-17 ) ) ;
#5621 = ORIENTED_EDGE ( 'NONE', *, *, #2636, .F. ) ;
#5622 =( GEOMETRIC_REPRESENTATION_CONTEXT ( 3 ) GLOBAL_UNCERTAINTY_ASSIGNED_CONTEXT ( ( #3988 ) ) GLOBAL_UNIT_ASSIGNED_CONTEXT ( ( #3567, #1123, #5934 ) ) REPRESENTATION_CONTEXT ( 'NONE', 'WORKASPACE' ) );
#5623 = AXIS2_PLACEMENT_3D ( 'NONE', #1053, #3932, #3869 ) ;
#5624 = CARTESIAN_POINT ( 'NONE',  ( 0.05806925071595390314, 0.8999999999999996891, -0.02505884519767911933 ) ) ;
#5625 = CARTESIAN_POINT ( 'NONE',  ( 0.6496986715062430529, 0.8991443325614261184, -0.3996543745754762567 ) ) ;
#5626 = CARTESIAN_POINT ( 'NONE',  ( 0.07741579153815290881, 0.9010000000000001341, 0.01516769326465640562 ) ) ;
#5627 = CARTESIAN_POINT ( 'NONE',  ( 0.1483755172761427599, 0.9009999999999996900, -0.01951704324108728336 ) ) ;
#5628 = CARTESIAN_POINT ( 'NONE',  ( -0.03927863115389810394, 0.8999999999999999112, 0.04949860300472256475 ) ) ;
#5629 = AXIS2_PLACEMENT_3D ( 'NONE', #3714, #1800, #4736 ) ;
#5630 = ORIENTED_EDGE ( 'NONE', *, *, #5112, .F. ) ;
#5631 = CARTESIAN_POINT ( 'NONE',  ( 0.1526204171532681286, 0.9000000000000000222, 0.005184172471512125263 ) ) ;
#5632 = ADVANCED_FACE ( 'NONE', ( #3006 ), #5995, .T. ) ;
#5633 = CARTESIAN_POINT ( 'NONE',  ( -0.09338007811455235896, 0.9010000000000000231, -0.0009104742326478412967 ) ) ;
#5634 = ORIENTED_EDGE ( 'NONE', *, *, #1153, .T. ) ;
#5635 = CARTESIAN_POINT ( 'NONE',  ( 0.09510283403057798179, 0.9009999999999996900, -0.03804901686015350198 ) ) ;
#5636 = CARTESIAN_POINT ( 'NONE',  ( -0.004497835751196229727, 0.8999999999999998002, 0.006511813943554324927 ) ) ;
#5637 = CARTESIAN_POINT ( 'NONE',  ( 0.05861520433689539067, 0.9000000000000000222, 0.01737089936649918037 ) ) ;
#5638 = EDGE_CURVE ( 'NONE', #6138, #5017, #2122, .T. ) ;
#5639 = EDGE_LOOP ( 'NONE', ( #2258, #3264, #3718, #4111 ) ) ;
#5640 = CARTESIAN_POINT ( 'NONE',  ( -0.02590539170767639648, 0.9000000000000003553, 0.006085472254096219516 ) ) ;
#5641 =( LENGTH_UNIT ( ) NAMED_UNIT ( * ) SI_UNIT ( .MILLI., .METRE. ) );
#5642 = CARTESIAN_POINT ( 'NONE',  ( -0.007348420684687191964, 0.9000000000000001332, 0.03626959370798461813 ) ) ;
#5643 =( NAMED_UNIT ( * ) SI_UNIT ( $, .STERADIAN. ) SOLID_ANGLE_UNIT ( ) );
#5644 = CARTESIAN_POINT ( 'NONE',  ( 0.04286015516400092790, 0.9000000000000000222, 0.03202971572816053908 ) ) ;
#5645 = CARTESIAN_POINT ( 'NONE',  ( -0.6500000000000000222, 0.8981845218085255933, 0.4000000000000000222 ) ) ;
#5646 = CARTESIAN_POINT ( 'NONE',  ( -0.1096891251976706561, 0.9010000000000000231, -0.05507727764508545815 ) ) ;
#5647 = CARTESIAN_POINT ( 'NONE',  ( 0.08828812155769999448, 0.9010000000000000231, 0.02398731132899512009 ) ) ;
#5648 = ADVANCED_FACE ( 'NONE', ( #5494 ), #112, .T. ) ;
#5649 = CARTESIAN_POINT ( 'NONE',  ( -0.1326815219244642796, 0.9009999999999999121, 0.04012640489766579333 ) ) ;
#5650 = CARTESIAN_POINT ( 'NONE',  ( 0.05215385959582016784, 0.8999999999999998002, 0.02942924365035958986 ) ) ;
#5651 = CARTESIAN_POINT ( 'NONE',  ( 0.1491501132992359147, 0.9000000000000001332, -0.03646144908670187479 ) ) ;
#5652 = CARTESIAN_POINT ( 'NONE',  ( -0.07775000797419885645, 0.9009999999999998010, 0.02238201666804670240 ) ) ;
#5653 = CARTESIAN_POINT ( 'NONE',  ( -0.09291234116942015397, 0.9000000000000001332, 0.04609433629878718214 ) ) ;
#5654 = EDGE_LOOP ( 'NONE', ( #5978, #3851, #3446, #3305 ) ) ;
#5655 = CARTESIAN_POINT ( 'NONE',  ( -0.04025313927853307189, 0.8999999999999999112, 0.02983146877488832005 ) ) ;
#5656 = SURFACE_SIDE_STYLE ('',( #2413 ) ) ;
#5657 = AXIS2_PLACEMENT_3D ( 'NONE', #2851, #6119, #898 ) ;
#5658 = CARTESIAN_POINT ( 'NONE',  ( 0.05896881845834883035, 0.9000000000000000222, 0.04716697732936904475 ) ) ;
#5659 = CARTESIAN_POINT ( 'NONE',  ( -0.1358176380709161246, 0.9010000000000000231, -0.04037444852957392666 ) ) ;
#5660 = CARTESIAN_POINT ( 'NONE',  ( -0.05281822343934840930, 0.8999999999999998002, 0.04279260289393457817 ) ) ;
#5661 = ORIENTED_EDGE ( 'NONE', *, *, #6170, .T. ) ;
#5662 = CARTESIAN_POINT ( 'NONE',  ( 0.1547050852019053457, 0.9000000000000002442, 0.01109674178380970835 ) ) ;
#5663 = AXIS2_PLACEMENT_3D ( 'NONE', #3060, #3990, #1117 ) ;
#5664 = CARTESIAN_POINT ( 'NONE',  ( -0.09788645621464792113, 0.9000000000000000222, 0.02449150522857129406 ) ) ;
#5665 = VERTEX_POINT ( 'NONE', #2607 ) ;
#5666 = FILL_AREA_STYLE_COLOUR ( '', #4439 ) ;
#5667 = VECTOR ( 'NONE', #1047, 1000.000000000000000 ) ;
#5668 = ORIENTED_EDGE ( 'NONE', *, *, #2458, .F. ) ;
#5669 = PRESENTATION_LAYER_ASSIGNMENT (  '', '', ( #4371 ) ) ;
#5670 = CARTESIAN_POINT ( 'NONE',  ( -0.1251770108551727434, 0.9000000000000000222, 0.007309439108918358748 ) ) ;
#5671 = CARTESIAN_POINT ( 'NONE',  ( 0.1104831504433550216, 0.9010000000000000231, -0.02815420072200854051 ) ) ;
#5672 = UNCERTAINTY_MEASURE_WITH_UNIT (LENGTH_MEASURE( 1.000000000000000082E-05 ), #2210, 'distance_accuracy_value', 'NONE');
#5673 = CARTESIAN_POINT ( 'NONE',  ( 0.6492970924032267499, 0.0003738069421418122843, -0.3991929659193230728 ) ) ;
#5674 = PLANE ( 'NONE',  #4530 ) ;
#5675 = CARTESIAN_POINT ( 'NONE',  ( -0.1175173355435908812, 0.9000000000000000222, -0.03429047515519517003 ) ) ;
#5676 = CARTESIAN_POINT ( 'NONE',  ( -0.6499767431879637236, 0.8983716655620603841, 0.3999733464888127754 ) ) ;
#5677 = CARTESIAN_POINT ( 'NONE',  ( -0.08186395155304081184, 0.8999999999999998002, -0.03841954792534682528 ) ) ;
#5678 = DIRECTION ( 'NONE',  ( 1.000000000000000000, 0.000000000000000000, 0.000000000000000000 ) ) ;
#5679 = CARTESIAN_POINT ( 'NONE',  ( 0.03700428878723577980, 0.8999999999999994671, 0.04933522291535232668 ) ) ;
#5680 = CARTESIAN_POINT ( 'NONE',  ( -0.07703817491772442516, 0.9000000000000002442, 0.01890897579672853185 ) ) ;
#5681 = CARTESIAN_POINT ( 'NONE',  ( -0.1015211587278891242, 0.8999999999999999112, 0.04933696907557084954 ) ) ;
#5682 = VERTEX_POINT ( 'NONE', #4502 ) ;
#5683 = ADVANCED_FACE ( 'NONE', ( #224, #5118 ), #887, .T. ) ;
#5684 = CARTESIAN_POINT ( 'NONE',  ( 0.04630269743612012989, 0.9010000000000000231, -0.03705893677448042489 ) ) ;
#5685 = COLOUR_RGB ( '',0.9411764705882352811, 0.9411764705882352811, 0.9411764705882352811 ) ;
#5686 = CARTESIAN_POINT ( 'NONE',  ( 0.6484832003429489289, 0.9000000000000000222, -0.3982548875554663970 ) ) ;
#5687 = CARTESIAN_POINT ( 'NONE',  ( 0.05686610891220741926, 0.8999999999999995781, 0.04803701660392661887 ) ) ;
#5688 = CARTESIAN_POINT ( 'NONE',  ( 0.1228993698574168125, 0.8999999999999998002, -0.03710142950004363671 ) ) ;
#5689 = FACE_OUTER_BOUND ( 'NONE', #1219, .T. ) ;
#5690 = MECHANICAL_DESIGN_GEOMETRIC_PRESENTATION_REPRESENTATION (  '', ( #1200 ), #1300 ) ;
#5691 = ORIENTED_EDGE ( 'NONE', *, *, #2375, .F. ) ;
#5692 = LINE ( 'NONE', #871, #282 ) ;
#5693 = CARTESIAN_POINT ( 'NONE',  ( -0.09605701822196680006, 0.9010000000000000231, 0.02032294584786753858 ) ) ;
#5694 = EDGE_LOOP ( 'NONE', ( #2613, #4218, #2949, #5223 ) ) ;
#5695 = CARTESIAN_POINT ( 'NONE',  ( 0.1349673923007032872, 0.9000000000000000222, 0.009868593058264736942 ) ) ;
#5696 = CARTESIAN_POINT ( 'NONE',  ( -0.1187168650564355415, 0.9010000000000002451, -0.03318665845817704574 ) ) ;
#5697 = CARTESIAN_POINT ( 'NONE',  ( -0.1401874983050001577, 0.9000000000000001332, 0.02601360862749354727 ) ) ;
#5698 = VERTEX_POINT ( 'NONE', #4234 ) ;
#5699 = CARTESIAN_POINT ( 'NONE',  ( -0.1433630034027988664, 0.9010000000000000231, -0.001531604568162380853 ) ) ;
#5700 = LINE ( 'NONE', #4255, #5436 ) ;
#5701 =( NAMED_UNIT ( * ) PLANE_ANGLE_UNIT ( ) SI_UNIT ( $, .RADIAN. ) );
#5702 = CARTESIAN_POINT ( 'NONE',  ( 0.1368205564865610513, 0.8999999999999996891, 0.02183340248994784100 ) ) ;
#5703 = B_SPLINE_CURVE_WITH_KNOTS ( 'NONE', 3,
 ( #5324, #3860, #455, #5355, #3453, #4855, #1452, #1952, #1985, #6156, #5230, #3890, #5295, #2956, #5762, #2489 ),
 .UNSPECIFIED., .F., .F.,
 ( 4, 3, 3, 3, 3, 4 ),
 ( 0.000000000000000000, 5.535654255783270184E-07, 1.103371656382714034E-06, 1.847285420013638424E-06, 2.821060109827456330E-06, 3.653927284469122154E-06 ),
 .UNSPECIFIED. ) ;
#5704 = CARTESIAN_POINT ( 'NONE',  ( -0.002415830853445327751, 0.9009999999999999121, 0.02208552609784503185 ) ) ;
#5705 = CARTESIAN_POINT ( 'NONE',  ( 0.01048315044335500039, 0.9000000000000001332, -0.001531604568162380853 ) ) ;
#5706 = CARTESIAN_POINT ( 'NONE',  ( -0.6500000000000000222, 0.001815478191474357563, 0.4000000000000000222 ) ) ;
#5707 = CARTESIAN_POINT ( 'NONE',  ( 0.1322780222382268223, 0.9010000000000000231, -0.02771349559380340694 ) ) ;
#5708 = CARTESIAN_POINT ( 'NONE',  ( 0.04516028387286298573, 0.9010000000000000231, 0.03208557873180353098 ) ) ;
#5709 = CARTESIAN_POINT ( 'NONE',  ( 0.04467786198181654400, 0.9010000000000001341, 0.05005092748311968515 ) ) ;
#5710 = CARTESIAN_POINT ( 'NONE',  ( -0.07544239222216067575, 0.9010000000000001341, 0.002283083064514541700 ) ) ;
#5711 = CARTESIAN_POINT ( 'NONE',  ( -0.1118171681393183153, 0.9009999999999998010, 0.05000525472347360639 ) ) ;
#5712 = EDGE_CURVE ( 'NONE', #885, #2979, #1304, .T. ) ;
#5713 = B_SPLINE_CURVE_WITH_KNOTS ( 'NONE', 3,
 ( #4597, #3605, #4630, #5474, #3133, #774, #4066, #1252, #5070, #5131, #2673 ),
 .UNSPECIFIED., .F., .F.,
 ( 4, 1, 1, 1, 1, 1, 1, 1, 4 ),
 ( 0.000000000000000000, 0.1211522424913107215, 0.2376005895733862006, 0.3560524880869224140, 0.4805249744886037067, 0.6076386115432812485, 0.7334299283789934565, 0.8621816073824756232, 0.9999999999999998890 ),
 .UNSPECIFIED. ) ;
#5714 = CARTESIAN_POINT ( 'NONE',  ( -0.06313609509747117321, 0.8999999999999999112, 0.01172721697068503446 ) ) ;
#5715 = ORIENTED_EDGE ( 'NONE', *, *, #5879, .F. ) ;
#5716 = FACE_OUTER_BOUND ( 'NONE', #995, .T. ) ;
#5717 = STYLED_ITEM ( 'NONE', ( #3089 ), #4197 ) ;
#5718 = CARTESIAN_POINT ( 'NONE',  ( 0.6498614298910190268, 0.8988006731200485211, -0.3998411293895272056 ) ) ;
#5719 = CARTESIAN_POINT ( 'NONE',  ( 0.04467786198181653706, 0.8999999999999998002, 0.05005092748311967821 ) ) ;
#5720 = CARTESIAN_POINT ( 'NONE',  ( 0.1311377010732869275, 0.9010000000000000231, -0.02319117530323303727 ) ) ;
#5721 = CARTESIAN_POINT ( 'NONE',  ( -0.1039599314786992801, 0.8999999999999999112, 0.04976801119537206664 ) ) ;
#5722 = CIRCLE ( 'NONE', #5322, 0.002000000000000048614 ) ;
#5723 = ORIENTED_EDGE ( 'NONE', *, *, #3991, .T. ) ;
#5724 = MECHANICAL_DESIGN_GEOMETRIC_PRESENTATION_REPRESENTATION (  '', ( #1228 ), #3035 ) ;
#5725 = CARTESIAN_POINT ( 'NONE',  ( -0.1413768219001632631, 0.9000000000000001332, -0.02516093932430845531 ) ) ;
#5726 = CARTESIAN_POINT ( 'NONE',  ( 0.1242867028555087183, 0.9009999999999999121, -0.03704897160494125680 ) ) ;
#5727 = CARTESIAN_POINT ( 'NONE',  ( -0.6499200829467802754, 0.001373155176714400310, 0.3999083835508946971 ) ) ;
#5728 = VERTEX_POINT ( 'NONE', #856 ) ;
#5729 = CARTESIAN_POINT ( 'NONE',  ( -0.05748022250366413566, 0.9010000000000001341, -0.002840743715186448432 ) ) ;
#5730 = PRESENTATION_STYLE_ASSIGNMENT (( #5199 ) ) ;
#5731 = EDGE_LOOP ( 'NONE', ( #71, #3267, #5093, #1562 ) ) ;
#5732 = CYLINDRICAL_SURFACE ( 'NONE', #154, 0.001999999999999994404 ) ;
#5733 = CARTESIAN_POINT ( 'NONE',  ( 0.1066853940645330484, 0.9010000000000000231, 0.02198208923131129630 ) ) ;
#5734 = CARTESIAN_POINT ( 'NONE',  ( -0.01596703318546330991, 0.9009999999999999121, 0.04499718784943170652 ) ) ;
#5735 = PRESENTATION_STYLE_ASSIGNMENT (( #1891 ) ) ;
#5736 = CARTESIAN_POINT ( 'NONE',  ( 0.7980000000000000426, 0.002000000000000000042, -0.3980000000000000204 ) ) ;
#5737 = CARTESIAN_POINT ( 'NONE',  ( 0.1053549453151498838, 0.9000000000000000222, 0.01671759414978633840 ) ) ;
#5738 = CARTESIAN_POINT ( 'NONE',  ( 0.05521175019506600889, 0.9010000000000000231, 0.02577254636336517510 ) ) ;
#5739 = B_SPLINE_CURVE_WITH_KNOTS ( 'NONE', 3,
 ( #5190, #68, #3757, #3823, #1908, #4754, #3352, #5781, #2917, #5659, #2449 ),
 .UNSPECIFIED., .F., .F.,
 ( 4, 1, 1, 1, 1, 1, 1, 1, 4 ),
 ( 0.000000000000000000, 0.1610711239484212132, 0.3107888083803541091, 0.4499038238309443494, 0.5783763165061849287, 0.6966172119048389400, 0.8059873227104096260, 0.9065617032890808114, 1.000000000000000000 ),
 .UNSPECIFIED. ) ;
#5740 = CARTESIAN_POINT ( 'NONE',  ( 0.03209497810415015695, 0.9000000000000001332, -0.02839128719109008589 ) ) ;
#5741 = B_SPLINE_SURFACE_WITH_KNOTS ( 'NONE', 3, 1, ( 
 ( #5709, #4712 ),
 ( #5209, #2345 ),
 ( #4235, #2776 ),
 ( #2907, #955 ),
 ( #3843, #5679 ),
 ( #3313, #60 ),
 ( #924, #1961 ),
 ( #3873, #4747 ),
 ( #3405, #1430 ),
 ( #465, #2874 ),
 ( #4779, #498 ),
 ( #3373, #3526 ),
 ( #2087, #615 ),
 ( #5869, #1120 ),
 ( #4903, #2534 ),
 ( #125, #5408 ),
 ( #5435, #675 ),
 ( #158, #1616 ),
 ( #3935, #4868 ),
 ( #3001, #1056 ),
 ( #5838, #2027 ),
 ( #1151, #2602 ),
 ( #2570, #4364 ),
 ( #219, #3494 ),
 ( #4433, #3963 ),
 ( #1644, #3065 ),
 ( #5305, #2966 ) ),
 .UNSPECIFIED., .F., .F., .F.,
 ( 4, 1, 1, 1, 1, 1, 1, 1, 1, 1, 1, 1, 1, 1, 1, 1, 1, 1, 1, 1, 1, 1, 1, 1, 4 ),
 ( 2, 2 ),
 ( 0.000000000000000000, 0.03821733796913611564, 0.07486720303994333359, 0.1101580815531044005, 0.1444539266593009574, 0.1780797262741531661, 0.2111707725935980384, 0.2436870542144173313, 0.2758717334447992053, 0.3083755160139863838, 0.3412633249363585253, 0.3751503394709051475, 0.4096552607042130423, 0.4451573674923579027, 0.4820734672046717018, 0.5205757562184276654, 0.5605536808978380803, 0.6031075754382527743, 0.6486887095294887606, 0.6979476778875630671, 0.7507677670183533492, 0.8073094024459646079, 0.8676555707911408621, 0.9318612220995584616, 1.000000000000000000 ),
 ( 0.000000000000000000, 1.000000000000000000 ),
 .UNSPECIFIED. ) ;
#5742 = CARTESIAN_POINT ( 'NONE',  ( -0.1433630034027988664, 0.9010000000000000231, -0.001531604568162380853 ) ) ;
#5743 = ADVANCED_FACE ( 'NONE', ( #341 ), #6049, .F. ) ;
#5744 = CARTESIAN_POINT ( 'NONE',  ( -0.08458197463422613416, 0.9010000000000001341, 0.03817282335507568569 ) ) ;
#5745 = EDGE_LOOP ( 'NONE', ( #2757, #4040, #5288, #4446 ) ) ;
#5746 = DIRECTION ( 'NONE',  ( -0.000000000000000000, -1.000000000000000000, -0.000000000000000000 ) ) ;
#5747 = CARTESIAN_POINT ( 'NONE',  ( 0.1371421373218577322, 0.9010000000000003562, 0.02043475188418769628 ) ) ;
#5748 = CARTESIAN_POINT ( 'NONE',  ( 0.05466401285683070849, 0.9010000000000000231, 0.04879373029465090134 ) ) ;
#5749 = CARTESIAN_POINT ( 'NONE',  ( 0.1295061891827128941, 0.9009999999999999121, -0.03449535776333498976 ) ) ;
#5750 = CARTESIAN_POINT ( 'NONE',  ( -0.6484832003429489289, 0.9000000000000000222, -0.3982548875554663970 ) ) ;
#5751 = EDGE_LOOP ( 'NONE', ( #689, #2230, #1496, #3615 ) ) ;
#5752 = ORIENTED_EDGE ( 'NONE', *, *, #5390, .F. ) ;
#5753 = CARTESIAN_POINT ( 'NONE',  ( -0.01505771494126039410, 0.9000000000000000222, -0.04702439302970084362 ) ) ;
#5754 = CARTESIAN_POINT ( 'NONE',  ( -0.6482627733115838842, 0.000000000000000000, 0.3980000000000000204 ) ) ;
#5755 = VERTEX_POINT ( 'NONE', #1365 ) ;
#5756 = DIRECTION ( 'NONE',  ( -0.000000000000000000, -1.000000000000000000, -0.000000000000000000 ) ) ;
#5757 = CARTESIAN_POINT ( 'NONE',  ( -0.1159147364097173061, 0.9010000000000001341, -0.03544193953851071388 ) ) ;
#5758 = PRESENTATION_LAYER_ASSIGNMENT (  '', '', ( #3372 ) ) ;
#5759 = EDGE_CURVE ( 'NONE', #3919, #5418, #3552, .T. ) ;
#5760 = EDGE_CURVE ( 'NONE', #1256, #4791, #2423, .T. ) ;
#5761 = EDGE_LOOP ( 'NONE', ( #2650, #1009, #5783, #2940 ) ) ;
#5762 = CARTESIAN_POINT ( 'NONE',  ( 0.6484447241237958348, 0.9000000000000618616, -0.3982103961453940522 ) ) ;
#5763 =( GEOMETRIC_REPRESENTATION_CONTEXT ( 3 ) GLOBAL_UNCERTAINTY_ASSIGNED_CONTEXT ( ( #51 ) ) GLOBAL_UNIT_ASSIGNED_CONTEXT ( ( #4245, #447, #1852 ) ) REPRESENTATION_CONTEXT ( 'NONE', 'WORKASPACE' ) );
#5764 = CARTESIAN_POINT ( 'NONE',  ( 0.01664196492044439299, 0.9000000000000002442, -0.03808822513632294932 ) ) ;
#5765 = CARTESIAN_POINT ( 'NONE',  ( 0.1130972749022312318, 0.9010000000000000231, 0.03005346915413797601 ) ) ;
#5766 = CARTESIAN_POINT ( 'NONE',  ( -0.1253959785443843067, 0.9000000000000001332, 0.0001912801437514791971 ) ) ;
#5767 = DIRECTION ( 'NONE',  ( 1.000000000000000000, 0.000000000000000000, 0.000000000000000000 ) ) ;
#5768 = CARTESIAN_POINT ( 'NONE',  ( 0.03013989007736233780, 0.9010000000000002451, 0.01769503867720892756 ) ) ;
#5769 = CARTESIAN_POINT ( 'NONE',  ( -0.1138079197874622556, 0.9000000000000000222, -0.03639882694468771218 ) ) ;
#5770 = DIRECTION ( 'NONE',  ( 0.000000000000000000, 0.000000000000000000, -1.000000000000000000 ) ) ;
#5771 = LINE ( 'NONE', #2963, #734 ) ;
#5772 = CARTESIAN_POINT ( 'NONE',  ( 0.04459773377668834610, 0.8999999999999998002, -0.03712855969636751075 ) ) ;
#5773 = CARTESIAN_POINT ( 'NONE',  ( 0.05680775832511933410, 0.9010000000000001341, 0.02294039184561322622 ) ) ;
#5774 = PRESENTATION_STYLE_ASSIGNMENT (( #676 ) ) ;
#5775 = CARTESIAN_POINT ( 'NONE',  ( -0.05634377263356808718, 0.9010000000000001341, -0.005157405850213663684 ) ) ;
#5776 = VERTEX_POINT ( 'NONE', #3186 ) ;
#5777 = CARTESIAN_POINT ( 'NONE',  ( -0.09141987451471392245, 0.8999999999999998002, -0.04971205330673830747 ) ) ;
#5778 = STYLED_ITEM ( 'NONE', ( #5465 ), #164 ) ;
#5779 = CARTESIAN_POINT ( 'NONE',  ( 0.1142370160232989984, 0.8999999999999999112, -0.01543501192663121295 ) ) ;
#5780 = CARTESIAN_POINT ( 'NONE',  ( -0.04588264027536110429, 0.8999999999999999112, 0.01886566688431208158 ) ) ;
#5781 = CARTESIAN_POINT ( 'NONE',  ( -0.1388313506760101013, 0.9009999999999999121, -0.03422900812207960164 ) ) ;
#5782 = ORIENTED_EDGE ( 'NONE', *, *, #4475, .T. ) ;
#5783 = ORIENTED_EDGE ( 'NONE', *, *, #4811, .F. ) ;
#5784 = STYLED_ITEM ( 'NONE', ( #1530 ), #662 ) ;
#5785 = CARTESIAN_POINT ( 'NONE',  ( -0.6499767431879638346, 0.001628334437939614205, -0.3999733464888127754 ) ) ;
#5786 = ORIENTED_EDGE ( 'NONE', *, *, #1790, .T. ) ;
#5787 =( NAMED_UNIT ( * ) PLANE_ANGLE_UNIT ( ) SI_UNIT ( $, .RADIAN. ) );
#5788 = FILL_AREA_STYLE ('',( #2133 ) ) ;
#5789 = CARTESIAN_POINT ( 'NONE',  ( -0.1224099578850500886, 0.9010000000000001341, -0.02686393787373946018 ) ) ;
#5790 = ADVANCED_FACE ( 'NONE', ( #6081 ), #372, .T. ) ;
#5791 = B_SPLINE_CURVE_WITH_KNOTS ( 'NONE', 3,
 ( #2743, #2768, #4086, #4675, #3744, #4646, #4202, #5174, #2214, #4138, #6105, #1833, #4613, #367, #882, #2183, #5644, #6020, #2801 ),
 .UNSPECIFIED., .F., .F.,
 ( 4, 1, 1, 1, 1, 1, 1, 1, 1, 1, 1, 1, 1, 1, 1, 1, 4 ),
 ( 0.000000000000000000, 0.1107342804863384184, 0.2123411929916478313, 0.3055021255634831068, 0.3898348410859879265, 0.4666904579461285674, 0.5352618542933007539, 0.5967629138889610774, 0.6510657189836183134, 0.7010355511102169812, 0.7478602709077569743, 0.7918333971357293111, 0.8342840069087864574, 0.8753338897746163472, 0.9160347492783124101, 0.9576522807232377144, 1.000000000000000000 ),
 .UNSPECIFIED. ) ;
#5792 = VECTOR ( 'NONE', #2221, 1000.000000000000000 ) ;
#5793 = B_SPLINE_CURVE_WITH_KNOTS ( 'NONE', 3,
 ( #3218, #3981, #373, #4177, #5883, #1778, #3514, #2132, #3721, #345, #4953 ),
 .UNSPECIFIED., .F., .F.,
 ( 4, 1, 1, 1, 1, 1, 1, 1, 4 ),
 ( 0.000000000000000000, 0.1323140339085643324, 0.2587000085531547255, 0.3809118214856532791, 0.5005348689728934541, 0.6209226176484478055, 0.7423757653984722760, 0.8682808341788558204, 1.000000000000000000 ),
 .UNSPECIFIED. ) ;
#5794 = CARTESIAN_POINT ( 'NONE',  ( 0.01869629146899603328, 0.9010000000000000231, -0.04147551482457263738 ) ) ;
#5795 = LINE ( 'NONE', #81, #6153 ) ;
#5796 = CARTESIAN_POINT ( 'NONE',  ( -0.04506960565404592028, 0.9009999999999999121, 0.02344641335737677329 ) ) ;
#5797 = UNCERTAINTY_MEASURE_WITH_UNIT (LENGTH_MEASURE( 1.000000000000000082E-05 ), #2362, 'distance_accuracy_value', 'NONE');
#5798 = CARTESIAN_POINT ( 'NONE',  ( 0.01869629146899603328, 0.8999999999999999112, -0.04147551482457263738 ) ) ;
#5799 = CARTESIAN_POINT ( 'NONE',  ( 0.03402350971728491935, 0.9009999999999999121, 0.02656327688198251852 ) ) ;
#5800 = CYLINDRICAL_SURFACE ( 'NONE', #698, 0.001999999999999994404 ) ;
#5801 = CARTESIAN_POINT ( 'NONE',  ( -0.06313609509747117321, 0.8999999999999998002, 0.01172721697068503446 ) ) ;
#5802 = CARTESIAN_POINT ( 'NONE',  ( 0.1009455926174850776, 0.9010000000000000231, -0.04652756390792830987 ) ) ;
#5803 = CARTESIAN_POINT ( 'NONE',  ( 0.1121637881224738509, 0.9000000000000000222, -0.03177350851877618759 ) ) ;
#5804 = SURFACE_STYLE_FILL_AREA ( #2470 ) ;
#5805 = CARTESIAN_POINT ( 'NONE',  ( 0.06043322162790244756, 0.9000000000000000222, 0.002096254690847114844 ) ) ;
#5806 = CARTESIAN_POINT ( 'NONE',  ( -0.1100338156440531096, 0.9000000000000001332, -0.03709133350761327497 ) ) ;
#5807 = CARTESIAN_POINT ( 'NONE',  ( -0.1214463294316903835, 0.9009999999999998010, 0.04803869090871933784 ) ) ;
#5808 = CARTESIAN_POINT ( 'NONE',  ( -0.05946523175892196034, 0.9010000000000000231, 0.001425751830852350303 ) ) ;
#5809 = ORIENTED_EDGE ( 'NONE', *, *, #495, .T. ) ;
#5810 = PRESENTATION_STYLE_ASSIGNMENT (( #5379 ) ) ;
#5811 = CARTESIAN_POINT ( 'NONE',  ( 0.1221533706366737249, 0.8999999999999999112, -0.01666037999430364583 ) ) ;
#5812 = CARTESIAN_POINT ( 'NONE',  ( 0.1365517396959527174, 0.8999999999999998002, 0.01272852697754398368 ) ) ;
#5813 =( NAMED_UNIT ( * ) PLANE_ANGLE_UNIT ( ) SI_UNIT ( $, .RADIAN. ) );
#5814 = CARTESIAN_POINT ( 'NONE',  ( -0.03294633673613218960, 0.9010000000000000231, 0.05005092748311967821 ) ) ;
#5815 = DIRECTION ( 'NONE',  ( -0.000000000000000000, -1.000000000000000000, -0.000000000000000000 ) ) ;
#5816 = ORIENTED_EDGE ( 'NONE', *, *, #104, .T. ) ;
#5817 = ORIENTED_EDGE ( 'NONE', *, *, #504, .F. ) ;
#5818 = CARTESIAN_POINT ( 'NONE',  ( 0.05454509329150279695, 0.9000000000000001332, 0.02682310018442016913 ) ) ;
#5819 = CARTESIAN_POINT ( 'NONE',  ( 0.01207987255814697500, 0.9000000000000000222, 0.01952557634894604502 ) ) ;
#5820 = DIRECTION ( 'NONE',  ( 0.000000000000000000, 1.000000000000000000, 0.000000000000000000 ) ) ;
#5821 = SURFACE_SIDE_STYLE ('',( #1508 ) ) ;
#5822 = CARTESIAN_POINT ( 'NONE',  ( 0.04502582109370684843, 0.9000000000000001332, -0.05506438017631783838 ) ) ;
#5823 = AXIS2_PLACEMENT_3D ( 'NONE', #76, #568, #1629 ) ;
#5824 = AXIS2_PLACEMENT_3D ( 'NONE', #635, #2166, #3483 ) ;
#5825 = MECHANICAL_DESIGN_GEOMETRIC_PRESENTATION_REPRESENTATION (  '', ( #148 ), #2137 ) ;
#5826 = VERTEX_POINT ( 'NONE', #2434 ) ;
#5827 = CARTESIAN_POINT ( 'NONE',  ( 0.01048315044335500212, 0.9000000000000000222, -0.001531604568162381070 ) ) ;
#5828 = LINE ( 'NONE', #3953, #3380 ) ;
#5829 = PLANE ( 'NONE',  #668 ) ;
#5830 = CARTESIAN_POINT ( 'NONE',  ( 0.04415702864848320558, 0.9000000000000000222, -0.05507727764508545815 ) ) ;
#5831 = PRODUCT_RELATED_PRODUCT_CATEGORY ( 'part', '', ( #166 ) ) ;
#5832 = CARTESIAN_POINT ( 'NONE',  ( 0.06046097396404562230, 0.9010000000000000231, -0.05097231666860017191 ) ) ;
#5833 = VECTOR ( 'NONE', #3364, 1000.000000000000114 ) ;
#5834 = CARTESIAN_POINT ( 'NONE',  ( -0.03248559955664501175, 0.8999999999999999112, -0.01276958533739315158 ) ) ;
#5835 = FACE_OUTER_BOUND ( 'NONE', #4094, .T. ) ;
#5836 = CARTESIAN_POINT ( 'NONE',  ( 0.03036560403412021103, 0.9000000000000002442, -0.02334617179742431298 ) ) ;
#5837 = CARTESIAN_POINT ( 'NONE',  ( -0.7980000000000000426, 0.002000000000000000042, -0.3980000000000000204 ) ) ;
#5838 = CARTESIAN_POINT ( 'NONE',  ( 0.01207987255814697500, 0.9010000000000000231, 0.01952557634894604502 ) ) ;
#5839 = CARTESIAN_POINT ( 'NONE',  ( -0.02028608032587578269, 0.9010000000000000231, 0.01789948517542736678 ) ) ;
#5840 = EDGE_LOOP ( 'NONE', ( #2268, #5103, #3801, #3740, #4669, #5079, #4979, #2978, #1447, #4080, #3012, #4593, #5195, #1757, #4796, #5723 ) ) ;
#5841 = CARTESIAN_POINT ( 'NONE',  ( -0.1256242787218475598, 0.9000000000000000222, 0.04607667239710256518 ) ) ;
#5842 = EDGE_CURVE ( 'NONE', #387, #5538, #1006, .T. ) ;
#5843 = EDGE_LOOP ( 'NONE', ( #3034, #2119, #4198, #3176 ) ) ;
#5844 = CARTESIAN_POINT ( 'NONE',  ( 0.1389587314270021023, 0.9010000000000000231, -0.007207922666761779756 ) ) ;
#5845 = B_SPLINE_SURFACE_WITH_KNOTS ( 'NONE', 3, 1, ( 
 ( #3790, #536 ),
 ( #1407, #3849 ),
 ( #5252, #1001 ),
 ( #966, #4817 ),
 ( #4311, #1500 ),
 ( #5749, #5313 ),
 ( #3, #1973 ),
 ( #2884, #4787 ),
 ( #2324, #5281 ),
 ( #4343, #5688 ),
 ( #5218, #33 ) ),
 .UNSPECIFIED., .F., .F., .F.,
 ( 4, 1, 1, 1, 1, 1, 1, 1, 4 ),
 ( 2, 2 ),
 ( 0.000000000000000000, 0.1262080809789268843, 0.2463314545173051484, 0.3634838183347864904, 0.4847544616601202616, 0.6083827567272828141, 0.7312142544154163204, 0.8609892746833422983, 1.000000000000000000 ),
 ( 0.000000000000000000, 1.000000000000000000 ),
 .UNSPECIFIED. ) ;
#5846 = CARTESIAN_POINT ( 'NONE',  ( -0.6496535543390042911, 0.8992177678246284778, -0.3996025823641714547 ) ) ;
#5847 = CARTESIAN_POINT ( 'NONE',  ( 0.1159450455191941565, 0.9010000000000002451, -0.05454242277509081804 ) ) ;
#5848 =( NAMED_UNIT ( * ) SI_UNIT ( $, .STERADIAN. ) SOLID_ANGLE_UNIT ( ) );
#5849 = CARTESIAN_POINT ( 'NONE',  ( 0.1374062273664319045, 0.9010000000000000231, 0.01749884414978634256 ) ) ;
#5850 = VERTEX_POINT ( 'NONE', #2532 ) ;
#5851 = ORIENTED_EDGE ( 'NONE', *, *, #5852, .F. ) ;
#5852 = EDGE_CURVE ( 'NONE', #1687, #450, #4302, .T. ) ;
#5853 = CARTESIAN_POINT ( 'NONE',  ( -0.03294633673613218960, 0.9010000000000000231, 0.05005092748311967821 ) ) ;
#5854 = CARTESIAN_POINT ( 'NONE',  ( -0.6496986715062429418, 0.0008556674385738603393, 0.3996543745754762567 ) ) ;
#5855 = CARTESIAN_POINT ( 'NONE',  ( -0.007257764109836965793, 0.9009999999999998010, 0.001117899971440872295 ) ) ;
#5856 = LINE ( 'NONE', #1568, #1536 ) ;
#5857 = CARTESIAN_POINT ( 'NONE',  ( 0.07198220229311308449, 0.9010000000000001341, -0.03841954792534682528 ) ) ;
#5858 = CARTESIAN_POINT ( 'NONE',  ( -0.1248084730665089404, 0.9010000000000002451, 0.01113043878050292736 ) ) ;
#5859 = CARTESIAN_POINT ( 'NONE',  ( -0.1185515894782982194, 0.9010000000000001341, 0.02802743762480509188 ) ) ;
#5860 = UNCERTAINTY_MEASURE_WITH_UNIT (LENGTH_MEASURE( 1.000000000000000082E-05 ), #324, 'distance_accuracy_value', 'NONE');
#5861 = CARTESIAN_POINT ( 'NONE',  ( 0.02364536631501566386, 0.9000000000000000222, -0.04744859719091565342 ) ) ;
#5862 = AXIS2_PLACEMENT_3D ( 'NONE', #4186, #3666, #748 ) ;
#5863 = DIRECTION ( 'NONE',  ( -0.000000000000000000, -1.000000000000000000, -0.000000000000000000 ) ) ;
#5864 = CARTESIAN_POINT ( 'NONE',  ( 0.03529456436785570472, 0.9010000000000004672, 0.02802743762480509535 ) ) ;
#5865 =( NAMED_UNIT ( * ) SI_UNIT ( $, .STERADIAN. ) SOLID_ANGLE_UNIT ( ) );
#5866 = CARTESIAN_POINT ( 'NONE',  ( 0.07842231795394689897, 0.9000000000000000222, -0.0008569971373132184884 ) ) ;
#5867 =( NAMED_UNIT ( * ) SI_UNIT ( $, .STERADIAN. ) SOLID_ANGLE_UNIT ( ) );
#5868 = DIRECTION ( 'NONE',  ( -1.000000000000000000, -0.000000000000000000, -0.000000000000000000 ) ) ;
#5869 = CARTESIAN_POINT ( 'NONE',  ( 0.01966169670463408653, 0.9009999999999996900, 0.03820937448549744514 ) ) ;
#5870 = CARTESIAN_POINT ( 'NONE',  ( -0.1092484200694655294, 0.9010000000000000231, -0.03712855969636751075 ) ) ;
#5871 = CARTESIAN_POINT ( 'NONE',  ( -0.09502449998746459459, 0.9010000000000001341, -0.02222262539735391645 ) ) ;
#5872 = CARTESIAN_POINT ( 'NONE',  ( -0.08065795944782068461, 0.9000000000000000222, -0.03591469967808750413 ) ) ;
#5873 = CARTESIAN_POINT ( 'NONE',  ( 0.1553045237248642796, 0.9000000000000000222, 0.01543091992027339696 ) ) ;
#5874 = B_SPLINE_CURVE_WITH_KNOTS ( 'NONE', 3,
 ( #731, #2654, #4668, #4225, #6070, #3831, #2271, #390, #1415, #1884, #11, #3329, #2762, #1856, #1383, #5607, #5261, #5226, #5697, #2736, #2304, #6152, #3738, #4163, #908, #1795, #3360 ),
 .UNSPECIFIED., .F., .F.,
 ( 4, 1, 1, 1, 1, 1, 1, 1, 1, 1, 1, 1, 1, 1, 1, 1, 1, 1, 1, 1, 1, 1, 1, 1, 4 ),
 ( 0.000000000000000000, 0.03821733796913612258, 0.07486720303994336134, 0.1101580815531042340, 0.1444539266593011517, 0.1780797262741530274, 0.2111707725935978996, 0.2436870542144175533, 0.2758717334447993719, 0.3083755160139862728, 0.3412633249363586918, 0.3751503394709053141, 0.4096552607042129868, 0.4451573674923580137, 0.4820734672046716462, 0.5205757562184276654, 0.5605536808978379693, 0.6031075754382529963, 0.6486887095294887606, 0.6979476778875631782, 0.7507677670183535712, 0.8073094024459647189, 0.8676555707911409732, 0.9318612220995585727, 1.000000000000000000 ),
 .UNSPECIFIED. ) ;
#5875 = CARTESIAN_POINT ( 'NONE',  ( 0.1338983944867776221, 0.9010000000000000231, 0.008520054412672745797 ) ) ;
#5876 = CARTESIAN_POINT ( 'NONE',  ( 0.1190756527609752591, 0.8999999999999999112, -0.05500801134452776298 ) ) ;
#5877 = FACE_OUTER_BOUND ( 'NONE', #4949, .T. ) ;
#5878 = DIRECTION ( 'NONE',  ( -0.000000000000000000, -1.000000000000000000, -0.000000000000000000 ) ) ;
#5879 = EDGE_CURVE ( 'NONE', #4750, #5137, #1023, .T. ) ;
#5880 = B_SPLINE_SURFACE_WITH_KNOTS ( 'NONE', 3, 1, ( 
 ( #4945, #1972 ),
 ( #4002, #5780 ),
 ( #3411, #2036 ),
 ( #4442, #5312 ),
 ( #5903, #3537 ),
 ( #650, #5414 ),
 ( #2002, #4409 ),
 ( #5441, #1158 ),
 ( #3071, #1558 ),
 ( #1529, #1064 ),
 ( #2578, #4975 ) ),
 .UNSPECIFIED., .F., .F., .F.,
 ( 4, 1, 1, 1, 1, 1, 1, 1, 4 ),
 ( 2, 2 ),
 ( 0.000000000000000000, 0.1372849921823512398, 0.2670284865720550238, 0.3949256401701796149, 0.5243347615083427948, 0.6508125264301010127, 0.7692674670455005304, 0.8834346835668835940, 1.000000000000000000 ),
 ( 0.000000000000000000, 1.000000000000000000 ),
 .UNSPECIFIED. ) ;
#5881 = ORIENTED_EDGE ( 'NONE', *, *, #5884, .T. ) ;
#5882 = CARTESIAN_POINT ( 'NONE',  ( -0.07565108501963890841, 0.9009999999999996900, -0.01170503834104716367 ) ) ;
#5883 = CARTESIAN_POINT ( 'NONE',  ( 0.02649726928332218207, 0.9010000000000001341, -0.04982318191645692534 ) ) ;
#5884 = EDGE_CURVE ( 'NONE', #6172, #2948, #3165, .T. ) ;
#5885 = CARTESIAN_POINT ( 'NONE',  ( 0.07528247887979473696, 0.9009999999999999121, -0.03030162933954570759 ) ) ;
#5886 = CARTESIAN_POINT ( 'NONE',  ( 0.07819506882651491853, 0.9000000000000002442, -0.01170503834104716194 ) ) ;
#5887 = LINE ( 'NONE', #4829, #5833 ) ;
#5888 = CARTESIAN_POINT ( 'NONE',  ( -0.1098309611284897652, 0.9010000000000001341, 0.03207790524200765381 ) ) ;
#5889 = LINE ( 'NONE', #3865, #5321 ) ;
#5890 = CARTESIAN_POINT ( 'NONE',  ( 0.1548226381423537801, 0.9010000000000002451, 0.02419902159851280987 ) ) ;
#5891 = CARTESIAN_POINT ( 'NONE',  ( 0.02949606737954797372, 0.8999999999999999112, 0.01459980522673834553 ) ) ;
#5892 = CARTESIAN_POINT ( 'NONE',  ( -0.03248559955664501175, 0.9010000000000000231, -0.01276958533739315158 ) ) ;
#5893 = CIRCLE ( 'NONE', #1897, 0.001999999999999994404 ) ;
#5894 = CARTESIAN_POINT ( 'NONE',  ( 0.06777217260109905106, 0.9000000000000000222, 0.04010744002157060062 ) ) ;
#5895 = CARTESIAN_POINT ( 'NONE',  ( -0.03094313160792706158, 0.9000000000000000222, -0.05507727764508545815 ) ) ;
#5896 = CARTESIAN_POINT ( 'NONE',  ( 0.03209497810415015695, 0.9010000000000001341, -0.02839128719109008589 ) ) ;
#5897 = CARTESIAN_POINT ( 'NONE',  ( -0.1015211587278891242, 0.9009999999999999121, 0.04933696907557084954 ) ) ;
#5898 = DIRECTION ( 'NONE',  ( 0.000000000000000000, 1.000000000000000000, 0.000000000000000000 ) ) ;
#5899 = CARTESIAN_POINT ( 'NONE',  ( -0.1195549849284054944, 0.9000000000000001332, -0.03218774024503709419 ) ) ;
#5900 = CARTESIAN_POINT ( 'NONE',  ( 0.6500000000000000222, 0.002000000000000048614, 0.4000000000000000222 ) ) ;
#5901 = CARTESIAN_POINT ( 'NONE',  ( 0.6484832003429488179, 0.9000000000000000222, 0.3982548875554663415 ) ) ;
#5902 = CARTESIAN_POINT ( 'NONE',  ( 0.1491950269789817929, 0.8999999999999996891, -2.344613758900031907E-06 ) ) ;
#5903 = CARTESIAN_POINT ( 'NONE',  ( -0.04388002461517891140, 0.9010000000000001341, 0.02591206305688173450 ) ) ;
#5904 = CARTESIAN_POINT ( 'NONE',  ( 0.1048354436553894653, 0.9000000000000003553, -0.04987734265222906749 ) ) ;
#5905 =( NAMED_UNIT ( * ) PLANE_ANGLE_UNIT ( ) SI_UNIT ( $, .RADIAN. ) );
#5906 = EDGE_CURVE ( 'NONE', #5522, #1598, #4534, .T. ) ;
#5907 = CARTESIAN_POINT ( 'NONE',  ( 0.1311379873022755771, 0.9010000000000000231, 0.006067508936054320963 ) ) ;
#5908 = ORIENTED_EDGE ( 'NONE', *, *, #364, .F. ) ;
#5909 = CARTESIAN_POINT ( 'NONE',  ( 0.01575616677588616635, 0.9009999999999998010, 0.03145960887674529444 ) ) ;
#5910 = CARTESIAN_POINT ( 'NONE',  ( -0.6492970924032265279, 0.8996261930578581811, 0.3991929659193230728 ) ) ;
#5911 = FILL_AREA_STYLE_COLOUR ( '', #430 ) ;
#5912 = CARTESIAN_POINT ( 'NONE',  ( 0.04673409916489266319, 0.9000000000000001332, -0.05503902030677628593 ) ) ;
#5913 = CARTESIAN_POINT ( 'NONE',  ( 0.07528247887979473696, 0.8999999999999999112, -0.03030162933954570759 ) ) ;
#5914 = EDGE_CURVE ( 'NONE', #3476, #5316, #5722, .T. ) ;
#5915 =( GEOMETRIC_REPRESENTATION_CONTEXT ( 3 ) GLOBAL_UNCERTAINTY_ASSIGNED_CONTEXT ( ( #3805 ) ) GLOBAL_UNIT_ASSIGNED_CONTEXT ( ( #5027, #2179, #5582 ) ) REPRESENTATION_CONTEXT ( 'NONE', 'WORKASPACE' ) );
#5916 = CARTESIAN_POINT ( 'NONE',  ( 0.6500000000000000222, 0.9000000000000000222, 0.4000000000000000222 ) ) ;
#5917 = CARTESIAN_POINT ( 'NONE',  ( 0.1002067081356627226, 0.9000000000000001332, -0.04578240585021366854 ) ) ;
#5918 = MECHANICAL_DESIGN_GEOMETRIC_PRESENTATION_REPRESENTATION (  '', ( #113 ), #2034 ) ;
#5919 = CARTESIAN_POINT ( 'NONE',  ( -0.1229655040792740628, 0.9000000000000001332, 0.02044542291170237114 ) ) ;
#5920 = UNCERTAINTY_MEASURE_WITH_UNIT (LENGTH_MEASURE( 1.000000000000000082E-05 ), #3549, 'distance_accuracy_value', 'NONE');
#5921 = CARTESIAN_POINT ( 'NONE',  ( -0.09666393046568247382, 0.9010000000000001341, -0.02752280458400070684 ) ) ;
#5922 = CARTESIAN_POINT ( 'NONE',  ( 0.1499072746998541261, 0.9000000000000000222, 0.03574953132953019586 ) ) ;
#5923 = CARTESIAN_POINT ( 'NONE',  ( -0.03828980999300742039, 0.9000000000000002442, 0.004823432380191162300 ) ) ;
#5924 = AXIS2_PLACEMENT_3D ( 'NONE', #825, #2251, #3312 ) ;
#5925 = VECTOR ( 'NONE', #2224, 1000.000000000000000 ) ;
#5926 = DIRECTION ( 'NONE',  ( 0.8919390152644691705, 0.000000000000000000, 0.4521557177002732408 ) ) ;
#5927 = CARTESIAN_POINT ( 'NONE',  ( 0.02990078085263533914, 0.8999999999999998002, -0.02133406143642727765 ) ) ;
#5928 = CARTESIAN_POINT ( 'NONE',  ( 0.1399117912863448165, 0.9009999999999999121, -0.009618634755213075274 ) ) ;
#5929 = CARTESIAN_POINT ( 'NONE',  ( -0.1082730701885818714, 0.9010000000000001341, 0.05003578430712354169 ) ) ;
#5930 =( GEOMETRIC_REPRESENTATION_CONTEXT ( 3 ) GLOBAL_UNCERTAINTY_ASSIGNED_CONTEXT ( ( #5860 ) ) GLOBAL_UNIT_ASSIGNED_CONTEXT ( ( #324, #5454, #2592 ) ) REPRESENTATION_CONTEXT ( 'NONE', 'WORKASPACE' ) );
#5931 = CARTESIAN_POINT ( 'NONE',  ( -0.7980000000000000426, 0.9000000000000000222, -0.3980000000000000204 ) ) ;
#5932 = CARTESIAN_POINT ( 'NONE',  ( -0.1203632194484504925, 0.9000000000000000222, -0.03107301951204746726 ) ) ;
#5933 = DIRECTION ( 'NONE',  ( -0.000000000000000000, -1.000000000000000000, -0.000000000000000000 ) ) ;
#5934 =( NAMED_UNIT ( * ) SI_UNIT ( $, .STERADIAN. ) SOLID_ANGLE_UNIT ( ) );
#5935 = CARTESIAN_POINT ( 'NONE',  ( 0.6498293095714809953, 0.8988790567966677969, 0.3998042847562122692 ) ) ;
#5936 = ADVANCED_FACE ( 'NONE', ( #4431 ), #156, .T. ) ;
#5937 = CARTESIAN_POINT ( 'NONE',  ( 0.07820383024967444974, 0.9010000000000003562, 0.006853463484889396606 ) ) ;
#5938 = CARTESIAN_POINT ( 'NONE',  ( -0.03328688160792706019, 0.9000000000000000222, 0.03210220953440172387 ) ) ;
#5939 = CARTESIAN_POINT ( 'NONE',  ( -0.06379822072815714840, 0.8999999999999996891, 0.02179261766316717766 ) ) ;
#5940 = CARTESIAN_POINT ( 'NONE',  ( -0.002337362377157837026, 0.9010000000000000231, 0.01892111979081198200 ) ) ;
#5941 = ORIENTED_EDGE ( 'NONE', *, *, #5304, .T. ) ;
#5942 = CARTESIAN_POINT ( 'NONE',  ( 0.1499072746998541261, 0.9000000000000001332, 0.03574953132953019586 ) ) ;
#5943 = EDGE_CURVE ( 'NONE', #5728, #2007, #3689, .T. ) ;
#5944 = CARTESIAN_POINT ( 'NONE',  ( 0.03285261783061165647, 0.9010000000000004672, 0.02484074395873171748 ) ) ;
#5945 = CARTESIAN_POINT ( 'NONE',  ( -0.1092484200694655294, 0.9010000000000000231, -0.03712855969636751075 ) ) ;
#5946 =( LENGTH_UNIT ( ) NAMED_UNIT ( * ) SI_UNIT ( .MILLI., .METRE. ) );
#5947 = CARTESIAN_POINT ( 'NONE',  ( 0.06926417921192774829, 0.9010000000000000231, 0.03817282335507567875 ) ) ;
#5948 = CARTESIAN_POINT ( 'NONE',  ( 0.04925007120554896617, 0.9009999999999999121, -0.05476435226409977208 ) ) ;
#5949 = CARTESIAN_POINT ( 'NONE',  ( 0.08740622736643191559, 0.8999999999999999112, 0.01671759414978633840 ) ) ;
#5950 = EDGE_CURVE ( 'NONE', #5294, #2886, #3030, .T. ) ;
#5951 = VERTEX_POINT ( 'NONE', #5986 ) ;
#5952 = CARTESIAN_POINT ( 'NONE',  ( -0.1198226441288689353, 0.9000000000000000222, 0.02656327688198252199 ) ) ;
#5953 = CARTESIAN_POINT ( 'NONE',  ( -0.09338229438400474924, 0.9010000000000002451, -0.007083230377343274070 ) ) ;
#5954 = SURFACE_STYLE_FILL_AREA ( #1670 ) ;
#5955 = CARTESIAN_POINT ( 'NONE',  ( -0.04511658662355376437, 0.9000000000000001332, 0.01238664726053213816 ) ) ;
#5956 = EDGE_CURVE ( 'NONE', #6030, #5388, #5487, .T. ) ;
#5957 = CARTESIAN_POINT ( 'NONE',  ( 0.000000000000000000, 0.9000000000000000222, 0.4000000000000000222 ) ) ;
#5958 = CARTESIAN_POINT ( 'NONE',  ( 0.1234514080223678284, 0.9000000000000003553, 0.002546613347195417036 ) ) ;
#5959 = AXIS2_PLACEMENT_3D ( 'NONE', #2623, #4519, #242 ) ;
#5960 = SURFACE_SIDE_STYLE ('',( #4056 ) ) ;
#5961 = CARTESIAN_POINT ( 'NONE',  ( 0.1053549453151498838, 0.9000000000000000222, 0.01671759414978633840 ) ) ;
#5962 = ADVANCED_FACE ( 'NONE', ( #276 ), #2628, .F. ) ;
#5963 = CARTESIAN_POINT ( 'NONE',  ( -0.1091682918643373246, 0.8999999999999999112, 0.05005092748311967821 ) ) ;
#5964 = AXIS2_PLACEMENT_3D ( 'NONE', #5837, #5868, #3902 ) ;
#5965 = CARTESIAN_POINT ( 'NONE',  ( -0.1001176340825970235, 0.9010000000000003562, -0.03291091642285885049 ) ) ;
#5966 = CARTESIAN_POINT ( 'NONE',  ( -0.1273488845628316657, 0.9000000000000000222, -0.04982318191645693922 ) ) ;
#5967 = AXIS2_PLACEMENT_3D ( 'NONE', #4629, #2193, #1689 ) ;
#5968 = CARTESIAN_POINT ( 'NONE',  ( -0.04581680343567362534, 0.9009999999999998010, 0.01506262563393197598 ) ) ;
#5969 = CARTESIAN_POINT ( 'NONE',  ( 0.1024018562781991853, 0.8999999999999998002, -0.04799619212740554447 ) ) ;
#5970 = ORIENTED_EDGE ( 'NONE', *, *, #5257, .T. ) ;
#5971 = COLOUR_RGB ( '',0.9411764705882352811, 0.9411764705882352811, 0.9411764705882352811 ) ;
#5972 = CARTESIAN_POINT ( 'NONE',  ( -0.8000000000000001554, 0.8979999999999999094, 0.4000000000000000222 ) ) ;
#5973 = CARTESIAN_POINT ( 'NONE',  ( 0.1221818683920729426, 0.9010000000000000231, -0.03712855969636751075 ) ) ;
#5974 = DIRECTION ( 'NONE',  ( -0.000000000000000000, -1.000000000000000000, -0.000000000000000000 ) ) ;
#5975 = CARTESIAN_POINT ( 'NONE',  ( 0.1221533706366737249, 0.9009999999999999121, -0.01666037999430364583 ) ) ;
#5976 = CARTESIAN_POINT ( 'NONE',  ( 0.1195523720079947755, 0.9000000000000002442, -0.01606785517955037351 ) ) ;
#5977 = FACE_OUTER_BOUND ( 'NONE', #1653, .T. ) ;
#5978 = ORIENTED_EDGE ( 'NONE', *, *, #2104, .T. ) ;
#5979 = CARTESIAN_POINT ( 'NONE',  ( -0.02232646830009539854, 0.9000000000000002442, 0.009974657252170881019 ) ) ;
#5980 = CARTESIAN_POINT ( 'NONE',  ( 0.09266115726932774854, 0.9000000000000000222, -0.02905139310101404262 ) ) ;
#5981 = DIRECTION ( 'NONE',  ( -0.000000000000000000, -1.000000000000000000, -0.000000000000000000 ) ) ;
#5982 = FILL_AREA_STYLE_COLOUR ( '', #6147 ) ;
#5983 = CARTESIAN_POINT ( 'NONE',  ( -0.01356075468747450739, 0.8999999999999998002, 0.04313015871786000932 ) ) ;
#5984 = ADVANCED_FACE ( 'NONE', ( #2658 ), #3590, .T. ) ;
#5985 = EDGE_LOOP ( 'NONE', ( #909, #1625, #5108 ) ) ;
#5986 = CARTESIAN_POINT ( 'NONE',  ( -0.04592710596690142977, 0.8999999999999999112, 0.01789948517542736678 ) ) ;
#5987 = CARTESIAN_POINT ( 'NONE',  ( 0.02630175366790356295, 0.8999999999999998002, 0.04484735562173471773 ) ) ;
#5988 = CARTESIAN_POINT ( 'NONE',  ( 0.1426132029444711902, 0.9010000000000000231, -0.01173143734822928996 ) ) ;
#5989 = B_SPLINE_CURVE_WITH_KNOTS ( 'NONE', 3,
 ( #5737, #3717, #20, #5613, #3249, #3777, #3281, #1893, #3311, #4260, #4804, #2371, #2802, #3841, #4300 ),
 .UNSPECIFIED., .F., .F.,
 ( 4, 1, 1, 1, 1, 1, 1, 1, 1, 1, 1, 1, 4 ),
 ( 0.000000000000000000, 0.07734635258732146246, 0.1506523054421707863, 0.2206774854153155108, 0.2865751871342058221, 0.3501884696535649821, 0.4113788387158259230, 0.4699460385526064710, 0.5282337864665739291, 0.6421944316652334894, 0.7553643229127675607, 0.8735561215980478522, 1.000000000000000000 ),
 .UNSPECIFIED. ) ;
#5990 = CARTESIAN_POINT ( 'NONE',  ( -0.005801998278669529344, 0.9010000000000001341, 0.03367568134087479265 ) ) ;
#5991 = CARTESIAN_POINT ( 'NONE',  ( -0.03068343618238688481, 0.9009999999999998010, 0.004015320735809066628 ) ) ;
#5992 = CIRCLE ( 'NONE', #4193, 0.001999999999999994404 ) ;
#5993 = CARTESIAN_POINT ( 'NONE',  ( 0.1409495269312579513, 0.9009999999999998010, -0.006302255237921646457 ) ) ;
#5994 = CARTESIAN_POINT ( 'NONE',  ( 0.6495851312298106528, 0.0006898849358595701611, 0.3995240195484534573 ) ) ;
#5995 = CYLINDRICAL_SURFACE ( 'NONE', #6019, 0.001999999999999994404 ) ;
#5996 = FACE_OUTER_BOUND ( 'NONE', #4380, .T. ) ;
#5997 = B_SPLINE_CURVE_WITH_KNOTS ( 'NONE', 3,
 ( #3105, #3161, #2643, #1221, #5446, #6031, #4544, #690, #205, #2129, #1163 ),
 .UNSPECIFIED., .F., .F.,
 ( 4, 1, 1, 1, 1, 1, 1, 1, 4 ),
 ( 0.000000000000000000, 0.08887073112253637830, 0.1863547159714914747, 0.2940776543961756695, 0.4122365279576113428, 0.5417781444209645025, 0.6827026066315660113, 0.8350963526041701446, 0.9999999999999998890 ),
 .UNSPECIFIED. ) ;
#5998 = CARTESIAN_POINT ( 'NONE',  ( 0.1471140151499751025, 0.9000000000000000222, -0.04110593495846610879 ) ) ;
#5999 = ORIENTED_EDGE ( 'NONE', *, *, #1607, .T. ) ;
#6000 = CARTESIAN_POINT ( 'NONE',  ( 0.02822187512430632608, 0.9010000000000000231, 0.04607667239710256518 ) ) ;
#6001 = CARTESIAN_POINT ( 'NONE',  ( 0.1165619668732292974, 0.9000000000000000222, -0.03576086714140705447 ) ) ;
#6002 = CARTESIAN_POINT ( 'NONE',  ( -0.1086858699732908828, 0.8999999999999998002, 0.03208557873180352404 ) ) ;
#6003 = CARTESIAN_POINT ( 'NONE',  ( 0.1501850548967328669, 0.9010000000000000231, -0.02777011761658656000 ) ) ;
#6004 = CARTESIAN_POINT ( 'NONE',  ( 0.1277119624245435237, 0.9009999999999996900, -0.01930677103713131226 ) ) ;
#6005 = CARTESIAN_POINT ( 'NONE',  ( -0.01109077317014957667, 0.8999999999999999112, -0.003706659479375993931 ) ) ;
#6006 = CARTESIAN_POINT ( 'NONE',  ( -0.1422795125334685995, 0.9009999999999996900, -0.01992421525497816218 ) ) ;
#6007 =( LENGTH_UNIT ( ) NAMED_UNIT ( * ) SI_UNIT ( .MILLI., .METRE. ) );
#6008 = EDGE_LOOP ( 'NONE', ( #4467, #3394, #3661, #5176 ) ) ;
#6009 = CARTESIAN_POINT ( 'NONE',  ( -0.03334697776177321382, 0.9010000000000000231, 0.003897081329273516161 ) ) ;
#6010 = CARTESIAN_POINT ( 'NONE',  ( 0.1130972749022312318, 0.9010000000000000231, 0.03005346915413797601 ) ) ;
#6011 = CARTESIAN_POINT ( 'NONE',  ( -0.1001176340825970235, 0.9000000000000001332, -0.03291091642285885049 ) ) ;
#6012 = CARTESIAN_POINT ( 'NONE',  ( -0.009189569986831002193, 0.9000000000000000222, 0.03872527550681500313 ) ) ;
#6013 = EDGE_LOOP ( 'NONE', ( #2795, #6121, #4140, #4238 ) ) ;
#6014 = B_SPLINE_CURVE_WITH_KNOTS ( 'NONE', 3,
 ( #2063, #3967, #3530, #3566, #5438, #5493, #5871, #1589, #1184, #3499, #3094, #5965, #3123, #5031, #1271, #2217, #4112, #1806, #4205 ),
 .UNSPECIFIED., .F., .F.,
 ( 4, 1, 1, 1, 1, 1, 1, 1, 1, 1, 1, 1, 1, 1, 1, 1, 4 ),
 ( 0.000000000000000000, 0.1121147956622137176, 0.2158018426882337137, 0.3102026923156551153, 0.3959929252987141046, 0.4734102307422354827, 0.5427784203605523494, 0.6045480222829330286, 0.6593572656120954001, 0.7087643617117438399, 0.7553555059484813317, 0.7986869938006723180, 0.8400168391480736796, 0.8802034470065461802, 0.9197333482458337484, 0.9590486059010160380, 1.000000000000000000 ),
 .UNSPECIFIED. ) ;
#6015 = CARTESIAN_POINT ( 'NONE',  ( -0.1253959785443843067, 0.9000000000000000222, 0.0001912801437514791971 ) ) ;
#6016 = CARTESIAN_POINT ( 'NONE',  ( 0.03429116891774839498, 0.9010000000000000231, -0.03218774024503710113 ) ) ;
#6017 = FILL_AREA_STYLE_COLOUR ( '', #329 ) ;
#6018 = FILL_AREA_STYLE_COLOUR ( '', #2800 ) ;
#6019 = AXIS2_PLACEMENT_3D ( 'NONE', #284, #4113, #1711 ) ;
#6020 = CARTESIAN_POINT ( 'NONE',  ( 0.04401519271766411029, 0.8999999999999999112, 0.03207790524200764687 ) ) ;
#6021 = CARTESIAN_POINT ( 'NONE',  ( -0.1253816096058105733, 0.9009999999999999121, -0.004783767752985838145 ) ) ;
#6022 = CARTESIAN_POINT ( 'NONE',  ( -0.1088203327524470132, 0.9010000000000001341, -0.05506438017631783144 ) ) ;
#6023 = CARTESIAN_POINT ( 'NONE',  ( 0.6491100111865876210, 0.8997611149782176465, 0.3989776967913849504 ) ) ;
#6024 = VECTOR ( 'NONE', #529, 1000.000000000000000 ) ;
#6025 = LINE ( 'NONE', #1746, #1767 ) ;
#6026 = CARTESIAN_POINT ( 'NONE',  ( -0.04236853372675904172, 0.9000000000000002442, 0.007862095635813139485 ) ) ;
#6027 = CARTESIAN_POINT ( 'NONE',  ( -0.09338229438400474924, 0.9000000000000002442, -0.007083230377343274070 ) ) ;
#6028 = CARTESIAN_POINT ( 'NONE',  ( -0.07961711879485451615, 0.9000000000000000222, 0.02851237849927956008 ) ) ;
#6029 = PRESENTATION_LAYER_ASSIGNMENT (  '', '', ( #2942 ) ) ;
#6030 = VERTEX_POINT ( 'NONE', #424 ) ;
#6031 = CARTESIAN_POINT ( 'NONE',  ( -0.09451996424766832827, 0.9010000000000003562, 0.01407506535255782613 ) ) ;
#6032 = CARTESIAN_POINT ( 'NONE',  ( 0.1278678878716651701, 0.8999999999999999112, 0.03106492363651460267 ) ) ;
#6033 = CARTESIAN_POINT ( 'NONE',  ( 0.05232499511826468885, 0.9009999999999999121, 0.04933696907557085648 ) ) ;
#6034 = CARTESIAN_POINT ( 'NONE',  ( 0.1457168532091403512, 0.9009999999999998010, -0.04328046641319070048 ) ) ;
#6035 = DIRECTION ( 'NONE',  ( 0.000000000000000000, 0.000000000000000000, 1.000000000000000000 ) ) ;
#6036 = EDGE_CURVE ( 'NONE', #1851, #238, #3741, .T. ) ;
#6037 = ORIENTED_EDGE ( 'NONE', *, *, #644, .F. ) ;
#6038 =( NAMED_UNIT ( * ) PLANE_ANGLE_UNIT ( ) SI_UNIT ( $, .RADIAN. ) );
#6039 = VERTEX_POINT ( 'NONE', #392 ) ;
#6040 = CARTESIAN_POINT ( 'NONE',  ( 0.04415702864848320558, 0.8999999999999999112, -0.05507727764508545815 ) ) ;
#6041 = CARTESIAN_POINT ( 'NONE',  ( -0.09577690313019997237, 0.8999999999999995781, -0.02505884519767910545 ) ) ;
#6042 = CARTESIAN_POINT ( 'NONE',  ( -0.002363724413026379798, 0.9000000000000001332, 0.01998422432036872642 ) ) ;
#6043 = ORIENTED_EDGE ( 'NONE', *, *, #5950, .F. ) ;
#6044 = CARTESIAN_POINT ( 'NONE',  ( 0.02869453120514490682, 0.9010000000000000231, -0.01117624724700897604 ) ) ;
#6045 =( NAMED_UNIT ( * ) PLANE_ANGLE_UNIT ( ) SI_UNIT ( $, .RADIAN. ) );
#6046 = CARTESIAN_POINT ( 'NONE',  ( -0.6500000000000000222, 0.8979999999999999094, 0.4000000000000000222 ) ) ;
#6047 = CARTESIAN_POINT ( 'NONE',  ( 0.1534569355146809533, 0.9010000000000000231, 0.007080212985275748799 ) ) ;
#6048 = CARTESIAN_POINT ( 'NONE',  ( -0.1254031625747702716, 0.8999999999999999112, -0.002506511678296997458 ) ) ;
#6049 = PLANE ( 'NONE',  #4528 ) ;
#6050 = CARTESIAN_POINT ( 'NONE',  ( 0.1317878575184511514, 0.9000000000000003553, -0.02466779883871787413 ) ) ;
#6051 = DIRECTION ( 'NONE',  ( 1.000000000000000000, 0.000000000000000000, 0.000000000000000000 ) ) ;
#6052 = CARTESIAN_POINT ( 'NONE',  ( -0.04592710596690142977, 0.8999999999999999112, 0.01789948517542736678 ) ) ;
#6053 = COLOUR_RGB ( '',0.9019607843137255054, 0.7098039215686274828, 0.4392156862745097978 ) ;
#6054 = CARTESIAN_POINT ( 'NONE',  ( -0.1096891251976706561, 0.9000000000000000222, -0.05507727764508545815 ) ) ;
#6055 = CARTESIAN_POINT ( 'NONE',  ( -0.07775000797419885645, 0.8999999999999998002, 0.02238201666804670240 ) ) ;
#6056 = EDGE_LOOP ( 'NONE', ( #3947, #2485, #1362, #784 ) ) ;
#6057 = CARTESIAN_POINT ( 'NONE',  ( 0.05718222338047136699, 0.8999999999999996891, -0.02752280458400069643 ) ) ;
#6058 = VECTOR ( 'NONE', #3431, 1000.000000000000000 ) ;
#6059 = CARTESIAN_POINT ( 'NONE',  ( 0.1202410713347285970, 0.8999999999999999112, -0.03703302972852699770 ) ) ;
#6060 = CARTESIAN_POINT ( 'NONE',  ( -0.1059783743901110686, 0.9010000000000000231, 0.03171878295294837391 ) ) ;
#6061 = CARTESIAN_POINT ( 'NONE',  ( 0.1502267401869447627, 0.9010000000000000231, -0.02885532251688032943 ) ) ;
#6062 = EDGE_CURVE ( 'NONE', #450, #4813, #920, .T. ) ;
#6063 = SURFACE_STYLE_FILL_AREA ( #2701 ) ;
#6064 = STYLED_ITEM ( 'NONE', ( #747 ), #2488 ) ;
#6065 = VERTEX_POINT ( 'NONE', #5142 ) ;
#6066 = FILL_AREA_STYLE_COLOUR ( '', #2171 ) ;
#6067 = ORIENTED_EDGE ( 'NONE', *, *, #4221, .F. ) ;
#6068 = CARTESIAN_POINT ( 'NONE',  ( 0.1210948884577786044, 0.9000000000000001332, 0.002037519422486437116 ) ) ;
#6069 = FACE_OUTER_BOUND ( 'NONE', #530, .T. ) ;
#6070 = CARTESIAN_POINT ( 'NONE',  ( -0.1168418650589180818, 0.9000000000000001332, 0.04933522291535231974 ) ) ;
#6071 = ORIENTED_EDGE ( 'NONE', *, *, #2536, .F. ) ;
#6072 = CARTESIAN_POINT ( 'NONE',  ( -0.02028608032587578269, 0.9000000000000000222, 0.01789948517542736678 ) ) ;
#6073 = CARTESIAN_POINT ( 'NONE',  ( 0.1140028403042374766, 0.9009999999999999121, 0.001353244549459914608 ) ) ;
#6074 = FILL_AREA_STYLE_COLOUR ( '', #1240 ) ;
#6075 = CARTESIAN_POINT ( 'NONE',  ( -0.003542639783111694186, 0.9009999999999999121, 0.02813290714216009486 ) ) ;
#6076 = DIRECTION ( 'NONE',  ( -0.4534572437205525164, 0.000000000000000000, 0.8912780307610860264 ) ) ;
#6077 = CARTESIAN_POINT ( 'NONE',  ( 0.07843186839207294536, 0.9010000000000000231, -0.002473110978418791451 ) ) ;
#6078 = CARTESIAN_POINT ( 'NONE',  ( 0.02903768077964494904, 0.9010000000000002451, 0.01113043878050293256 ) ) ;
#6079 = FACE_OUTER_BOUND ( 'NONE', #5262, .T. ) ;
#6080 = EDGE_LOOP ( 'NONE', ( #2878, #5604, #3349, #2223 ) ) ;
#6081 = FACE_OUTER_BOUND ( 'NONE', #4849, .T. ) ;
#6082 = AXIS2_PLACEMENT_3D ( 'NONE', #3523, #5044, #2930 ) ;
#6083 = SURFACE_STYLE_USAGE ( .BOTH. , #175 ) ;
#6084 = DIRECTION ( 'NONE',  ( -0.000000000000000000, 0.000000000000000000, 1.000000000000000000 ) ) ;
#6085 = CARTESIAN_POINT ( 'NONE',  ( 0.1251765434626153084, 0.9010000000000002451, -0.05500941673963080647 ) ) ;
#6086 = CARTESIAN_POINT ( 'NONE',  ( 0.1223020606997652776, 0.9000000000000001332, -0.05507727764508545815 ) ) ;
#6087 = VERTEX_POINT ( 'NONE', #2307 ) ;
#6088 = SURFACE_STYLE_FILL_AREA ( #2350 ) ;
#6089 = CARTESIAN_POINT ( 'NONE',  ( 0.1121637881224738509, 0.9010000000000000231, -0.03177350851877618759 ) ) ;
#6090 = EDGE_CURVE ( 'NONE', #3923, #5698, #1263, .T. ) ;
#6091 = CARTESIAN_POINT ( 'NONE',  ( 0.6482627733115838842, 0.000000000000000000, 0.3980000000000000204 ) ) ;
#6092 = CARTESIAN_POINT ( 'NONE',  ( -0.05634377263356808718, 0.9010000000000000231, -0.005157405850213663684 ) ) ;
#6093 = FILL_AREA_STYLE_COLOUR ( '', #2620 ) ;
#6094 = ORIENTED_EDGE ( 'NONE', *, *, #2322, .F. ) ;
#6095 = SURFACE_STYLE_USAGE ( .BOTH. , #355 ) ;
#6096 = CARTESIAN_POINT ( 'NONE',  ( 0.1322432465952946834, 0.9010000000000000231, -0.02836454251827703194 ) ) ;
#6097 = ORIENTED_EDGE ( 'NONE', *, *, #2684, .T. ) ;
#6098 = CARTESIAN_POINT ( 'NONE',  ( 0.1374062273664319045, 0.9000000000000000222, 0.01749884414978634256 ) ) ;
#6099 = CARTESIAN_POINT ( 'NONE',  ( 0.1088893794878892513, 0.9010000000000002451, 0.02616936667796914903 ) ) ;
#6100 = CARTESIAN_POINT ( 'NONE',  ( 0.6500000000000000222, 0.8979999999999999094, 0.4000000000000000222 ) ) ;
#6101 = EDGE_LOOP ( 'NONE', ( #3640, #4438, #5229, #1068 ) ) ;
#6102 = CARTESIAN_POINT ( 'NONE',  ( -0.02232646830009539854, 0.9000000000000003553, 0.009974657252170881019 ) ) ;
#6103 = CARTESIAN_POINT ( 'NONE',  ( -0.1388313506760101013, 0.8999999999999999112, -0.03422900812207960164 ) ) ;
#6104 = CARTESIAN_POINT ( 'NONE',  ( -0.004537478198037661961, 0.9000000000000002442, 0.03096292186150311626 ) ) ;
#6105 = CARTESIAN_POINT ( 'NONE',  ( 0.03402350971728491935, 0.8999999999999999112, 0.02656327688198251852 ) ) ;
#6106 = DIRECTION ( 'NONE',  ( -0.000000000000000000, 0.000000000000000000, 1.000000000000000000 ) ) ;
#6107 = VERTEX_POINT ( 'NONE', #2764 ) ;
#6108 = B_SPLINE_CURVE_WITH_KNOTS ( 'NONE', 3,
 ( #2637, #4619, #5004, #2219, #3622, #5935, #5061, #258, #1683, #312, #2719, #2665, #3598, #3155, #4589, #913 ),
 .UNSPECIFIED., .F., .F.,
 ( 4, 3, 3, 3, 3, 4 ),
 ( 0.000000000000000000, 5.535654255783207715E-07, 1.103371656382767609E-06, 1.847285420013885334E-06, 2.821060109827663006E-06, 3.653927284468967147E-06 ),
 .UNSPECIFIED. ) ;
#6109 = SURFACE_STYLE_FILL_AREA ( #5179 ) ;
#6110 = CIRCLE ( 'NONE', #1526, 0.6084470225131334287 ) ;
#6111 = CARTESIAN_POINT ( 'NONE',  ( -0.1341844571415197473, 0.9009999999999999121, 0.03820937448549743126 ) ) ;
#6112 = FACE_OUTER_BOUND ( 'NONE', #595, .T. ) ;
#6113 = CARTESIAN_POINT ( 'NONE',  ( 0.05613031467131973651, 0.9000000000000001332, -0.02961204664994141617 ) ) ;
#6114 = ORIENTED_EDGE ( 'NONE', *, *, #1339, .T. ) ;
#6115 = VECTOR ( 'NONE', #5746, 1000.000000000000000 ) ;
#6116 = CARTESIAN_POINT ( 'NONE',  ( -0.04388002461517891140, 0.9000000000000000222, 0.02591206305688173450 ) ) ;
#6117 = CARTESIAN_POINT ( 'NONE',  ( 0.1312571915631616792, 0.9010000000000001341, 0.04878824691138332337 ) ) ;
#6118 = CARTESIAN_POINT ( 'NONE',  ( 0.06777217260109905106, 0.9010000000000000231, 0.04010744002157060062 ) ) ;
#6119 = DIRECTION ( 'NONE',  ( -0.000000000000000000, -0.000000000000000000, 1.000000000000000000 ) ) ;
#6120 = DIRECTION ( 'NONE',  ( -0.000000000000000000, 1.000000000000000000, 0.000000000000000000 ) ) ;
#6121 = ORIENTED_EDGE ( 'NONE', *, *, #5119, .F. ) ;
#6122 = CARTESIAN_POINT ( 'NONE',  ( -0.6494607962347300756, 0.0005534465387861254963, -0.3993811167605288426 ) ) ;
#6123 = VERTEX_POINT ( 'NONE', #362 ) ;
#6124 = CARTESIAN_POINT ( 'NONE',  ( 0.1185644501376800497, 0.8999999999999999112, 0.001667867613053147487 ) ) ;
#6125 = CARTESIAN_POINT ( 'NONE',  ( 0.1216610350587396111, 0.9010000000000000231, 0.03210220953440172387 ) ) ;
#6126 = CARTESIAN_POINT ( 'NONE',  ( 0.05932618959848551948, 0.8999999999999998002, 0.01407506535255782613 ) ) ;
#6127 = VERTEX_POINT ( 'NONE', #1798 ) ;
#6128 = CARTESIAN_POINT ( 'NONE',  ( -0.1209262603760421217, 0.9010000000000003562, -0.05325541046488356522 ) ) ;
#6129 = CARTESIAN_POINT ( 'NONE',  ( 0.6495851312298108748, 0.0006898849358595458749, -0.3995240195484535128 ) ) ;
#6130 = CARTESIAN_POINT ( 'NONE',  ( -0.1195549849284054944, 0.9000000000000001332, -0.03218774024503709419 ) ) ;
#6131 = CARTESIAN_POINT ( 'NONE',  ( -0.6493908290821999163, 0.8995192807795505674, 0.3993006867082072864 ) ) ;
#6132 = CARTESIAN_POINT ( 'NONE',  ( -0.1096891251976706561, 0.8999999999999996891, -0.05507727764508545815 ) ) ;
#6133 = CARTESIAN_POINT ( 'NONE',  ( 0.1373849539460993974, 0.9009999999999998010, 0.01898968852012839978 ) ) ;
#6134 = EDGE_CURVE ( 'NONE', #5698, #3117, #2274, .T. ) ;
#6135 = CARTESIAN_POINT ( 'NONE',  ( -0.1310609088088527108, 0.9010000000000002451, 0.04186268668908313395 ) ) ;
#6136 = CARTESIAN_POINT ( 'NONE',  ( 0.04626168701168998504, 0.9000000000000000222, 0.03205301768824950215 ) ) ;
#6137 = CARTESIAN_POINT ( 'NONE',  ( -0.07544239222216067575, 0.9000000000000001332, 0.002283083064514541700 ) ) ;
#6138 = VERTEX_POINT ( 'NONE', #879 ) ;
#6139 = SURFACE_STYLE_USAGE ( .BOTH. , #4239 ) ;
#6140 = CARTESIAN_POINT ( 'NONE',  ( 0.1548226381423537801, 0.9010000000000002451, 0.02419902159851280987 ) ) ;
#6141 = VECTOR ( 'NONE', #5225, 1000.000000000000000 ) ;
#6142 = CARTESIAN_POINT ( 'NONE',  ( 0.07840376162399319282, 0.9009999999999999121, 0.002283083064514541700 ) ) ;
#6143 = CARTESIAN_POINT ( 'NONE',  ( 0.1009455926174850776, 0.9010000000000000231, -0.04652756390792830987 ) ) ;
#6144 = SURFACE_SIDE_STYLE ('',( #6063 ) ) ;
#6145 = EDGE_LOOP ( 'NONE', ( #37, #1634, #2174, #5816 ) ) ;
#6146 = CARTESIAN_POINT ( 'NONE',  ( -0.1351498623771578422, 0.9010000000000000231, -0.04147551482457263738 ) ) ;
#6147 = COLOUR_RGB ( '',0.9411764705882352811, 0.9411764705882352811, 0.9411764705882352811 ) ;
#6148 = LINE ( 'NONE', #5256, #2549 ) ;
#6149 = ORIENTED_EDGE ( 'NONE', *, *, #3734, .F. ) ;
#6150 = CARTESIAN_POINT ( 'NONE',  ( 0.09421511963170092763, 0.9010000000000002451, -0.03577217069382942344 ) ) ;
#6151 = SURFACE_SIDE_STYLE ('',( #1883 ) ) ;
#6152 = CARTESIAN_POINT ( 'NONE',  ( -0.1423380553768603674, 0.8999999999999998002, 0.01585329471277371546 ) ) ;
#6153 = VECTOR ( 'NONE', #3892, 1000.000000000000000 ) ;
#6154 = EDGE_CURVE ( 'NONE', #2416, #4348, #410, .T. ) ;
#6155 = VERTEX_POINT ( 'NONE', #4735 ) ;
#6156 = CARTESIAN_POINT ( 'NONE',  ( 0.6493908290822002494, 0.8995192807795503454, -0.3993006867082074529 ) ) ;
#6157 = CARTESIAN_POINT ( 'NONE',  ( 0.08740622736643191559, 0.9000000000000000222, 0.01671759414978633840 ) ) ;
#6158 = UNCERTAINTY_MEASURE_WITH_UNIT (LENGTH_MEASURE( 1.000000000000000082E-05 ), #5946, 'distance_accuracy_value', 'NONE');
#6159 = CARTESIAN_POINT ( 'NONE',  ( -0.02395272079906845750, 0.9000000000000000222, 0.04881379370536739065 ) ) ;
#6160 = EDGE_CURVE ( 'NONE', #2979, #4149, #5703, .T. ) ;
#6161 = CARTESIAN_POINT ( 'NONE',  ( 0.01869629146899603328, 0.8999999999999999112, -0.04147551482457263738 ) ) ;
#6162 = CARTESIAN_POINT ( 'NONE',  ( 0.6500000000000001332, 0.002000000000000048614, -0.4000000000000000222 ) ) ;
#6163 = LINE ( 'NONE', #1457, #1894 ) ;
#6164 = CARTESIAN_POINT ( 'NONE',  ( -0.06163879399251287472, 0.9000000000000000222, 0.006638098103616060439 ) ) ;
#6165 = CARTESIAN_POINT ( 'NONE',  ( 0.09725916972808303085, 0.9010000000000002451, 0.04113344901638305018 ) ) ;
#6166 = B_SPLINE_CURVE_WITH_KNOTS ( 'NONE', 3,
 ( #5513, #4106, #3116, #1234, #2114, #2683, #1732, #1261, #3174, #5077, #4640, #2737, #5107, #811, #1292, #3203, #4548, #1605, #5949 ),
 .UNSPECIFIED., .F., .F.,
 ( 4, 1, 1, 1, 1, 1, 1, 1, 1, 1, 1, 1, 1, 1, 1, 1, 4 ),
 ( 0.000000000000000000, 0.06665904530593298738, 0.1303429423273791965, 0.1919362235456412158, 0.2519958016206854112, 0.3111219432316444933, 0.3697547996986371155, 0.4286022079335121693, 0.4884358451551540914, 0.5485243594721667115, 0.6086610699182971596, 0.6692357986109764845, 0.7308807993874661957, 0.7941962717216975998, 0.8598304060149956074, 0.9285334661023540992, 1.000000000000000000 ),
 .UNSPECIFIED. ) ;
#6167 = CARTESIAN_POINT ( 'NONE',  ( -0.1368964323422363072, 0.9010000000000002451, 0.03388616946846450401 ) ) ;
#6168 = CARTESIAN_POINT ( 'NONE',  ( 0.05081360659037026384, 0.9010000000000003562, 0.03040672219967174503 ) ) ;
#6169 = CLOSED_SHELL ( 'NONE', ( #662, #3961, #5962, #2138, #2600, #716, #3637, #602, #4197, #1067, #4605, #611, #2488, #5568, #349, #5612, #4684, #342 ) ) ;
#6170 = EDGE_CURVE ( 'NONE', #4724, #539, #47, .T. ) ;
#6171 = DIRECTION ( 'NONE',  ( -0.000000000000000000, -1.000000000000000000, -0.000000000000000000 ) ) ;
#6172 = VERTEX_POINT ( 'NONE', #3363 ) ;
#6173 = CARTESIAN_POINT ( 'NONE',  ( -0.03410770394805517913, 0.9000000000000000222, 0.03205242357217121668 ) ) ;
#6174 = VECTOR ( 'NONE', #797, 1000.000000000000000 ) ;
ENDSEC;
END-ISO-10303-21;
