ISO-10303-21;
HEADER;
FILE_DESCRIPTION(('FreeCAD Model'),'2;1');
FILE_NAME('Open CASCADE Shape Model','2021-08-22T13:28:55',('Author'),(
    ''),'Open CASCADE STEP processor 7.5','FreeCAD','Unknown');
FILE_SCHEMA(('AUTOMOTIVE_DESIGN { 1 0 10303 214 1 1 1 1 }'));
ENDSEC;
DATA;
#1 = APPLICATION_PROTOCOL_DEFINITION('international standard',
  'automotive_design',2000,#2);
#2 = APPLICATION_CONTEXT(
  'core data for automotive mechanical design processes');
#3 = SHAPE_DEFINITION_REPRESENTATION(#4,#10);
#4 = PRODUCT_DEFINITION_SHAPE('','',#5);
#5 = PRODUCT_DEFINITION('design','',#6,#9);
#6 = PRODUCT_DEFINITION_FORMATION('','',#7);
#7 = PRODUCT('Resistor_0603','Resistor_0603','',(#8));
#8 = PRODUCT_CONTEXT('',#2,'mechanical');
#9 = PRODUCT_DEFINITION_CONTEXT('part definition',#2,'design');
#10 = SHAPE_REPRESENTATION('',(#11,#15,#19,#23,#27),#31);
#11 = AXIS2_PLACEMENT_3D('',#12,#13,#14);
#12 = CARTESIAN_POINT('',(0.,0.,0.));
#13 = DIRECTION('',(0.,0.,1.));
#14 = DIRECTION('',(1.,0.,-0.));
#15 = AXIS2_PLACEMENT_3D('',#16,#17,#18);
#16 = CARTESIAN_POINT('',(0.,0.,1.E-02));
#17 = DIRECTION('',(0.,0.,1.));
#18 = DIRECTION('',(1.,0.,0.));
#19 = AXIS2_PLACEMENT_3D('',#20,#21,#22);
#20 = CARTESIAN_POINT('',(0.,0.,1.E-02));
#21 = DIRECTION('',(0.,0.,1.));
#22 = DIRECTION('',(1.,0.,0.));
#23 = AXIS2_PLACEMENT_3D('',#24,#25,#26);
#24 = CARTESIAN_POINT('',(0.,0.,1.E-02));
#25 = DIRECTION('',(0.,0.,1.));
#26 = DIRECTION('',(1.,0.,0.));
#27 = AXIS2_PLACEMENT_3D('',#28,#29,#30);
#28 = CARTESIAN_POINT('',(0.,0.,1.75E-02));
#29 = DIRECTION('',(0.,0.,1.));
#30 = DIRECTION('',(1.,0.,0.));
#31 = ( GEOMETRIC_REPRESENTATION_CONTEXT(3) 
GLOBAL_UNCERTAINTY_ASSIGNED_CONTEXT((#35)) GLOBAL_UNIT_ASSIGNED_CONTEXT(
(#32,#33,#34)) REPRESENTATION_CONTEXT('Context #1',
  '3D Context with UNIT and UNCERTAINTY') );
#32 = ( LENGTH_UNIT() NAMED_UNIT(*) SI_UNIT(.MILLI.,.METRE.) );
#33 = ( NAMED_UNIT(*) PLANE_ANGLE_UNIT() SI_UNIT($,.RADIAN.) );
#34 = ( NAMED_UNIT(*) SI_UNIT($,.STERADIAN.) SOLID_ANGLE_UNIT() );
#35 = UNCERTAINTY_MEASURE_WITH_UNIT(LENGTH_MEASURE(1.E-07),#32,
  'distance_accuracy_value','confusion accuracy');
#36 = PRODUCT_RELATED_PRODUCT_CATEGORY('part',$,(#7));
#37 = ADVANCED_BREP_SHAPE_REPRESENTATION('',(#11,#38),#1160);
#38 = MANIFOLD_SOLID_BREP('',#39);
#39 = CLOSED_SHELL('',(#40,#330,#406,#460,#509,#558,#607,#661,#710,#871,
    #1012,#1039,#1072,#1099,#1126,#1153));
#40 = ADVANCED_FACE('',(#41),#55,.T.);
#41 = FACE_BOUND('',#42,.T.);
#42 = EDGE_LOOP('',(#43,#78,#107,#135,#164,#192,#220,#248,#276,#304));
#43 = ORIENTED_EDGE('',*,*,#44,.T.);
#44 = EDGE_CURVE('',#45,#47,#49,.T.);
#45 = VERTEX_POINT('',#46);
#46 = CARTESIAN_POINT('',(-0.4825,0.4,-1.E-15));
#47 = VERTEX_POINT('',#48);
#48 = CARTESIAN_POINT('',(-0.78,0.4,-1.E-15));
#49 = SURFACE_CURVE('',#50,(#54,#66),.PCURVE_S1.);
#50 = LINE('',#51,#52);
#51 = CARTESIAN_POINT('',(-0.4825,0.4,-4.5E-16));
#52 = VECTOR('',#53,1.);
#53 = DIRECTION('',(-1.,4.4E-16,-3.3E-16));
#54 = PCURVE('',#55,#60);
#55 = PLANE('',#56);
#56 = AXIS2_PLACEMENT_3D('',#57,#58,#59);
#57 = CARTESIAN_POINT('',(-0.69754375,0.4,0.214625));
#58 = DIRECTION('',(-4.3E-16,1.,-2.8E-16));
#59 = DIRECTION('',(-7.8E-16,2.8E-16,1.));
#60 = DEFINITIONAL_REPRESENTATION('',(#61),#65);
#61 = LINE('',#62,#63);
#62 = CARTESIAN_POINT('',(-0.214625,0.21504375));
#63 = VECTOR('',#64,1.);
#64 = DIRECTION('',(4.5E-16,-1.));
#65 = ( GEOMETRIC_REPRESENTATION_CONTEXT(2) 
PARAMETRIC_REPRESENTATION_CONTEXT() REPRESENTATION_CONTEXT('2D SPACE',''
  ) );
#66 = PCURVE('',#67,#72);
#67 = PLANE('',#68);
#68 = AXIS2_PLACEMENT_3D('',#69,#70,#71);
#69 = CARTESIAN_POINT('',(-0.4825,0.4,-4.5E-16));
#70 = DIRECTION('',(7.8E-16,-1.1E-16,-1.));
#71 = DIRECTION('',(4.4E-16,-1.,1.1E-16));
#72 = DEFINITIONAL_REPRESENTATION('',(#73),#77);
#73 = LINE('',#74,#75);
#74 = CARTESIAN_POINT('',(-2.442490654175E-32,5.551115123126E-17));
#75 = VECTOR('',#76,1.);
#76 = DIRECTION('',(-8.8E-16,1.));
#77 = ( GEOMETRIC_REPRESENTATION_CONTEXT(2) 
PARAMETRIC_REPRESENTATION_CONTEXT() REPRESENTATION_CONTEXT('2D SPACE',''
  ) );
#78 = ORIENTED_EDGE('',*,*,#79,.T.);
#79 = EDGE_CURVE('',#47,#80,#82,.T.);
#80 = VERTEX_POINT('',#81);
#81 = CARTESIAN_POINT('',(-0.8,0.4,2.E-02));
#82 = SURFACE_CURVE('',#83,(#88,#95),.PCURVE_S1.);
#83 = CIRCLE('',#84,2.E-02);
#84 = AXIS2_PLACEMENT_3D('',#85,#86,#87);
#85 = CARTESIAN_POINT('',(-0.78,0.4,2.E-02));
#86 = DIRECTION('',(-5.7E-16,1.,-1.22E-15));
#87 = DIRECTION('',(-1.1E-16,1.22E-15,1.));
#88 = PCURVE('',#55,#89);
#89 = DEFINITIONAL_REPRESENTATION('',(#90),#94);
#90 = CIRCLE('',#91,2.E-02);
#91 = AXIS2_PLACEMENT_2D('',#92,#93);
#92 = CARTESIAN_POINT('',(-0.194625,-8.245625E-02));
#93 = DIRECTION('',(1.,6.7E-16));
#94 = ( GEOMETRIC_REPRESENTATION_CONTEXT(2) 
PARAMETRIC_REPRESENTATION_CONTEXT() REPRESENTATION_CONTEXT('2D SPACE',''
  ) );
#95 = PCURVE('',#96,#101);
#96 = CYLINDRICAL_SURFACE('',#97,2.E-02);
#97 = AXIS2_PLACEMENT_3D('',#98,#99,#100);
#98 = CARTESIAN_POINT('',(-0.78,-0.4,2.E-02));
#99 = DIRECTION('',(-5.7E-16,1.,-1.22E-15));
#100 = DIRECTION('',(3.3E-16,-1.22E-15,-1.));
#101 = DEFINITIONAL_REPRESENTATION('',(#102),#106);
#102 = LINE('',#103,#104);
#103 = CARTESIAN_POINT('',(-3.14159265359,0.8));
#104 = VECTOR('',#105,1.);
#105 = DIRECTION('',(1.,0.));
#106 = ( GEOMETRIC_REPRESENTATION_CONTEXT(2) 
PARAMETRIC_REPRESENTATION_CONTEXT() REPRESENTATION_CONTEXT('2D SPACE',''
  ) );
#107 = ORIENTED_EDGE('',*,*,#108,.T.);
#108 = EDGE_CURVE('',#80,#109,#111,.T.);
#109 = VERTEX_POINT('',#110);
#110 = CARTESIAN_POINT('',(-0.8,0.4,0.43));
#111 = SURFACE_CURVE('',#112,(#116,#123),.PCURVE_S1.);
#112 = LINE('',#113,#114);
#113 = CARTESIAN_POINT('',(-0.8,0.4,1.75E-02));
#114 = VECTOR('',#115,1.);
#115 = DIRECTION('',(-1.44E-15,-5.6E-16,1.));
#116 = PCURVE('',#55,#117);
#117 = DEFINITIONAL_REPRESENTATION('',(#118),#122);
#118 = LINE('',#119,#120);
#119 = CARTESIAN_POINT('',(-0.197125,-0.10245625));
#120 = VECTOR('',#121,1.);
#121 = DIRECTION('',(1.,-6.6E-16));
#122 = ( GEOMETRIC_REPRESENTATION_CONTEXT(2) 
PARAMETRIC_REPRESENTATION_CONTEXT() REPRESENTATION_CONTEXT('2D SPACE',''
  ) );
#123 = PCURVE('',#124,#129);
#124 = PLANE('',#125);
#125 = AXIS2_PLACEMENT_3D('',#126,#127,#128);
#126 = CARTESIAN_POINT('',(-0.8,0.4,1.75E-02));
#127 = DIRECTION('',(-1.,-3.4E-16,-1.1E-16));
#128 = DIRECTION('',(3.4E-16,-1.,3.3E-16));
#129 = DEFINITIONAL_REPRESENTATION('',(#130),#134);
#130 = LINE('',#131,#132);
#131 = CARTESIAN_POINT('',(1.373900992974E-32,4.163336342344E-17));
#132 = VECTOR('',#133,1.);
#133 = DIRECTION('',(8.9E-16,1.));
#134 = ( GEOMETRIC_REPRESENTATION_CONTEXT(2) 
PARAMETRIC_REPRESENTATION_CONTEXT() REPRESENTATION_CONTEXT('2D SPACE',''
  ) );
#135 = ORIENTED_EDGE('',*,*,#136,.T.);
#136 = EDGE_CURVE('',#109,#137,#139,.T.);
#137 = VERTEX_POINT('',#138);
#138 = CARTESIAN_POINT('',(-0.78,0.4,0.45));
#139 = SURFACE_CURVE('',#140,(#145,#152),.PCURVE_S1.);
#140 = CIRCLE('',#141,2.E-02);
#141 = AXIS2_PLACEMENT_3D('',#142,#143,#144);
#142 = CARTESIAN_POINT('',(-0.78,0.4,0.43));
#143 = DIRECTION('',(-5.7E-16,1.,2.3E-16));
#144 = DIRECTION('',(1.,5.7E-16,1.1E-16));
#145 = PCURVE('',#55,#146);
#146 = DEFINITIONAL_REPRESENTATION('',(#147),#151);
#147 = CIRCLE('',#148,2.E-02);
#148 = AXIS2_PLACEMENT_2D('',#149,#150);
#149 = CARTESIAN_POINT('',(0.215375,-8.245625E-02));
#150 = DIRECTION('',(-6.7E-16,1.));
#151 = ( GEOMETRIC_REPRESENTATION_CONTEXT(2) 
PARAMETRIC_REPRESENTATION_CONTEXT() REPRESENTATION_CONTEXT('2D SPACE',''
  ) );
#152 = PCURVE('',#153,#158);
#153 = CYLINDRICAL_SURFACE('',#154,2.E-02);
#154 = AXIS2_PLACEMENT_3D('',#155,#156,#157);
#155 = CARTESIAN_POINT('',(-0.78,-0.4,0.43));
#156 = DIRECTION('',(-5.7E-16,1.,2.3E-16));
#157 = DIRECTION('',(-1.,-5.7E-16,-1.E-15));
#158 = DEFINITIONAL_REPRESENTATION('',(#159),#163);
#159 = LINE('',#160,#161);
#160 = CARTESIAN_POINT('',(-3.14159265359,0.8));
#161 = VECTOR('',#162,1.);
#162 = DIRECTION('',(1.,0.));
#163 = ( GEOMETRIC_REPRESENTATION_CONTEXT(2) 
PARAMETRIC_REPRESENTATION_CONTEXT() REPRESENTATION_CONTEXT('2D SPACE',''
  ) );
#164 = ORIENTED_EDGE('',*,*,#165,.T.);
#165 = EDGE_CURVE('',#137,#166,#168,.T.);
#166 = VERTEX_POINT('',#167);
#167 = CARTESIAN_POINT('',(-0.5325,0.4,0.45));
#168 = SURFACE_CURVE('',#169,(#173,#180),.PCURVE_S1.);
#169 = LINE('',#170,#171);
#170 = CARTESIAN_POINT('',(-0.7825,0.4,0.45));
#171 = VECTOR('',#172,1.);
#172 = DIRECTION('',(1.,-4.4E-16,3.3E-16));
#173 = PCURVE('',#55,#174);
#174 = DEFINITIONAL_REPRESENTATION('',(#175),#179);
#175 = LINE('',#176,#177);
#176 = CARTESIAN_POINT('',(0.235375,-8.495625E-02));
#177 = VECTOR('',#178,1.);
#178 = DIRECTION('',(-4.5E-16,1.));
#179 = ( GEOMETRIC_REPRESENTATION_CONTEXT(2) 
PARAMETRIC_REPRESENTATION_CONTEXT() REPRESENTATION_CONTEXT('2D SPACE',''
  ) );
#180 = PCURVE('',#181,#186);
#181 = PLANE('',#182);
#182 = AXIS2_PLACEMENT_3D('',#183,#184,#185);
#183 = CARTESIAN_POINT('',(-0.649861738149,6.8E-16,0.45));
#184 = DIRECTION('',(3.02E-15,-6.6E-16,1.));
#185 = DIRECTION('',(1.,-1.1E-16,-3.02E-15));
#186 = DEFINITIONAL_REPRESENTATION('',(#187),#191);
#187 = LINE('',#188,#189);
#188 = CARTESIAN_POINT('',(-0.132638261851,0.4));
#189 = VECTOR('',#190,1.);
#190 = DIRECTION('',(1.,-3.3E-16));
#191 = ( GEOMETRIC_REPRESENTATION_CONTEXT(2) 
PARAMETRIC_REPRESENTATION_CONTEXT() REPRESENTATION_CONTEXT('2D SPACE',''
  ) );
#192 = ORIENTED_EDGE('',*,*,#193,.F.);
#193 = EDGE_CURVE('',#194,#166,#196,.T.);
#194 = VERTEX_POINT('',#195);
#195 = CARTESIAN_POINT('',(-0.5325,0.4,0.415));
#196 = SURFACE_CURVE('',#197,(#201,#208),.PCURVE_S1.);
#197 = LINE('',#198,#199);
#198 = CARTESIAN_POINT('',(-0.5325,0.4,0.415));
#199 = VECTOR('',#200,1.);
#200 = DIRECTION('',(-1.22E-15,-1.12E-15,1.));
#201 = PCURVE('',#55,#202);
#202 = DEFINITIONAL_REPRESENTATION('',(#203),#207);
#203 = LINE('',#204,#205);
#204 = CARTESIAN_POINT('',(0.200375,0.16504375));
#205 = VECTOR('',#206,1.);
#206 = DIRECTION('',(1.,-4.4E-16));
#207 = ( GEOMETRIC_REPRESENTATION_CONTEXT(2) 
PARAMETRIC_REPRESENTATION_CONTEXT() REPRESENTATION_CONTEXT('2D SPACE',''
  ) );
#208 = PCURVE('',#209,#214);
#209 = PLANE('',#210);
#210 = AXIS2_PLACEMENT_3D('',#211,#212,#213);
#211 = CARTESIAN_POINT('',(-0.5325,9.E-17,0.4325));
#212 = DIRECTION('',(1.,-5.E-16,2.93E-15));
#213 = DIRECTION('',(-2.93E-15,-3.3E-16,1.));
#214 = DEFINITIONAL_REPRESENTATION('',(#215),#219);
#215 = LINE('',#216,#217);
#216 = CARTESIAN_POINT('',(-1.75E-02,-0.4));
#217 = VECTOR('',#218,1.);
#218 = DIRECTION('',(1.,7.9E-16));
#219 = ( GEOMETRIC_REPRESENTATION_CONTEXT(2) 
PARAMETRIC_REPRESENTATION_CONTEXT() REPRESENTATION_CONTEXT('2D SPACE',''
  ) );
#220 = ORIENTED_EDGE('',*,*,#221,.F.);
#221 = EDGE_CURVE('',#222,#194,#224,.T.);
#222 = VERTEX_POINT('',#223);
#223 = CARTESIAN_POINT('',(-0.765,0.4,0.415));
#224 = SURFACE_CURVE('',#225,(#229,#236),.PCURVE_S1.);
#225 = LINE('',#226,#227);
#226 = CARTESIAN_POINT('',(-0.7825,0.4,0.415));
#227 = VECTOR('',#228,1.);
#228 = DIRECTION('',(1.,-4.4E-16,-1.1E-16));
#229 = PCURVE('',#55,#230);
#230 = DEFINITIONAL_REPRESENTATION('',(#231),#235);
#231 = LINE('',#232,#233);
#232 = CARTESIAN_POINT('',(0.200375,-8.495625E-02));
#233 = VECTOR('',#234,1.);
#234 = DIRECTION('',(-8.9E-16,1.));
#235 = ( GEOMETRIC_REPRESENTATION_CONTEXT(2) 
PARAMETRIC_REPRESENTATION_CONTEXT() REPRESENTATION_CONTEXT('2D SPACE',''
  ) );
#236 = PCURVE('',#237,#242);
#237 = PLANE('',#238);
#238 = AXIS2_PLACEMENT_3D('',#239,#240,#241);
#239 = CARTESIAN_POINT('',(-0.63247960373,3.1E-16,0.415));
#240 = DIRECTION('',(-3.68E-15,6.3E-16,-1.));
#241 = DIRECTION('',(-1.,1.1E-16,3.68E-15));
#242 = DEFINITIONAL_REPRESENTATION('',(#243),#247);
#243 = LINE('',#244,#245);
#244 = CARTESIAN_POINT('',(0.15002039627,0.4));
#245 = VECTOR('',#246,1.);
#246 = DIRECTION('',(-1.,-3.3E-16));
#247 = ( GEOMETRIC_REPRESENTATION_CONTEXT(2) 
PARAMETRIC_REPRESENTATION_CONTEXT() REPRESENTATION_CONTEXT('2D SPACE',''
  ) );
#248 = ORIENTED_EDGE('',*,*,#249,.F.);
#249 = EDGE_CURVE('',#250,#222,#252,.T.);
#250 = VERTEX_POINT('',#251);
#251 = CARTESIAN_POINT('',(-0.765,0.4,3.5E-02));
#252 = SURFACE_CURVE('',#253,(#257,#264),.PCURVE_S1.);
#253 = LINE('',#254,#255);
#254 = CARTESIAN_POINT('',(-0.765,0.4,1.75E-02));
#255 = VECTOR('',#256,1.);
#256 = DIRECTION('',(-1.E-15,-5.6E-16,1.));
#257 = PCURVE('',#55,#258);
#258 = DEFINITIONAL_REPRESENTATION('',(#259),#263);
#259 = LINE('',#260,#261);
#260 = CARTESIAN_POINT('',(-0.197125,-6.745625E-02));
#261 = VECTOR('',#262,1.);
#262 = DIRECTION('',(1.,-2.2E-16));
#263 = ( GEOMETRIC_REPRESENTATION_CONTEXT(2) 
PARAMETRIC_REPRESENTATION_CONTEXT() REPRESENTATION_CONTEXT('2D SPACE',''
  ) );
#264 = PCURVE('',#265,#270);
#265 = PLANE('',#266);
#266 = AXIS2_PLACEMENT_3D('',#267,#268,#269);
#267 = CARTESIAN_POINT('',(-0.765,-0.4,1.75E-02));
#268 = DIRECTION('',(1.,3.4E-16,1.1E-16));
#269 = DIRECTION('',(-3.4E-16,1.,-3.3E-16));
#270 = DEFINITIONAL_REPRESENTATION('',(#271),#275);
#271 = LINE('',#272,#273);
#272 = CARTESIAN_POINT('',(0.8,3.791478603479E-18));
#273 = VECTOR('',#274,1.);
#274 = DIRECTION('',(-8.9E-16,1.));
#275 = ( GEOMETRIC_REPRESENTATION_CONTEXT(2) 
PARAMETRIC_REPRESENTATION_CONTEXT() REPRESENTATION_CONTEXT('2D SPACE',''
  ) );
#276 = ORIENTED_EDGE('',*,*,#277,.F.);
#277 = EDGE_CURVE('',#278,#250,#280,.T.);
#278 = VERTEX_POINT('',#279);
#279 = CARTESIAN_POINT('',(-0.4825,0.4,3.5E-02));
#280 = SURFACE_CURVE('',#281,(#285,#292),.PCURVE_S1.);
#281 = LINE('',#282,#283);
#282 = CARTESIAN_POINT('',(-0.4825,0.4,3.5E-02));
#283 = VECTOR('',#284,1.);
#284 = DIRECTION('',(-1.,4.4E-16,1.1E-16));
#285 = PCURVE('',#55,#286);
#286 = DEFINITIONAL_REPRESENTATION('',(#287),#291);
#287 = LINE('',#288,#289);
#288 = CARTESIAN_POINT('',(-0.179625,0.21504375));
#289 = VECTOR('',#290,1.);
#290 = DIRECTION('',(8.9E-16,-1.));
#291 = ( GEOMETRIC_REPRESENTATION_CONTEXT(2) 
PARAMETRIC_REPRESENTATION_CONTEXT() REPRESENTATION_CONTEXT('2D SPACE',''
  ) );
#292 = PCURVE('',#293,#298);
#293 = PLANE('',#294);
#294 = AXIS2_PLACEMENT_3D('',#295,#296,#297);
#295 = CARTESIAN_POINT('',(-0.4825,-0.4,3.5E-02));
#296 = DIRECTION('',(-7.8E-16,1.1E-16,1.));
#297 = DIRECTION('',(-4.4E-16,1.,-1.1E-16));
#298 = DEFINITIONAL_REPRESENTATION('',(#299),#303);
#299 = LINE('',#300,#301);
#300 = CARTESIAN_POINT('',(0.8,-1.893309261245E-17));
#301 = VECTOR('',#302,1.);
#302 = DIRECTION('',(8.8E-16,1.));
#303 = ( GEOMETRIC_REPRESENTATION_CONTEXT(2) 
PARAMETRIC_REPRESENTATION_CONTEXT() REPRESENTATION_CONTEXT('2D SPACE',''
  ) );
#304 = ORIENTED_EDGE('',*,*,#305,.T.);
#305 = EDGE_CURVE('',#278,#45,#306,.T.);
#306 = SURFACE_CURVE('',#307,(#311,#318),.PCURVE_S1.);
#307 = LINE('',#308,#309);
#308 = CARTESIAN_POINT('',(-0.4825,0.4,3.5E-02));
#309 = VECTOR('',#310,1.);
#310 = DIRECTION('',(1.22E-15,1.1E-16,-1.));
#311 = PCURVE('',#55,#312);
#312 = DEFINITIONAL_REPRESENTATION('',(#313),#317);
#313 = LINE('',#314,#315);
#314 = CARTESIAN_POINT('',(-0.179625,0.21504375));
#315 = VECTOR('',#316,1.);
#316 = DIRECTION('',(-1.,4.4E-16));
#317 = ( GEOMETRIC_REPRESENTATION_CONTEXT(2) 
PARAMETRIC_REPRESENTATION_CONTEXT() REPRESENTATION_CONTEXT('2D SPACE',''
  ) );
#318 = PCURVE('',#319,#324);
#319 = PLANE('',#320);
#320 = AXIS2_PLACEMENT_3D('',#321,#322,#323);
#321 = CARTESIAN_POINT('',(-0.4825,3.1E-16,1.75E-02));
#322 = DIRECTION('',(-1.,4.3E-16,-1.41E-15));
#323 = DIRECTION('',(1.41E-15,3.3E-16,-1.));
#324 = DEFINITIONAL_REPRESENTATION('',(#325),#329);
#325 = LINE('',#326,#327);
#326 = CARTESIAN_POINT('',(-1.75E-02,-0.4));
#327 = VECTOR('',#328,1.);
#328 = DIRECTION('',(1.,2.2E-16));
#329 = ( GEOMETRIC_REPRESENTATION_CONTEXT(2) 
PARAMETRIC_REPRESENTATION_CONTEXT() REPRESENTATION_CONTEXT('2D SPACE',''
  ) );
#330 = ADVANCED_FACE('',(#331),#67,.T.);
#331 = FACE_BOUND('',#332,.T.);
#332 = EDGE_LOOP('',(#333,#334,#357,#385));
#333 = ORIENTED_EDGE('',*,*,#44,.F.);
#334 = ORIENTED_EDGE('',*,*,#335,.T.);
#335 = EDGE_CURVE('',#45,#336,#338,.T.);
#336 = VERTEX_POINT('',#337);
#337 = CARTESIAN_POINT('',(-0.4825,-0.4,0.));
#338 = SURFACE_CURVE('',#339,(#343,#350),.PCURVE_S1.);
#339 = LINE('',#340,#341);
#340 = CARTESIAN_POINT('',(-0.4825,0.4,-4.5E-16));
#341 = VECTOR('',#342,1.);
#342 = DIRECTION('',(4.4E-16,-1.,1.E-15));
#343 = PCURVE('',#67,#344);
#344 = DEFINITIONAL_REPRESENTATION('',(#345),#349);
#345 = LINE('',#346,#347);
#346 = CARTESIAN_POINT('',(0.,-0.));
#347 = VECTOR('',#348,1.);
#348 = DIRECTION('',(1.,1.280761315263E-32));
#349 = ( GEOMETRIC_REPRESENTATION_CONTEXT(2) 
PARAMETRIC_REPRESENTATION_CONTEXT() REPRESENTATION_CONTEXT('2D SPACE',''
  ) );
#350 = PCURVE('',#319,#351);
#351 = DEFINITIONAL_REPRESENTATION('',(#352),#356);
#352 = LINE('',#353,#354);
#353 = CARTESIAN_POINT('',(1.75E-02,-0.4));
#354 = VECTOR('',#355,1.);
#355 = DIRECTION('',(-1.33E-15,1.));
#356 = ( GEOMETRIC_REPRESENTATION_CONTEXT(2) 
PARAMETRIC_REPRESENTATION_CONTEXT() REPRESENTATION_CONTEXT('2D SPACE',''
  ) );
#357 = ORIENTED_EDGE('',*,*,#358,.T.);
#358 = EDGE_CURVE('',#336,#359,#361,.T.);
#359 = VERTEX_POINT('',#360);
#360 = CARTESIAN_POINT('',(-0.78,-0.4,-0.));
#361 = SURFACE_CURVE('',#362,(#366,#373),.PCURVE_S1.);
#362 = LINE('',#363,#364);
#363 = CARTESIAN_POINT('',(-0.4825,-0.4,3.5E-16));
#364 = VECTOR('',#365,1.);
#365 = DIRECTION('',(-1.,4.4E-16,1.1E-16));
#366 = PCURVE('',#67,#367);
#367 = DEFINITIONAL_REPRESENTATION('',(#368),#372);
#368 = LINE('',#369,#370);
#369 = CARTESIAN_POINT('',(0.8,-3.65780586188E-17));
#370 = VECTOR('',#371,1.);
#371 = DIRECTION('',(-8.8E-16,1.));
#372 = ( GEOMETRIC_REPRESENTATION_CONTEXT(2) 
PARAMETRIC_REPRESENTATION_CONTEXT() REPRESENTATION_CONTEXT('2D SPACE',''
  ) );
#373 = PCURVE('',#374,#379);
#374 = PLANE('',#375);
#375 = AXIS2_PLACEMENT_3D('',#376,#377,#378);
#376 = CARTESIAN_POINT('',(-0.69754375,-0.4,0.214625));
#377 = DIRECTION('',(3.4E-16,-1.,2.8E-16));
#378 = DIRECTION('',(-1.,-3.4E-16,1.1E-16));
#379 = DEFINITIONAL_REPRESENTATION('',(#380),#384);
#380 = LINE('',#381,#382);
#381 = CARTESIAN_POINT('',(-0.21504375,0.214625));
#382 = VECTOR('',#383,1.);
#383 = DIRECTION('',(1.,2.465190328816E-32));
#384 = ( GEOMETRIC_REPRESENTATION_CONTEXT(2) 
PARAMETRIC_REPRESENTATION_CONTEXT() REPRESENTATION_CONTEXT('2D SPACE',''
  ) );
#385 = ORIENTED_EDGE('',*,*,#386,.T.);
#386 = EDGE_CURVE('',#359,#47,#387,.T.);
#387 = SURFACE_CURVE('',#388,(#392,#399),.PCURVE_S1.);
#388 = LINE('',#389,#390);
#389 = CARTESIAN_POINT('',(-0.78,-0.4,-3.8E-16));
#390 = VECTOR('',#391,1.);
#391 = DIRECTION('',(-5.7E-16,1.,-1.22E-15));
#392 = PCURVE('',#67,#393);
#393 = DEFINITIONAL_REPRESENTATION('',(#394),#398);
#394 = LINE('',#395,#396);
#395 = CARTESIAN_POINT('',(0.8,0.2975));
#396 = VECTOR('',#397,1.);
#397 = DIRECTION('',(-1.,1.3E-16));
#398 = ( GEOMETRIC_REPRESENTATION_CONTEXT(2) 
PARAMETRIC_REPRESENTATION_CONTEXT() REPRESENTATION_CONTEXT('2D SPACE',''
  ) );
#399 = PCURVE('',#96,#400);
#400 = DEFINITIONAL_REPRESENTATION('',(#401),#405);
#401 = LINE('',#402,#403);
#402 = CARTESIAN_POINT('',(0.,0.));
#403 = VECTOR('',#404,1.);
#404 = DIRECTION('',(0.,1.));
#405 = ( GEOMETRIC_REPRESENTATION_CONTEXT(2) 
PARAMETRIC_REPRESENTATION_CONTEXT() REPRESENTATION_CONTEXT('2D SPACE',''
  ) );
#406 = ADVANCED_FACE('',(#407),#96,.T.);
#407 = FACE_BOUND('',#408,.T.);
#408 = EDGE_LOOP('',(#409,#437,#458,#459));
#409 = ORIENTED_EDGE('',*,*,#410,.T.);
#410 = EDGE_CURVE('',#359,#411,#413,.T.);
#411 = VERTEX_POINT('',#412);
#412 = CARTESIAN_POINT('',(-0.8,-0.4,2.E-02));
#413 = SURFACE_CURVE('',#414,(#419,#426),.PCURVE_S1.);
#414 = CIRCLE('',#415,2.E-02);
#415 = AXIS2_PLACEMENT_3D('',#416,#417,#418);
#416 = CARTESIAN_POINT('',(-0.78,-0.4,2.E-02));
#417 = DIRECTION('',(-5.7E-16,1.,-1.22E-15));
#418 = DIRECTION('',(-1.1E-16,1.22E-15,1.));
#419 = PCURVE('',#96,#420);
#420 = DEFINITIONAL_REPRESENTATION('',(#421),#425);
#421 = LINE('',#422,#423);
#422 = CARTESIAN_POINT('',(-3.14159265359,-1.7E-16));
#423 = VECTOR('',#424,1.);
#424 = DIRECTION('',(1.,0.));
#425 = ( GEOMETRIC_REPRESENTATION_CONTEXT(2) 
PARAMETRIC_REPRESENTATION_CONTEXT() REPRESENTATION_CONTEXT('2D SPACE',''
  ) );
#426 = PCURVE('',#374,#427);
#427 = DEFINITIONAL_REPRESENTATION('',(#428),#436);
#428 = ( BOUNDED_CURVE() B_SPLINE_CURVE(2,(#429,#430,#431,#432,#433,#434
,#435),.UNSPECIFIED.,.T.,.F.) B_SPLINE_CURVE_WITH_KNOTS((1,2,2,2,2,1),(
    -2.094395102393,0.,2.094395102393,4.188790204786,6.28318530718,
8.377580409573),.UNSPECIFIED.) CURVE() GEOMETRIC_REPRESENTATION_ITEM() 
RATIONAL_B_SPLINE_CURVE((1.,0.5,1.,0.5,1.,0.5,1.)) REPRESENTATION_ITEM(
  '') );
#429 = CARTESIAN_POINT('',(8.245625E-02,0.174625));
#430 = CARTESIAN_POINT('',(4.781523384862E-02,0.174625));
#431 = CARTESIAN_POINT('',(6.513574192431E-02,0.204625));
#432 = CARTESIAN_POINT('',(8.245625E-02,0.234625));
#433 = CARTESIAN_POINT('',(9.977675807569E-02,0.204625));
#434 = CARTESIAN_POINT('',(0.117097266151,0.174625));
#435 = CARTESIAN_POINT('',(8.245625E-02,0.174625));
#436 = ( GEOMETRIC_REPRESENTATION_CONTEXT(2) 
PARAMETRIC_REPRESENTATION_CONTEXT() REPRESENTATION_CONTEXT('2D SPACE',''
  ) );
#437 = ORIENTED_EDGE('',*,*,#438,.T.);
#438 = EDGE_CURVE('',#411,#80,#439,.T.);
#439 = SURFACE_CURVE('',#440,(#444,#451),.PCURVE_S1.);
#440 = LINE('',#441,#442);
#441 = CARTESIAN_POINT('',(-0.8,-0.4,2.E-02));
#442 = VECTOR('',#443,1.);
#443 = DIRECTION('',(-5.7E-16,1.,-1.22E-15));
#444 = PCURVE('',#96,#445);
#445 = DEFINITIONAL_REPRESENTATION('',(#446),#450);
#446 = LINE('',#447,#448);
#447 = CARTESIAN_POINT('',(1.570796326795,0.));
#448 = VECTOR('',#449,1.);
#449 = DIRECTION('',(0.,1.));
#450 = ( GEOMETRIC_REPRESENTATION_CONTEXT(2) 
PARAMETRIC_REPRESENTATION_CONTEXT() REPRESENTATION_CONTEXT('2D SPACE',''
  ) );
#451 = PCURVE('',#124,#452);
#452 = DEFINITIONAL_REPRESENTATION('',(#453),#457);
#453 = LINE('',#454,#455);
#454 = CARTESIAN_POINT('',(0.8,2.5E-03));
#455 = VECTOR('',#456,1.);
#456 = DIRECTION('',(-1.,-8.9E-16));
#457 = ( GEOMETRIC_REPRESENTATION_CONTEXT(2) 
PARAMETRIC_REPRESENTATION_CONTEXT() REPRESENTATION_CONTEXT('2D SPACE',''
  ) );
#458 = ORIENTED_EDGE('',*,*,#79,.F.);
#459 = ORIENTED_EDGE('',*,*,#386,.F.);
#460 = ADVANCED_FACE('',(#461),#319,.F.);
#461 = FACE_BOUND('',#462,.F.);
#462 = EDGE_LOOP('',(#463,#486,#487,#488));
#463 = ORIENTED_EDGE('',*,*,#464,.T.);
#464 = EDGE_CURVE('',#465,#278,#467,.T.);
#465 = VERTEX_POINT('',#466);
#466 = CARTESIAN_POINT('',(-0.4825,-0.4,3.5E-02));
#467 = SURFACE_CURVE('',#468,(#472,#479),.PCURVE_S1.);
#468 = LINE('',#469,#470);
#469 = CARTESIAN_POINT('',(-0.4825,-0.4,3.5E-02));
#470 = VECTOR('',#471,1.);
#471 = DIRECTION('',(-4.4E-16,1.,-1.E-15));
#472 = PCURVE('',#319,#473);
#473 = DEFINITIONAL_REPRESENTATION('',(#474),#478);
#474 = LINE('',#475,#476);
#475 = CARTESIAN_POINT('',(-1.75E-02,0.4));
#476 = VECTOR('',#477,1.);
#477 = DIRECTION('',(1.33E-15,-1.));
#478 = ( GEOMETRIC_REPRESENTATION_CONTEXT(2) 
PARAMETRIC_REPRESENTATION_CONTEXT() REPRESENTATION_CONTEXT('2D SPACE',''
  ) );
#479 = PCURVE('',#293,#480);
#480 = DEFINITIONAL_REPRESENTATION('',(#481),#485);
#481 = LINE('',#482,#483);
#482 = CARTESIAN_POINT('',(0.,-0.));
#483 = VECTOR('',#484,1.);
#484 = DIRECTION('',(1.,-1.280761315263E-32));
#485 = ( GEOMETRIC_REPRESENTATION_CONTEXT(2) 
PARAMETRIC_REPRESENTATION_CONTEXT() REPRESENTATION_CONTEXT('2D SPACE',''
  ) );
#486 = ORIENTED_EDGE('',*,*,#305,.T.);
#487 = ORIENTED_EDGE('',*,*,#335,.T.);
#488 = ORIENTED_EDGE('',*,*,#489,.T.);
#489 = EDGE_CURVE('',#336,#465,#490,.T.);
#490 = SURFACE_CURVE('',#491,(#495,#502),.PCURVE_S1.);
#491 = LINE('',#492,#493);
#492 = CARTESIAN_POINT('',(-0.4825,-0.4,3.5E-16));
#493 = VECTOR('',#494,1.);
#494 = DIRECTION('',(-1.22E-15,-1.1E-16,1.));
#495 = PCURVE('',#319,#496);
#496 = DEFINITIONAL_REPRESENTATION('',(#497),#501);
#497 = LINE('',#498,#499);
#498 = CARTESIAN_POINT('',(1.75E-02,0.4));
#499 = VECTOR('',#500,1.);
#500 = DIRECTION('',(-1.,-2.2E-16));
#501 = ( GEOMETRIC_REPRESENTATION_CONTEXT(2) 
PARAMETRIC_REPRESENTATION_CONTEXT() REPRESENTATION_CONTEXT('2D SPACE',''
  ) );
#502 = PCURVE('',#374,#503);
#503 = DEFINITIONAL_REPRESENTATION('',(#504),#508);
#504 = LINE('',#505,#506);
#505 = CARTESIAN_POINT('',(-0.21504375,0.214625));
#506 = VECTOR('',#507,1.);
#507 = DIRECTION('',(1.33E-15,-1.));
#508 = ( GEOMETRIC_REPRESENTATION_CONTEXT(2) 
PARAMETRIC_REPRESENTATION_CONTEXT() REPRESENTATION_CONTEXT('2D SPACE',''
  ) );
#509 = ADVANCED_FACE('',(#510),#124,.T.);
#510 = FACE_BOUND('',#511,.T.);
#511 = EDGE_LOOP('',(#512,#513,#514,#537));
#512 = ORIENTED_EDGE('',*,*,#108,.F.);
#513 = ORIENTED_EDGE('',*,*,#438,.F.);
#514 = ORIENTED_EDGE('',*,*,#515,.T.);
#515 = EDGE_CURVE('',#411,#516,#518,.T.);
#516 = VERTEX_POINT('',#517);
#517 = CARTESIAN_POINT('',(-0.8,-0.4,0.43));
#518 = SURFACE_CURVE('',#519,(#523,#530),.PCURVE_S1.);
#519 = LINE('',#520,#521);
#520 = CARTESIAN_POINT('',(-0.8,-0.4,1.75E-02));
#521 = VECTOR('',#522,1.);
#522 = DIRECTION('',(-1.E-15,-5.6E-16,1.));
#523 = PCURVE('',#124,#524);
#524 = DEFINITIONAL_REPRESENTATION('',(#525),#529);
#525 = LINE('',#526,#527);
#526 = CARTESIAN_POINT('',(0.8,6.616862252382E-18));
#527 = VECTOR('',#528,1.);
#528 = DIRECTION('',(8.9E-16,1.));
#529 = ( GEOMETRIC_REPRESENTATION_CONTEXT(2) 
PARAMETRIC_REPRESENTATION_CONTEXT() REPRESENTATION_CONTEXT('2D SPACE',''
  ) );
#530 = PCURVE('',#374,#531);
#531 = DEFINITIONAL_REPRESENTATION('',(#532),#536);
#532 = LINE('',#533,#534);
#533 = CARTESIAN_POINT('',(0.10245625,0.197125));
#534 = VECTOR('',#535,1.);
#535 = DIRECTION('',(1.11E-15,-1.));
#536 = ( GEOMETRIC_REPRESENTATION_CONTEXT(2) 
PARAMETRIC_REPRESENTATION_CONTEXT() REPRESENTATION_CONTEXT('2D SPACE',''
  ) );
#537 = ORIENTED_EDGE('',*,*,#538,.T.);
#538 = EDGE_CURVE('',#516,#109,#539,.T.);
#539 = SURFACE_CURVE('',#540,(#544,#551),.PCURVE_S1.);
#540 = LINE('',#541,#542);
#541 = CARTESIAN_POINT('',(-0.8,-0.4,0.43));
#542 = VECTOR('',#543,1.);
#543 = DIRECTION('',(-5.7E-16,1.,2.3E-16));
#544 = PCURVE('',#124,#545);
#545 = DEFINITIONAL_REPRESENTATION('',(#546),#550);
#546 = LINE('',#547,#548);
#547 = CARTESIAN_POINT('',(0.8,0.4125));
#548 = VECTOR('',#549,1.);
#549 = DIRECTION('',(-1.,5.6E-16));
#550 = ( GEOMETRIC_REPRESENTATION_CONTEXT(2) 
PARAMETRIC_REPRESENTATION_CONTEXT() REPRESENTATION_CONTEXT('2D SPACE',''
  ) );
#551 = PCURVE('',#153,#552);
#552 = DEFINITIONAL_REPRESENTATION('',(#553),#557);
#553 = LINE('',#554,#555);
#554 = CARTESIAN_POINT('',(0.,0.));
#555 = VECTOR('',#556,1.);
#556 = DIRECTION('',(0.,1.));
#557 = ( GEOMETRIC_REPRESENTATION_CONTEXT(2) 
PARAMETRIC_REPRESENTATION_CONTEXT() REPRESENTATION_CONTEXT('2D SPACE',''
  ) );
#558 = ADVANCED_FACE('',(#559),#293,.T.);
#559 = FACE_BOUND('',#560,.T.);
#560 = EDGE_LOOP('',(#561,#584,#585,#586));
#561 = ORIENTED_EDGE('',*,*,#562,.F.);
#562 = EDGE_CURVE('',#465,#563,#565,.T.);
#563 = VERTEX_POINT('',#564);
#564 = CARTESIAN_POINT('',(-0.765,-0.4,3.5E-02));
#565 = SURFACE_CURVE('',#566,(#570,#577),.PCURVE_S1.);
#566 = LINE('',#567,#568);
#567 = CARTESIAN_POINT('',(-0.4825,-0.4,3.5E-02));
#568 = VECTOR('',#569,1.);
#569 = DIRECTION('',(-1.,4.4E-16,1.1E-16));
#570 = PCURVE('',#293,#571);
#571 = DEFINITIONAL_REPRESENTATION('',(#572),#576);
#572 = LINE('',#573,#574);
#573 = CARTESIAN_POINT('',(0.,-0.));
#574 = VECTOR('',#575,1.);
#575 = DIRECTION('',(8.8E-16,1.));
#576 = ( GEOMETRIC_REPRESENTATION_CONTEXT(2) 
PARAMETRIC_REPRESENTATION_CONTEXT() REPRESENTATION_CONTEXT('2D SPACE',''
  ) );
#577 = PCURVE('',#374,#578);
#578 = DEFINITIONAL_REPRESENTATION('',(#579),#583);
#579 = LINE('',#580,#581);
#580 = CARTESIAN_POINT('',(-0.21504375,0.179625));
#581 = VECTOR('',#582,1.);
#582 = DIRECTION('',(1.,2.465190328816E-32));
#583 = ( GEOMETRIC_REPRESENTATION_CONTEXT(2) 
PARAMETRIC_REPRESENTATION_CONTEXT() REPRESENTATION_CONTEXT('2D SPACE',''
  ) );
#584 = ORIENTED_EDGE('',*,*,#464,.T.);
#585 = ORIENTED_EDGE('',*,*,#277,.T.);
#586 = ORIENTED_EDGE('',*,*,#587,.F.);
#587 = EDGE_CURVE('',#563,#250,#588,.T.);
#588 = SURFACE_CURVE('',#589,(#593,#600),.PCURVE_S1.);
#589 = LINE('',#590,#591);
#590 = CARTESIAN_POINT('',(-0.765,-0.4,3.5E-02));
#591 = VECTOR('',#592,1.);
#592 = DIRECTION('',(-1.23E-15,1.,-1.E-15));
#593 = PCURVE('',#293,#594);
#594 = DEFINITIONAL_REPRESENTATION('',(#595),#599);
#595 = LINE('',#596,#597);
#596 = CARTESIAN_POINT('',(1.243E-16,0.2825));
#597 = VECTOR('',#598,1.);
#598 = DIRECTION('',(1.,7.9E-16));
#599 = ( GEOMETRIC_REPRESENTATION_CONTEXT(2) 
PARAMETRIC_REPRESENTATION_CONTEXT() REPRESENTATION_CONTEXT('2D SPACE',''
  ) );
#600 = PCURVE('',#265,#601);
#601 = DEFINITIONAL_REPRESENTATION('',(#602),#606);
#602 = LINE('',#603,#604);
#603 = CARTESIAN_POINT('',(-1.167973024625E-16,1.75E-02));
#604 = VECTOR('',#605,1.);
#605 = DIRECTION('',(1.,-6.7E-16));
#606 = ( GEOMETRIC_REPRESENTATION_CONTEXT(2) 
PARAMETRIC_REPRESENTATION_CONTEXT() REPRESENTATION_CONTEXT('2D SPACE',''
  ) );
#607 = ADVANCED_FACE('',(#608),#153,.T.);
#608 = FACE_BOUND('',#609,.T.);
#609 = EDGE_LOOP('',(#610,#638,#659,#660));
#610 = ORIENTED_EDGE('',*,*,#611,.T.);
#611 = EDGE_CURVE('',#516,#612,#614,.T.);
#612 = VERTEX_POINT('',#613);
#613 = CARTESIAN_POINT('',(-0.78,-0.4,0.45));
#614 = SURFACE_CURVE('',#615,(#620,#627),.PCURVE_S1.);
#615 = CIRCLE('',#616,2.E-02);
#616 = AXIS2_PLACEMENT_3D('',#617,#618,#619);
#617 = CARTESIAN_POINT('',(-0.78,-0.4,0.43));
#618 = DIRECTION('',(-5.7E-16,1.,2.3E-16));
#619 = DIRECTION('',(1.,5.7E-16,1.1E-16));
#620 = PCURVE('',#153,#621);
#621 = DEFINITIONAL_REPRESENTATION('',(#622),#626);
#622 = LINE('',#623,#624);
#623 = CARTESIAN_POINT('',(-3.14159265359,0.));
#624 = VECTOR('',#625,1.);
#625 = DIRECTION('',(1.,0.));
#626 = ( GEOMETRIC_REPRESENTATION_CONTEXT(2) 
PARAMETRIC_REPRESENTATION_CONTEXT() REPRESENTATION_CONTEXT('2D SPACE',''
  ) );
#627 = PCURVE('',#374,#628);
#628 = DEFINITIONAL_REPRESENTATION('',(#629),#637);
#629 = ( BOUNDED_CURVE() B_SPLINE_CURVE(2,(#630,#631,#632,#633,#634,#635
,#636),.UNSPECIFIED.,.T.,.F.) B_SPLINE_CURVE_WITH_KNOTS((1,2,2,2,2,1),(
    -2.094395102393,0.,2.094395102393,4.188790204786,6.28318530718,
8.377580409573),.UNSPECIFIED.) CURVE() GEOMETRIC_REPRESENTATION_ITEM() 
RATIONAL_B_SPLINE_CURVE((1.,0.5,1.,0.5,1.,0.5,1.)) REPRESENTATION_ITEM(
  '') );
#630 = CARTESIAN_POINT('',(6.245625E-02,-0.215375));
#631 = CARTESIAN_POINT('',(6.245625E-02,-0.180733983849));
#632 = CARTESIAN_POINT('',(9.245625E-02,-0.198054491924));
#633 = CARTESIAN_POINT('',(0.12245625,-0.215375));
#634 = CARTESIAN_POINT('',(9.245625E-02,-0.232695508076));
#635 = CARTESIAN_POINT('',(6.245625E-02,-0.250016016151));
#636 = CARTESIAN_POINT('',(6.245625E-02,-0.215375));
#637 = ( GEOMETRIC_REPRESENTATION_CONTEXT(2) 
PARAMETRIC_REPRESENTATION_CONTEXT() REPRESENTATION_CONTEXT('2D SPACE',''
  ) );
#638 = ORIENTED_EDGE('',*,*,#639,.T.);
#639 = EDGE_CURVE('',#612,#137,#640,.T.);
#640 = SURFACE_CURVE('',#641,(#645,#652),.PCURVE_S1.);
#641 = LINE('',#642,#643);
#642 = CARTESIAN_POINT('',(-0.78,-0.4,0.45));
#643 = VECTOR('',#644,1.);
#644 = DIRECTION('',(-5.7E-16,1.,2.3E-16));
#645 = PCURVE('',#153,#646);
#646 = DEFINITIONAL_REPRESENTATION('',(#647),#651);
#647 = LINE('',#648,#649);
#648 = CARTESIAN_POINT('',(1.570796326795,0.));
#649 = VECTOR('',#650,1.);
#650 = DIRECTION('',(0.,1.));
#651 = ( GEOMETRIC_REPRESENTATION_CONTEXT(2) 
PARAMETRIC_REPRESENTATION_CONTEXT() REPRESENTATION_CONTEXT('2D SPACE',''
  ) );
#652 = PCURVE('',#181,#653);
#653 = DEFINITIONAL_REPRESENTATION('',(#654),#658);
#654 = LINE('',#655,#656);
#655 = CARTESIAN_POINT('',(-0.130138261851,-0.4));
#656 = VECTOR('',#657,1.);
#657 = DIRECTION('',(-6.8E-16,1.));
#658 = ( GEOMETRIC_REPRESENTATION_CONTEXT(2) 
PARAMETRIC_REPRESENTATION_CONTEXT() REPRESENTATION_CONTEXT('2D SPACE',''
  ) );
#659 = ORIENTED_EDGE('',*,*,#136,.F.);
#660 = ORIENTED_EDGE('',*,*,#538,.F.);
#661 = ADVANCED_FACE('',(#662),#265,.T.);
#662 = FACE_BOUND('',#663,.T.);
#663 = EDGE_LOOP('',(#664,#687,#688,#689));
#664 = ORIENTED_EDGE('',*,*,#665,.F.);
#665 = EDGE_CURVE('',#563,#666,#668,.T.);
#666 = VERTEX_POINT('',#667);
#667 = CARTESIAN_POINT('',(-0.765,-0.4,0.415));
#668 = SURFACE_CURVE('',#669,(#673,#680),.PCURVE_S1.);
#669 = LINE('',#670,#671);
#670 = CARTESIAN_POINT('',(-0.765,-0.4,1.75E-02));
#671 = VECTOR('',#672,1.);
#672 = DIRECTION('',(-1.E-15,-5.6E-16,1.));
#673 = PCURVE('',#265,#674);
#674 = DEFINITIONAL_REPRESENTATION('',(#675),#679);
#675 = LINE('',#676,#677);
#676 = CARTESIAN_POINT('',(0.,0.));
#677 = VECTOR('',#678,1.);
#678 = DIRECTION('',(-8.9E-16,1.));
#679 = ( GEOMETRIC_REPRESENTATION_CONTEXT(2) 
PARAMETRIC_REPRESENTATION_CONTEXT() REPRESENTATION_CONTEXT('2D SPACE',''
  ) );
#680 = PCURVE('',#374,#681);
#681 = DEFINITIONAL_REPRESENTATION('',(#682),#686);
#682 = LINE('',#683,#684);
#683 = CARTESIAN_POINT('',(6.745625E-02,0.197125));
#684 = VECTOR('',#685,1.);
#685 = DIRECTION('',(1.11E-15,-1.));
#686 = ( GEOMETRIC_REPRESENTATION_CONTEXT(2) 
PARAMETRIC_REPRESENTATION_CONTEXT() REPRESENTATION_CONTEXT('2D SPACE',''
  ) );
#687 = ORIENTED_EDGE('',*,*,#587,.T.);
#688 = ORIENTED_EDGE('',*,*,#249,.T.);
#689 = ORIENTED_EDGE('',*,*,#690,.F.);
#690 = EDGE_CURVE('',#666,#222,#691,.T.);
#691 = SURFACE_CURVE('',#692,(#696,#703),.PCURVE_S1.);
#692 = LINE('',#693,#694);
#693 = CARTESIAN_POINT('',(-0.765,-0.4,0.415));
#694 = VECTOR('',#695,1.);
#695 = DIRECTION('',(-1.23E-15,1.,4.6E-16));
#696 = PCURVE('',#265,#697);
#697 = DEFINITIONAL_REPRESENTATION('',(#698),#702);
#698 = LINE('',#699,#700);
#699 = CARTESIAN_POINT('',(-5.197530586188E-16,0.3975));
#700 = VECTOR('',#701,1.);
#701 = DIRECTION('',(1.,7.9E-16));
#702 = ( GEOMETRIC_REPRESENTATION_CONTEXT(2) 
PARAMETRIC_REPRESENTATION_CONTEXT() REPRESENTATION_CONTEXT('2D SPACE',''
  ) );
#703 = PCURVE('',#237,#704);
#704 = DEFINITIONAL_REPRESENTATION('',(#705),#709);
#705 = LINE('',#706,#707);
#706 = CARTESIAN_POINT('',(0.13252039627,-0.4));
#707 = VECTOR('',#708,1.);
#708 = DIRECTION('',(1.34E-15,1.));
#709 = ( GEOMETRIC_REPRESENTATION_CONTEXT(2) 
PARAMETRIC_REPRESENTATION_CONTEXT() REPRESENTATION_CONTEXT('2D SPACE',''
  ) );
#710 = ADVANCED_FACE('',(#711),#181,.T.);
#711 = FACE_BOUND('',#712,.T.);
#712 = EDGE_LOOP('',(#713,#714,#715,#738,#766,#794,#822,#850));
#713 = ORIENTED_EDGE('',*,*,#165,.F.);
#714 = ORIENTED_EDGE('',*,*,#639,.F.);
#715 = ORIENTED_EDGE('',*,*,#716,.T.);
#716 = EDGE_CURVE('',#612,#717,#719,.T.);
#717 = VERTEX_POINT('',#718);
#718 = CARTESIAN_POINT('',(-0.5325,-0.4,0.45));
#719 = SURFACE_CURVE('',#720,(#724,#731),.PCURVE_S1.);
#720 = LINE('',#721,#722);
#721 = CARTESIAN_POINT('',(-0.7825,-0.4,0.45));
#722 = VECTOR('',#723,1.);
#723 = DIRECTION('',(1.,-4.4E-16,-1.1E-16));
#724 = PCURVE('',#181,#725);
#725 = DEFINITIONAL_REPRESENTATION('',(#726),#730);
#726 = LINE('',#727,#728);
#727 = CARTESIAN_POINT('',(-0.132638261851,-0.4));
#728 = VECTOR('',#729,1.);
#729 = DIRECTION('',(1.,-3.3E-16));
#730 = ( GEOMETRIC_REPRESENTATION_CONTEXT(2) 
PARAMETRIC_REPRESENTATION_CONTEXT() REPRESENTATION_CONTEXT('2D SPACE',''
  ) );
#731 = PCURVE('',#374,#732);
#732 = DEFINITIONAL_REPRESENTATION('',(#733),#737);
#733 = LINE('',#734,#735);
#734 = CARTESIAN_POINT('',(8.495625E-02,-0.235375));
#735 = VECTOR('',#736,1.);
#736 = DIRECTION('',(-1.,-2.465190328816E-32));
#737 = ( GEOMETRIC_REPRESENTATION_CONTEXT(2) 
PARAMETRIC_REPRESENTATION_CONTEXT() REPRESENTATION_CONTEXT('2D SPACE',''
  ) );
#738 = ORIENTED_EDGE('',*,*,#739,.F.);
#739 = EDGE_CURVE('',#740,#717,#742,.T.);
#740 = VERTEX_POINT('',#741);
#741 = CARTESIAN_POINT('',(-0.5325,-0.3,0.45));
#742 = SURFACE_CURVE('',#743,(#747,#754),.PCURVE_S1.);
#743 = LINE('',#744,#745);
#744 = CARTESIAN_POINT('',(-0.5325,0.4,0.45));
#745 = VECTOR('',#746,1.);
#746 = DIRECTION('',(4.4E-16,-1.,-4.6E-16));
#747 = PCURVE('',#181,#748);
#748 = DEFINITIONAL_REPRESENTATION('',(#749),#753);
#749 = LINE('',#750,#751);
#750 = CARTESIAN_POINT('',(0.117361738149,0.4));
#751 = VECTOR('',#752,1.);
#752 = DIRECTION('',(5.5E-16,-1.));
#753 = ( GEOMETRIC_REPRESENTATION_CONTEXT(2) 
PARAMETRIC_REPRESENTATION_CONTEXT() REPRESENTATION_CONTEXT('2D SPACE',''
  ) );
#754 = PCURVE('',#755,#760);
#755 = PLANE('',#756);
#756 = AXIS2_PLACEMENT_3D('',#757,#758,#759);
#757 = CARTESIAN_POINT('',(-0.5325,9.E-17,0.4325));
#758 = DIRECTION('',(1.,-5.E-16,2.93E-15));
#759 = DIRECTION('',(-2.93E-15,-3.3E-16,1.));
#760 = DEFINITIONAL_REPRESENTATION('',(#761),#765);
#761 = LINE('',#762,#763);
#762 = CARTESIAN_POINT('',(1.75E-02,-0.4));
#763 = VECTOR('',#764,1.);
#764 = DIRECTION('',(-1.3E-16,1.));
#765 = ( GEOMETRIC_REPRESENTATION_CONTEXT(2) 
PARAMETRIC_REPRESENTATION_CONTEXT() REPRESENTATION_CONTEXT('2D SPACE',''
  ) );
#766 = ORIENTED_EDGE('',*,*,#767,.T.);
#767 = EDGE_CURVE('',#740,#768,#770,.T.);
#768 = VERTEX_POINT('',#769);
#769 = CARTESIAN_POINT('',(-0.4925,-0.3,0.45));
#770 = SURFACE_CURVE('',#771,(#775,#782),.PCURVE_S1.);
#771 = LINE('',#772,#773);
#772 = CARTESIAN_POINT('',(-0.5325,-0.3,0.45));
#773 = VECTOR('',#774,1.);
#774 = DIRECTION('',(1.,-6.1E-16,3.33E-15));
#775 = PCURVE('',#181,#776);
#776 = DEFINITIONAL_REPRESENTATION('',(#777),#781);
#777 = LINE('',#778,#779);
#778 = CARTESIAN_POINT('',(0.117361738149,-0.3));
#779 = VECTOR('',#780,1.);
#780 = DIRECTION('',(1.,-5.E-16));
#781 = ( GEOMETRIC_REPRESENTATION_CONTEXT(2) 
PARAMETRIC_REPRESENTATION_CONTEXT() REPRESENTATION_CONTEXT('2D SPACE',''
  ) );
#782 = PCURVE('',#783,#788);
#783 = PLANE('',#784);
#784 = AXIS2_PLACEMENT_3D('',#785,#786,#787);
#785 = CARTESIAN_POINT('',(-0.5325,-0.3,0.415));
#786 = DIRECTION('',(-1.7E-16,-1.,4.4E-16));
#787 = DIRECTION('',(-4.E-15,4.4E-16,1.));
#788 = DEFINITIONAL_REPRESENTATION('',(#789),#793);
#789 = LINE('',#790,#791);
#790 = CARTESIAN_POINT('',(3.5E-02,-2.897769753748E-17));
#791 = VECTOR('',#792,1.);
#792 = DIRECTION('',(-6.7E-16,-1.));
#793 = ( GEOMETRIC_REPRESENTATION_CONTEXT(2) 
PARAMETRIC_REPRESENTATION_CONTEXT() REPRESENTATION_CONTEXT('2D SPACE',''
  ) );
#794 = ORIENTED_EDGE('',*,*,#795,.T.);
#795 = EDGE_CURVE('',#768,#796,#798,.T.);
#796 = VERTEX_POINT('',#797);
#797 = CARTESIAN_POINT('',(-0.4925,0.3,0.45));
#798 = SURFACE_CURVE('',#799,(#803,#810),.PCURVE_S1.);
#799 = LINE('',#800,#801);
#800 = CARTESIAN_POINT('',(-0.4925,-0.3,0.45));
#801 = VECTOR('',#802,1.);
#802 = DIRECTION('',(-5.6E-16,1.,-3.4E-16));
#803 = PCURVE('',#181,#804);
#804 = DEFINITIONAL_REPRESENTATION('',(#805),#809);
#805 = LINE('',#806,#807);
#806 = CARTESIAN_POINT('',(0.157361738149,-0.3));
#807 = VECTOR('',#808,1.);
#808 = DIRECTION('',(-6.7E-16,1.));
#809 = ( GEOMETRIC_REPRESENTATION_CONTEXT(2) 
PARAMETRIC_REPRESENTATION_CONTEXT() REPRESENTATION_CONTEXT('2D SPACE',''
  ) );
#810 = PCURVE('',#811,#816);
#811 = PLANE('',#812);
#812 = AXIS2_PLACEMENT_3D('',#813,#814,#815);
#813 = CARTESIAN_POINT('',(-0.4925,-0.3,0.45));
#814 = DIRECTION('',(0.866025403784,-4.7E-16,-0.5));
#815 = DIRECTION('',(-0.5,2.1E-16,-0.866025403784));
#816 = DEFINITIONAL_REPRESENTATION('',(#817),#821);
#817 = LINE('',#818,#819);
#818 = CARTESIAN_POINT('',(1.170644540645E-15,-1.165734175856E-15));
#819 = VECTOR('',#820,1.);
#820 = DIRECTION('',(7.844486372867E-16,1.));
#821 = ( GEOMETRIC_REPRESENTATION_CONTEXT(2) 
PARAMETRIC_REPRESENTATION_CONTEXT() REPRESENTATION_CONTEXT('2D SPACE',''
  ) );
#822 = ORIENTED_EDGE('',*,*,#823,.F.);
#823 = EDGE_CURVE('',#824,#796,#826,.T.);
#824 = VERTEX_POINT('',#825);
#825 = CARTESIAN_POINT('',(-0.5325,0.3,0.45));
#826 = SURFACE_CURVE('',#827,(#831,#838),.PCURVE_S1.);
#827 = LINE('',#828,#829);
#828 = CARTESIAN_POINT('',(-0.5325,0.3,0.45));
#829 = VECTOR('',#830,1.);
#830 = DIRECTION('',(1.,-6.1E-16,3.33E-15));
#831 = PCURVE('',#181,#832);
#832 = DEFINITIONAL_REPRESENTATION('',(#833),#837);
#833 = LINE('',#834,#835);
#834 = CARTESIAN_POINT('',(0.117361738149,0.3));
#835 = VECTOR('',#836,1.);
#836 = DIRECTION('',(1.,-5.E-16));
#837 = ( GEOMETRIC_REPRESENTATION_CONTEXT(2) 
PARAMETRIC_REPRESENTATION_CONTEXT() REPRESENTATION_CONTEXT('2D SPACE',''
  ) );
#838 = PCURVE('',#839,#844);
#839 = PLANE('',#840);
#840 = AXIS2_PLACEMENT_3D('',#841,#842,#843);
#841 = CARTESIAN_POINT('',(-0.5325,0.3,0.45));
#842 = DIRECTION('',(1.7E-16,1.,-4.4E-16));
#843 = DIRECTION('',(4.E-15,-4.4E-16,-1.));
#844 = DEFINITIONAL_REPRESENTATION('',(#845),#849);
#845 = LINE('',#846,#847);
#846 = CARTESIAN_POINT('',(0.,0.));
#847 = VECTOR('',#848,1.);
#848 = DIRECTION('',(6.7E-16,-1.));
#849 = ( GEOMETRIC_REPRESENTATION_CONTEXT(2) 
PARAMETRIC_REPRESENTATION_CONTEXT() REPRESENTATION_CONTEXT('2D SPACE',''
  ) );
#850 = ORIENTED_EDGE('',*,*,#851,.F.);
#851 = EDGE_CURVE('',#166,#824,#852,.T.);
#852 = SURFACE_CURVE('',#853,(#857,#864),.PCURVE_S1.);
#853 = LINE('',#854,#855);
#854 = CARTESIAN_POINT('',(-0.5325,0.4,0.45));
#855 = VECTOR('',#856,1.);
#856 = DIRECTION('',(4.4E-16,-1.,-4.6E-16));
#857 = PCURVE('',#181,#858);
#858 = DEFINITIONAL_REPRESENTATION('',(#859),#863);
#859 = LINE('',#860,#861);
#860 = CARTESIAN_POINT('',(0.117361738149,0.4));
#861 = VECTOR('',#862,1.);
#862 = DIRECTION('',(5.5E-16,-1.));
#863 = ( GEOMETRIC_REPRESENTATION_CONTEXT(2) 
PARAMETRIC_REPRESENTATION_CONTEXT() REPRESENTATION_CONTEXT('2D SPACE',''
  ) );
#864 = PCURVE('',#209,#865);
#865 = DEFINITIONAL_REPRESENTATION('',(#866),#870);
#866 = LINE('',#867,#868);
#867 = CARTESIAN_POINT('',(1.75E-02,-0.4));
#868 = VECTOR('',#869,1.);
#869 = DIRECTION('',(-1.3E-16,1.));
#870 = ( GEOMETRIC_REPRESENTATION_CONTEXT(2) 
PARAMETRIC_REPRESENTATION_CONTEXT() REPRESENTATION_CONTEXT('2D SPACE',''
  ) );
#871 = ADVANCED_FACE('',(#872),#237,.T.);
#872 = FACE_BOUND('',#873,.T.);
#873 = EDGE_LOOP('',(#874,#897,#898,#899,#922,#945,#968,#991));
#874 = ORIENTED_EDGE('',*,*,#875,.F.);
#875 = EDGE_CURVE('',#666,#876,#878,.T.);
#876 = VERTEX_POINT('',#877);
#877 = CARTESIAN_POINT('',(-0.5325,-0.4,0.415));
#878 = SURFACE_CURVE('',#879,(#883,#890),.PCURVE_S1.);
#879 = LINE('',#880,#881);
#880 = CARTESIAN_POINT('',(-0.7825,-0.4,0.415));
#881 = VECTOR('',#882,1.);
#882 = DIRECTION('',(1.,-4.4E-16,-1.1E-16));
#883 = PCURVE('',#237,#884);
#884 = DEFINITIONAL_REPRESENTATION('',(#885),#889);
#885 = LINE('',#886,#887);
#886 = CARTESIAN_POINT('',(0.15002039627,-0.4));
#887 = VECTOR('',#888,1.);
#888 = DIRECTION('',(-1.,-3.3E-16));
#889 = ( GEOMETRIC_REPRESENTATION_CONTEXT(2) 
PARAMETRIC_REPRESENTATION_CONTEXT() REPRESENTATION_CONTEXT('2D SPACE',''
  ) );
#890 = PCURVE('',#374,#891);
#891 = DEFINITIONAL_REPRESENTATION('',(#892),#896);
#892 = LINE('',#893,#894);
#893 = CARTESIAN_POINT('',(8.495625E-02,-0.200375));
#894 = VECTOR('',#895,1.);
#895 = DIRECTION('',(-1.,-2.465190328816E-32));
#896 = ( GEOMETRIC_REPRESENTATION_CONTEXT(2) 
PARAMETRIC_REPRESENTATION_CONTEXT() REPRESENTATION_CONTEXT('2D SPACE',''
  ) );
#897 = ORIENTED_EDGE('',*,*,#690,.T.);
#898 = ORIENTED_EDGE('',*,*,#221,.T.);
#899 = ORIENTED_EDGE('',*,*,#900,.F.);
#900 = EDGE_CURVE('',#901,#194,#903,.T.);
#901 = VERTEX_POINT('',#902);
#902 = CARTESIAN_POINT('',(-0.5325,0.3,0.415));
#903 = SURFACE_CURVE('',#904,(#908,#915),.PCURVE_S1.);
#904 = LINE('',#905,#906);
#905 = CARTESIAN_POINT('',(-0.5325,-0.4,0.415));
#906 = VECTOR('',#907,1.);
#907 = DIRECTION('',(-4.4E-16,1.,4.6E-16));
#908 = PCURVE('',#237,#909);
#909 = DEFINITIONAL_REPRESENTATION('',(#910),#914);
#910 = LINE('',#911,#912);
#911 = CARTESIAN_POINT('',(-9.99796037296E-02,-0.4));
#912 = VECTOR('',#913,1.);
#913 = DIRECTION('',(5.5E-16,1.));
#914 = ( GEOMETRIC_REPRESENTATION_CONTEXT(2) 
PARAMETRIC_REPRESENTATION_CONTEXT() REPRESENTATION_CONTEXT('2D SPACE',''
  ) );
#915 = PCURVE('',#209,#916);
#916 = DEFINITIONAL_REPRESENTATION('',(#917),#921);
#917 = LINE('',#918,#919);
#918 = CARTESIAN_POINT('',(-1.75E-02,0.4));
#919 = VECTOR('',#920,1.);
#920 = DIRECTION('',(1.3E-16,-1.));
#921 = ( GEOMETRIC_REPRESENTATION_CONTEXT(2) 
PARAMETRIC_REPRESENTATION_CONTEXT() REPRESENTATION_CONTEXT('2D SPACE',''
  ) );
#922 = ORIENTED_EDGE('',*,*,#923,.T.);
#923 = EDGE_CURVE('',#901,#924,#926,.T.);
#924 = VERTEX_POINT('',#925);
#925 = CARTESIAN_POINT('',(-0.512707259422,0.3,0.415));
#926 = SURFACE_CURVE('',#927,(#931,#938),.PCURVE_S1.);
#927 = LINE('',#928,#929);
#928 = CARTESIAN_POINT('',(-0.5325,0.3,0.415));
#929 = VECTOR('',#930,1.);
#930 = DIRECTION('',(1.,-6.1E-16,3.33E-15));
#931 = PCURVE('',#237,#932);
#932 = DEFINITIONAL_REPRESENTATION('',(#933),#937);
#933 = LINE('',#934,#935);
#934 = CARTESIAN_POINT('',(-9.99796037296E-02,0.3));
#935 = VECTOR('',#936,1.);
#936 = DIRECTION('',(-1.,-5.E-16));
#937 = ( GEOMETRIC_REPRESENTATION_CONTEXT(2) 
PARAMETRIC_REPRESENTATION_CONTEXT() REPRESENTATION_CONTEXT('2D SPACE',''
  ) );
#938 = PCURVE('',#839,#939);
#939 = DEFINITIONAL_REPRESENTATION('',(#940),#944);
#940 = LINE('',#941,#942);
#941 = CARTESIAN_POINT('',(3.5E-02,2.897769753748E-17));
#942 = VECTOR('',#943,1.);
#943 = DIRECTION('',(6.7E-16,-1.));
#944 = ( GEOMETRIC_REPRESENTATION_CONTEXT(2) 
PARAMETRIC_REPRESENTATION_CONTEXT() REPRESENTATION_CONTEXT('2D SPACE',''
  ) );
#945 = ORIENTED_EDGE('',*,*,#946,.F.);
#946 = EDGE_CURVE('',#947,#924,#949,.T.);
#947 = VERTEX_POINT('',#948);
#948 = CARTESIAN_POINT('',(-0.512707259422,-0.3,0.415));
#949 = SURFACE_CURVE('',#950,(#954,#961),.PCURVE_S1.);
#950 = LINE('',#951,#952);
#951 = CARTESIAN_POINT('',(-0.512707259422,-0.3,0.415));
#952 = VECTOR('',#953,1.);
#953 = DIRECTION('',(5.1E-16,1.,-6.E-17));
#954 = PCURVE('',#237,#955);
#955 = DEFINITIONAL_REPRESENTATION('',(#956),#960);
#956 = LINE('',#957,#958);
#957 = CARTESIAN_POINT('',(-0.119772344308,-0.3));
#958 = VECTOR('',#959,1.);
#959 = DIRECTION('',(-4.E-16,1.));
#960 = ( GEOMETRIC_REPRESENTATION_CONTEXT(2) 
PARAMETRIC_REPRESENTATION_CONTEXT() REPRESENTATION_CONTEXT('2D SPACE',''
  ) );
#961 = PCURVE('',#811,#962);
#962 = DEFINITIONAL_REPRESENTATION('',(#963),#967);
#963 = LINE('',#964,#965);
#964 = CARTESIAN_POINT('',(4.041451884327E-02,-8.487048957087E-18));
#965 = VECTOR('',#966,1.);
#966 = DIRECTION('',(6.961524227067E-18,1.));
#967 = ( GEOMETRIC_REPRESENTATION_CONTEXT(2) 
PARAMETRIC_REPRESENTATION_CONTEXT() REPRESENTATION_CONTEXT('2D SPACE',''
  ) );
#968 = ORIENTED_EDGE('',*,*,#969,.F.);
#969 = EDGE_CURVE('',#970,#947,#972,.T.);
#970 = VERTEX_POINT('',#971);
#971 = CARTESIAN_POINT('',(-0.5325,-0.3,0.415));
#972 = SURFACE_CURVE('',#973,(#977,#984),.PCURVE_S1.);
#973 = LINE('',#974,#975);
#974 = CARTESIAN_POINT('',(-0.5325,-0.3,0.415));
#975 = VECTOR('',#976,1.);
#976 = DIRECTION('',(1.,-6.1E-16,3.33E-15));
#977 = PCURVE('',#237,#978);
#978 = DEFINITIONAL_REPRESENTATION('',(#979),#983);
#979 = LINE('',#980,#981);
#980 = CARTESIAN_POINT('',(-9.99796037296E-02,-0.3));
#981 = VECTOR('',#982,1.);
#982 = DIRECTION('',(-1.,-5.E-16));
#983 = ( GEOMETRIC_REPRESENTATION_CONTEXT(2) 
PARAMETRIC_REPRESENTATION_CONTEXT() REPRESENTATION_CONTEXT('2D SPACE',''
  ) );
#984 = PCURVE('',#783,#985);
#985 = DEFINITIONAL_REPRESENTATION('',(#986),#990);
#986 = LINE('',#987,#988);
#987 = CARTESIAN_POINT('',(0.,0.));
#988 = VECTOR('',#989,1.);
#989 = DIRECTION('',(-6.7E-16,-1.));
#990 = ( GEOMETRIC_REPRESENTATION_CONTEXT(2) 
PARAMETRIC_REPRESENTATION_CONTEXT() REPRESENTATION_CONTEXT('2D SPACE',''
  ) );
#991 = ORIENTED_EDGE('',*,*,#992,.F.);
#992 = EDGE_CURVE('',#876,#970,#993,.T.);
#993 = SURFACE_CURVE('',#994,(#998,#1005),.PCURVE_S1.);
#994 = LINE('',#995,#996);
#995 = CARTESIAN_POINT('',(-0.5325,-0.4,0.415));
#996 = VECTOR('',#997,1.);
#997 = DIRECTION('',(-4.4E-16,1.,4.6E-16));
#998 = PCURVE('',#237,#999);
#999 = DEFINITIONAL_REPRESENTATION('',(#1000),#1004);
#1000 = LINE('',#1001,#1002);
#1001 = CARTESIAN_POINT('',(-9.99796037296E-02,-0.4));
#1002 = VECTOR('',#1003,1.);
#1003 = DIRECTION('',(5.5E-16,1.));
#1004 = ( GEOMETRIC_REPRESENTATION_CONTEXT(2) 
PARAMETRIC_REPRESENTATION_CONTEXT() REPRESENTATION_CONTEXT('2D SPACE',''
  ) );
#1005 = PCURVE('',#755,#1006);
#1006 = DEFINITIONAL_REPRESENTATION('',(#1007),#1011);
#1007 = LINE('',#1008,#1009);
#1008 = CARTESIAN_POINT('',(-1.75E-02,0.4));
#1009 = VECTOR('',#1010,1.);
#1010 = DIRECTION('',(1.3E-16,-1.));
#1011 = ( GEOMETRIC_REPRESENTATION_CONTEXT(2) 
PARAMETRIC_REPRESENTATION_CONTEXT() REPRESENTATION_CONTEXT('2D SPACE',''
  ) );
#1012 = ADVANCED_FACE('',(#1013),#209,.T.);
#1013 = FACE_BOUND('',#1014,.T.);
#1014 = EDGE_LOOP('',(#1015,#1036,#1037,#1038));
#1015 = ORIENTED_EDGE('',*,*,#1016,.T.);
#1016 = EDGE_CURVE('',#824,#901,#1017,.T.);
#1017 = SURFACE_CURVE('',#1018,(#1022,#1029),.PCURVE_S1.);
#1018 = LINE('',#1019,#1020);
#1019 = CARTESIAN_POINT('',(-0.5325,0.3,0.45));
#1020 = VECTOR('',#1021,1.);
#1021 = DIRECTION('',(3.89E-15,5.5E-16,-1.));
#1022 = PCURVE('',#209,#1023);
#1023 = DEFINITIONAL_REPRESENTATION('',(#1024),#1028);
#1024 = LINE('',#1025,#1026);
#1025 = CARTESIAN_POINT('',(1.75E-02,-0.3));
#1026 = VECTOR('',#1027,1.);
#1027 = DIRECTION('',(-1.,-2.2E-16));
#1028 = ( GEOMETRIC_REPRESENTATION_CONTEXT(2) 
PARAMETRIC_REPRESENTATION_CONTEXT() REPRESENTATION_CONTEXT('2D SPACE',''
  ) );
#1029 = PCURVE('',#839,#1030);
#1030 = DEFINITIONAL_REPRESENTATION('',(#1031),#1035);
#1031 = LINE('',#1032,#1033);
#1032 = CARTESIAN_POINT('',(-6.661338147751E-16,3.330669073875E-16));
#1033 = VECTOR('',#1034,1.);
#1034 = DIRECTION('',(1.,1.1E-16));
#1035 = ( GEOMETRIC_REPRESENTATION_CONTEXT(2) 
PARAMETRIC_REPRESENTATION_CONTEXT() REPRESENTATION_CONTEXT('2D SPACE',''
  ) );
#1036 = ORIENTED_EDGE('',*,*,#900,.T.);
#1037 = ORIENTED_EDGE('',*,*,#193,.T.);
#1038 = ORIENTED_EDGE('',*,*,#851,.T.);
#1039 = ADVANCED_FACE('',(#1040),#374,.T.);
#1040 = FACE_BOUND('',#1041,.T.);
#1041 = EDGE_LOOP('',(#1042,#1043,#1044,#1045,#1046,#1047,#1068,#1069,
    #1070,#1071));
#1042 = ORIENTED_EDGE('',*,*,#358,.F.);
#1043 = ORIENTED_EDGE('',*,*,#489,.T.);
#1044 = ORIENTED_EDGE('',*,*,#562,.T.);
#1045 = ORIENTED_EDGE('',*,*,#665,.T.);
#1046 = ORIENTED_EDGE('',*,*,#875,.T.);
#1047 = ORIENTED_EDGE('',*,*,#1048,.F.);
#1048 = EDGE_CURVE('',#717,#876,#1049,.T.);
#1049 = SURFACE_CURVE('',#1050,(#1054,#1061),.PCURVE_S1.);
#1050 = LINE('',#1051,#1052);
#1051 = CARTESIAN_POINT('',(-0.5325,-0.4,0.45));
#1052 = VECTOR('',#1053,1.);
#1053 = DIRECTION('',(1.22E-15,1.12E-15,-1.));
#1054 = PCURVE('',#374,#1055);
#1055 = DEFINITIONAL_REPRESENTATION('',(#1056),#1060);
#1056 = LINE('',#1057,#1058);
#1057 = CARTESIAN_POINT('',(-0.16504375,-0.235375));
#1058 = VECTOR('',#1059,1.);
#1059 = DIRECTION('',(-1.33E-15,1.));
#1060 = ( GEOMETRIC_REPRESENTATION_CONTEXT(2) 
PARAMETRIC_REPRESENTATION_CONTEXT() REPRESENTATION_CONTEXT('2D SPACE',''
  ) );
#1061 = PCURVE('',#755,#1062);
#1062 = DEFINITIONAL_REPRESENTATION('',(#1063),#1067);
#1063 = LINE('',#1064,#1065);
#1064 = CARTESIAN_POINT('',(1.75E-02,0.4));
#1065 = VECTOR('',#1066,1.);
#1066 = DIRECTION('',(-1.,-7.9E-16));
#1067 = ( GEOMETRIC_REPRESENTATION_CONTEXT(2) 
PARAMETRIC_REPRESENTATION_CONTEXT() REPRESENTATION_CONTEXT('2D SPACE',''
  ) );
#1068 = ORIENTED_EDGE('',*,*,#716,.F.);
#1069 = ORIENTED_EDGE('',*,*,#611,.F.);
#1070 = ORIENTED_EDGE('',*,*,#515,.F.);
#1071 = ORIENTED_EDGE('',*,*,#410,.F.);
#1072 = ADVANCED_FACE('',(#1073),#839,.T.);
#1073 = FACE_BOUND('',#1074,.T.);
#1074 = EDGE_LOOP('',(#1075,#1076,#1077,#1098));
#1075 = ORIENTED_EDGE('',*,*,#1016,.F.);
#1076 = ORIENTED_EDGE('',*,*,#823,.T.);
#1077 = ORIENTED_EDGE('',*,*,#1078,.T.);
#1078 = EDGE_CURVE('',#796,#924,#1079,.T.);
#1079 = SURFACE_CURVE('',#1080,(#1084,#1091),.PCURVE_S1.);
#1080 = LINE('',#1081,#1082);
#1081 = CARTESIAN_POINT('',(-0.4925,0.3,0.45));
#1082 = VECTOR('',#1083,1.);
#1083 = DIRECTION('',(-0.5,2.1E-16,-0.866025403784));
#1084 = PCURVE('',#839,#1085);
#1085 = DEFINITIONAL_REPRESENTATION('',(#1086),#1090);
#1086 = LINE('',#1087,#1088);
#1087 = CARTESIAN_POINT('',(-1.283289932013E-15,-4.E-02));
#1088 = VECTOR('',#1089,1.);
#1089 = DIRECTION('',(0.866025403784,0.5));
#1090 = ( GEOMETRIC_REPRESENTATION_CONTEXT(2) 
PARAMETRIC_REPRESENTATION_CONTEXT() REPRESENTATION_CONTEXT('2D SPACE',''
  ) );
#1091 = PCURVE('',#811,#1092);
#1092 = DEFINITIONAL_REPRESENTATION('',(#1093),#1097);
#1093 = LINE('',#1094,#1095);
#1094 = CARTESIAN_POINT('',(4.070073188859E-16,0.6));
#1095 = VECTOR('',#1096,1.);
#1096 = DIRECTION('',(1.,-1.232595164408E-32));
#1097 = ( GEOMETRIC_REPRESENTATION_CONTEXT(2) 
PARAMETRIC_REPRESENTATION_CONTEXT() REPRESENTATION_CONTEXT('2D SPACE',''
  ) );
#1098 = ORIENTED_EDGE('',*,*,#923,.F.);
#1099 = ADVANCED_FACE('',(#1100),#755,.T.);
#1100 = FACE_BOUND('',#1101,.T.);
#1101 = EDGE_LOOP('',(#1102,#1103,#1104,#1125));
#1102 = ORIENTED_EDGE('',*,*,#1048,.T.);
#1103 = ORIENTED_EDGE('',*,*,#992,.T.);
#1104 = ORIENTED_EDGE('',*,*,#1105,.T.);
#1105 = EDGE_CURVE('',#970,#740,#1106,.T.);
#1106 = SURFACE_CURVE('',#1107,(#1111,#1118),.PCURVE_S1.);
#1107 = LINE('',#1108,#1109);
#1108 = CARTESIAN_POINT('',(-0.5325,-0.3,0.415));
#1109 = VECTOR('',#1110,1.);
#1110 = DIRECTION('',(-3.89E-15,-5.5E-16,1.));
#1111 = PCURVE('',#755,#1112);
#1112 = DEFINITIONAL_REPRESENTATION('',(#1113),#1117);
#1113 = LINE('',#1114,#1115);
#1114 = CARTESIAN_POINT('',(-1.75E-02,0.3));
#1115 = VECTOR('',#1116,1.);
#1116 = DIRECTION('',(1.,2.2E-16));
#1117 = ( GEOMETRIC_REPRESENTATION_CONTEXT(2) 
PARAMETRIC_REPRESENTATION_CONTEXT() REPRESENTATION_CONTEXT('2D SPACE',''
  ) );
#1118 = PCURVE('',#783,#1119);
#1119 = DEFINITIONAL_REPRESENTATION('',(#1120),#1124);
#1120 = LINE('',#1121,#1122);
#1121 = CARTESIAN_POINT('',(5.551115123126E-16,1.110223024625E-16));
#1122 = VECTOR('',#1123,1.);
#1123 = DIRECTION('',(1.,-1.1E-16));
#1124 = ( GEOMETRIC_REPRESENTATION_CONTEXT(2) 
PARAMETRIC_REPRESENTATION_CONTEXT() REPRESENTATION_CONTEXT('2D SPACE',''
  ) );
#1125 = ORIENTED_EDGE('',*,*,#739,.T.);
#1126 = ADVANCED_FACE('',(#1127),#811,.T.);
#1127 = FACE_BOUND('',#1128,.T.);
#1128 = EDGE_LOOP('',(#1129,#1130,#1151,#1152));
#1129 = ORIENTED_EDGE('',*,*,#795,.F.);
#1130 = ORIENTED_EDGE('',*,*,#1131,.T.);
#1131 = EDGE_CURVE('',#768,#947,#1132,.T.);
#1132 = SURFACE_CURVE('',#1133,(#1137,#1144),.PCURVE_S1.);
#1133 = LINE('',#1134,#1135);
#1134 = CARTESIAN_POINT('',(-0.4925,-0.3,0.45));
#1135 = VECTOR('',#1136,1.);
#1136 = DIRECTION('',(-0.5,2.1E-16,-0.866025403784));
#1137 = PCURVE('',#811,#1138);
#1138 = DEFINITIONAL_REPRESENTATION('',(#1139),#1143);
#1139 = LINE('',#1140,#1141);
#1140 = CARTESIAN_POINT('',(0.,0.));
#1141 = VECTOR('',#1142,1.);
#1142 = DIRECTION('',(1.,-1.232595164408E-32));
#1143 = ( GEOMETRIC_REPRESENTATION_CONTEXT(2) 
PARAMETRIC_REPRESENTATION_CONTEXT() REPRESENTATION_CONTEXT('2D SPACE',''
  ) );
#1144 = PCURVE('',#783,#1145);
#1145 = DEFINITIONAL_REPRESENTATION('',(#1146),#1150);
#1146 = LINE('',#1147,#1148);
#1147 = CARTESIAN_POINT('',(3.5E-02,-4.E-02));
#1148 = VECTOR('',#1149,1.);
#1149 = DIRECTION('',(-0.866025403784,0.5));
#1150 = ( GEOMETRIC_REPRESENTATION_CONTEXT(2) 
PARAMETRIC_REPRESENTATION_CONTEXT() REPRESENTATION_CONTEXT('2D SPACE',''
  ) );
#1151 = ORIENTED_EDGE('',*,*,#946,.T.);
#1152 = ORIENTED_EDGE('',*,*,#1078,.F.);
#1153 = ADVANCED_FACE('',(#1154),#783,.T.);
#1154 = FACE_BOUND('',#1155,.T.);
#1155 = EDGE_LOOP('',(#1156,#1157,#1158,#1159));
#1156 = ORIENTED_EDGE('',*,*,#1105,.F.);
#1157 = ORIENTED_EDGE('',*,*,#969,.T.);
#1158 = ORIENTED_EDGE('',*,*,#1131,.F.);
#1159 = ORIENTED_EDGE('',*,*,#767,.F.);
#1160 = ( GEOMETRIC_REPRESENTATION_CONTEXT(3) 
GLOBAL_UNCERTAINTY_ASSIGNED_CONTEXT((#1164)) 
GLOBAL_UNIT_ASSIGNED_CONTEXT((#1161,#1162,#1163)) REPRESENTATION_CONTEXT
('Context #1','3D Context with UNIT and UNCERTAINTY') );
#1161 = ( LENGTH_UNIT() NAMED_UNIT(*) SI_UNIT(.MILLI.,.METRE.) );
#1162 = ( NAMED_UNIT(*) PLANE_ANGLE_UNIT() SI_UNIT($,.RADIAN.) );
#1163 = ( NAMED_UNIT(*) SI_UNIT($,.STERADIAN.) SOLID_ANGLE_UNIT() );
#1164 = UNCERTAINTY_MEASURE_WITH_UNIT(LENGTH_MEASURE(1.E-07),#1161,
  'distance_accuracy_value','confusion accuracy');
#1165 = SHAPE_DEFINITION_REPRESENTATION(#1166,#37);
#1166 = PRODUCT_DEFINITION_SHAPE('','',#1167);
#1167 = PRODUCT_DEFINITION('design','',#1168,#1171);
#1168 = PRODUCT_DEFINITION_FORMATION('','',#1169);
#1169 = PRODUCT('Pin1Body','Pin1Body','',(#1170));
#1170 = PRODUCT_CONTEXT('',#2,'mechanical');
#1171 = PRODUCT_DEFINITION_CONTEXT('part definition',#2,'design');
#1172 = CONTEXT_DEPENDENT_SHAPE_REPRESENTATION(#1173,#1175);
#1173 = ( REPRESENTATION_RELATIONSHIP('','',#37,#10) 
REPRESENTATION_RELATIONSHIP_WITH_TRANSFORMATION(#1174) 
SHAPE_REPRESENTATION_RELATIONSHIP() );
#1174 = ITEM_DEFINED_TRANSFORMATION('','',#11,#15);
#1175 = PRODUCT_DEFINITION_SHAPE('Placement','Placement of an item',
  #1176);
#1176 = NEXT_ASSEMBLY_USAGE_OCCURRENCE('1','Pin1Body','',#5,#1167,$);
#1177 = PRODUCT_RELATED_PRODUCT_CATEGORY('part',$,(#1169));
#1178 = ADVANCED_BREP_SHAPE_REPRESENTATION('',(#11,#1179),#2379);
#1179 = MANIFOLD_SOLID_BREP('',#1180);
#1180 = CLOSED_SHELL('',(#1181,#1475,#1663,#1717,#1766,#1815,#1961,#2011
    ,#2060,#2109,#2158,#2185,#2218,#2268,#2295,#2344,#2372));
#1181 = ADVANCED_FACE('',(#1182),#1196,.T.);
#1182 = FACE_BOUND('',#1183,.T.);
#1183 = EDGE_LOOP('',(#1184,#1219,#1248,#1276,#1309,#1337,#1365,#1393,
    #1421,#1449));
#1184 = ORIENTED_EDGE('',*,*,#1185,.F.);
#1185 = EDGE_CURVE('',#1186,#1188,#1190,.T.);
#1186 = VERTEX_POINT('',#1187);
#1187 = CARTESIAN_POINT('',(0.78,0.4,0.45));
#1188 = VERTEX_POINT('',#1189);
#1189 = CARTESIAN_POINT('',(0.533,0.4,0.45));
#1190 = SURFACE_CURVE('',#1191,(#1195,#1207),.PCURVE_S1.);
#1191 = LINE('',#1192,#1193);
#1192 = CARTESIAN_POINT('',(0.783,0.4,0.45));
#1193 = VECTOR('',#1194,1.);
#1194 = DIRECTION('',(-1.,4.4E-16,-3.3E-16));
#1195 = PCURVE('',#1196,#1201);
#1196 = PLANE('',#1197);
#1197 = AXIS2_PLACEMENT_3D('',#1198,#1199,#1200);
#1198 = CARTESIAN_POINT('',(0.6975185,0.4,0.2144175));
#1199 = DIRECTION('',(-5.1E-16,1.,-3.E-16));
#1200 = DIRECTION('',(-7.8E-16,3.E-16,1.));
#1201 = DEFINITIONAL_REPRESENTATION('',(#1202),#1206);
#1202 = LINE('',#1203,#1204);
#1203 = CARTESIAN_POINT('',(0.2355825,8.54815E-02));
#1204 = VECTOR('',#1205,1.);
#1205 = DIRECTION('',(4.5E-16,-1.));
#1206 = ( GEOMETRIC_REPRESENTATION_CONTEXT(2) 
PARAMETRIC_REPRESENTATION_CONTEXT() REPRESENTATION_CONTEXT('2D SPACE',''
  ) );
#1207 = PCURVE('',#1208,#1213);
#1208 = PLANE('',#1209);
#1209 = AXIS2_PLACEMENT_3D('',#1210,#1211,#1212);
#1210 = CARTESIAN_POINT('',(0.650113369467,-4.5E-16,0.45));
#1211 = DIRECTION('',(2.7E-15,-2.1E-16,1.));
#1212 = DIRECTION('',(1.,-1.1E-16,-2.7E-15));
#1213 = DEFINITIONAL_REPRESENTATION('',(#1214),#1218);
#1214 = LINE('',#1215,#1216);
#1215 = CARTESIAN_POINT('',(0.132886630533,0.4));
#1216 = VECTOR('',#1217,1.);
#1217 = DIRECTION('',(-1.,3.3E-16));
#1218 = ( GEOMETRIC_REPRESENTATION_CONTEXT(2) 
PARAMETRIC_REPRESENTATION_CONTEXT() REPRESENTATION_CONTEXT('2D SPACE',''
  ) );
#1219 = ORIENTED_EDGE('',*,*,#1220,.T.);
#1220 = EDGE_CURVE('',#1186,#1221,#1223,.T.);
#1221 = VERTEX_POINT('',#1222);
#1222 = CARTESIAN_POINT('',(0.8,0.4,0.43));
#1223 = SURFACE_CURVE('',#1224,(#1229,#1236),.PCURVE_S1.);
#1224 = CIRCLE('',#1225,2.E-02);
#1225 = AXIS2_PLACEMENT_3D('',#1226,#1227,#1228);
#1226 = CARTESIAN_POINT('',(0.78,0.4,0.43));
#1227 = DIRECTION('',(4.4E-16,1.,-2.1E-16));
#1228 = DIRECTION('',(-1.,4.4E-16,-1.1E-16));
#1229 = PCURVE('',#1196,#1230);
#1230 = DEFINITIONAL_REPRESENTATION('',(#1231),#1235);
#1231 = CIRCLE('',#1232,2.E-02);
#1232 = AXIS2_PLACEMENT_2D('',#1233,#1234);
#1233 = CARTESIAN_POINT('',(0.2155825,8.24815E-02));
#1234 = DIRECTION('',(6.7E-16,-1.));
#1235 = ( GEOMETRIC_REPRESENTATION_CONTEXT(2) 
PARAMETRIC_REPRESENTATION_CONTEXT() REPRESENTATION_CONTEXT('2D SPACE',''
  ) );
#1236 = PCURVE('',#1237,#1242);
#1237 = CYLINDRICAL_SURFACE('',#1238,2.E-02);
#1238 = AXIS2_PLACEMENT_3D('',#1239,#1240,#1241);
#1239 = CARTESIAN_POINT('',(0.78,0.4,0.43));
#1240 = DIRECTION('',(-4.4E-16,-1.,2.1E-16));
#1241 = DIRECTION('',(2.93E-15,2.1E-16,1.));
#1242 = DEFINITIONAL_REPRESENTATION('',(#1243),#1247);
#1243 = LINE('',#1244,#1245);
#1244 = CARTESIAN_POINT('',(1.570796326795,-0.));
#1245 = VECTOR('',#1246,1.);
#1246 = DIRECTION('',(-1.,0.));
#1247 = ( GEOMETRIC_REPRESENTATION_CONTEXT(2) 
PARAMETRIC_REPRESENTATION_CONTEXT() REPRESENTATION_CONTEXT('2D SPACE',''
  ) );
#1248 = ORIENTED_EDGE('',*,*,#1249,.F.);
#1249 = EDGE_CURVE('',#1250,#1221,#1252,.T.);
#1250 = VERTEX_POINT('',#1251);
#1251 = CARTESIAN_POINT('',(0.8,0.4,2.E-02));
#1252 = SURFACE_CURVE('',#1253,(#1257,#1264),.PCURVE_S1.);
#1253 = LINE('',#1254,#1255);
#1254 = CARTESIAN_POINT('',(0.8,0.4,1.7E-02));
#1255 = VECTOR('',#1256,1.);
#1256 = DIRECTION('',(-1.44E-15,-5.6E-16,1.));
#1257 = PCURVE('',#1196,#1258);
#1258 = DEFINITIONAL_REPRESENTATION('',(#1259),#1263);
#1259 = LINE('',#1260,#1261);
#1260 = CARTESIAN_POINT('',(-0.1974175,0.1024815));
#1261 = VECTOR('',#1262,1.);
#1262 = DIRECTION('',(1.,-6.6E-16));
#1263 = ( GEOMETRIC_REPRESENTATION_CONTEXT(2) 
PARAMETRIC_REPRESENTATION_CONTEXT() REPRESENTATION_CONTEXT('2D SPACE',''
  ) );
#1264 = PCURVE('',#1265,#1270);
#1265 = PLANE('',#1266);
#1266 = AXIS2_PLACEMENT_3D('',#1267,#1268,#1269);
#1267 = CARTESIAN_POINT('',(0.8,0.4,1.7E-02));
#1268 = DIRECTION('',(-1.,6.7E-16,-1.1E-16));
#1269 = DIRECTION('',(-6.7E-16,-1.,3.3E-16));
#1270 = DEFINITIONAL_REPRESENTATION('',(#1271),#1275);
#1271 = LINE('',#1272,#1273);
#1272 = CARTESIAN_POINT('',(-1.259409243559E-32,-3.816391647149E-17));
#1273 = VECTOR('',#1274,1.);
#1274 = DIRECTION('',(8.9E-16,1.));
#1275 = ( GEOMETRIC_REPRESENTATION_CONTEXT(2) 
PARAMETRIC_REPRESENTATION_CONTEXT() REPRESENTATION_CONTEXT('2D SPACE',''
  ) );
#1276 = ORIENTED_EDGE('',*,*,#1277,.F.);
#1277 = EDGE_CURVE('',#1278,#1250,#1280,.T.);
#1278 = VERTEX_POINT('',#1279);
#1279 = CARTESIAN_POINT('',(0.78,0.4,0.));
#1280 = SURFACE_CURVE('',#1281,(#1286,#1297),.PCURVE_S1.);
#1281 = CIRCLE('',#1282,2.E-02);
#1282 = AXIS2_PLACEMENT_3D('',#1283,#1284,#1285);
#1283 = CARTESIAN_POINT('',(0.78,0.4,2.E-02));
#1284 = DIRECTION('',(-4.4E-16,-1.,1.22E-15));
#1285 = DIRECTION('',(1.1E-16,-1.22E-15,-1.));
#1286 = PCURVE('',#1196,#1287);
#1287 = DEFINITIONAL_REPRESENTATION('',(#1288),#1296);
#1288 = ( BOUNDED_CURVE() B_SPLINE_CURVE(2,(#1289,#1290,#1291,#1292,
#1293,#1294,#1295),.UNSPECIFIED.,.T.,.F.) B_SPLINE_CURVE_WITH_KNOTS((1,2
    ,2,2,2,1),(-2.094395102393,0.,2.094395102393,4.188790204786,
6.28318530718,8.377580409573),.UNSPECIFIED.) CURVE() 
GEOMETRIC_REPRESENTATION_ITEM() RATIONAL_B_SPLINE_CURVE((1.,0.5,1.,0.5,
1.,0.5,1.)) REPRESENTATION_ITEM('') );
#1289 = CARTESIAN_POINT('',(-0.2144175,8.24815E-02));
#1290 = CARTESIAN_POINT('',(-0.2144175,0.117122516151));
#1291 = CARTESIAN_POINT('',(-0.1844175,9.980200807569E-02));
#1292 = CARTESIAN_POINT('',(-0.1544175,8.24815E-02));
#1293 = CARTESIAN_POINT('',(-0.1844175,6.516099192431E-02));
#1294 = CARTESIAN_POINT('',(-0.2144175,4.784048384862E-02));
#1295 = CARTESIAN_POINT('',(-0.2144175,8.24815E-02));
#1296 = ( GEOMETRIC_REPRESENTATION_CONTEXT(2) 
PARAMETRIC_REPRESENTATION_CONTEXT() REPRESENTATION_CONTEXT('2D SPACE',''
  ) );
#1297 = PCURVE('',#1298,#1303);
#1298 = CYLINDRICAL_SURFACE('',#1299,2.E-02);
#1299 = AXIS2_PLACEMENT_3D('',#1300,#1301,#1302);
#1300 = CARTESIAN_POINT('',(0.78,0.4,2.E-02));
#1301 = DIRECTION('',(-4.4E-16,-1.,1.22E-15));
#1302 = DIRECTION('',(3.3E-16,-1.22E-15,-1.));
#1303 = DEFINITIONAL_REPRESENTATION('',(#1304),#1308);
#1304 = LINE('',#1305,#1306);
#1305 = CARTESIAN_POINT('',(0.,1.1E-16));
#1306 = VECTOR('',#1307,1.);
#1307 = DIRECTION('',(1.,0.));
#1308 = ( GEOMETRIC_REPRESENTATION_CONTEXT(2) 
PARAMETRIC_REPRESENTATION_CONTEXT() REPRESENTATION_CONTEXT('2D SPACE',''
  ) );
#1309 = ORIENTED_EDGE('',*,*,#1310,.F.);
#1310 = EDGE_CURVE('',#1311,#1278,#1313,.T.);
#1311 = VERTEX_POINT('',#1312);
#1312 = CARTESIAN_POINT('',(0.482,0.4,0.));
#1313 = SURFACE_CURVE('',#1314,(#1318,#1325),.PCURVE_S1.);
#1314 = LINE('',#1315,#1316);
#1315 = CARTESIAN_POINT('',(0.482,0.4,-3.4E-16));
#1316 = VECTOR('',#1317,1.);
#1317 = DIRECTION('',(1.,-4.4E-16,3.3E-16));
#1318 = PCURVE('',#1196,#1319);
#1319 = DEFINITIONAL_REPRESENTATION('',(#1320),#1324);
#1320 = LINE('',#1321,#1322);
#1321 = CARTESIAN_POINT('',(-0.2144175,-0.2155185));
#1322 = VECTOR('',#1323,1.);
#1323 = DIRECTION('',(-4.5E-16,1.));
#1324 = ( GEOMETRIC_REPRESENTATION_CONTEXT(2) 
PARAMETRIC_REPRESENTATION_CONTEXT() REPRESENTATION_CONTEXT('2D SPACE',''
  ) );
#1325 = PCURVE('',#1326,#1331);
#1326 = PLANE('',#1327);
#1327 = AXIS2_PLACEMENT_3D('',#1328,#1329,#1330);
#1328 = CARTESIAN_POINT('',(0.482,0.4,-3.4E-16));
#1329 = DIRECTION('',(-7.8E-16,1.1E-16,1.));
#1330 = DIRECTION('',(4.4E-16,-1.,1.1E-16));
#1331 = DEFINITIONAL_REPRESENTATION('',(#1332),#1336);
#1332 = LINE('',#1333,#1334);
#1333 = CARTESIAN_POINT('',(-2.442490654175E-32,-5.551115123126E-17));
#1334 = VECTOR('',#1335,1.);
#1335 = DIRECTION('',(8.8E-16,1.));
#1336 = ( GEOMETRIC_REPRESENTATION_CONTEXT(2) 
PARAMETRIC_REPRESENTATION_CONTEXT() REPRESENTATION_CONTEXT('2D SPACE',''
  ) );
#1337 = ORIENTED_EDGE('',*,*,#1338,.F.);
#1338 = EDGE_CURVE('',#1339,#1311,#1341,.T.);
#1339 = VERTEX_POINT('',#1340);
#1340 = CARTESIAN_POINT('',(0.482,0.4,3.5E-02));
#1341 = SURFACE_CURVE('',#1342,(#1346,#1353),.PCURVE_S1.);
#1342 = LINE('',#1343,#1344);
#1343 = CARTESIAN_POINT('',(0.482,0.4,3.5E-02));
#1344 = VECTOR('',#1345,1.);
#1345 = DIRECTION('',(1.22E-15,1.1E-16,-1.));
#1346 = PCURVE('',#1196,#1347);
#1347 = DEFINITIONAL_REPRESENTATION('',(#1348),#1352);
#1348 = LINE('',#1349,#1350);
#1349 = CARTESIAN_POINT('',(-0.1794175,-0.2155185));
#1350 = VECTOR('',#1351,1.);
#1351 = DIRECTION('',(-1.,4.4E-16));
#1352 = ( GEOMETRIC_REPRESENTATION_CONTEXT(2) 
PARAMETRIC_REPRESENTATION_CONTEXT() REPRESENTATION_CONTEXT('2D SPACE',''
  ) );
#1353 = PCURVE('',#1354,#1359);
#1354 = PLANE('',#1355);
#1355 = AXIS2_PLACEMENT_3D('',#1356,#1357,#1358);
#1356 = CARTESIAN_POINT('',(0.482,-3.3E-16,1.75E-02));
#1357 = DIRECTION('',(-1.,4.3E-16,-1.41E-15));
#1358 = DIRECTION('',(1.41E-15,3.3E-16,-1.));
#1359 = DEFINITIONAL_REPRESENTATION('',(#1360),#1364);
#1360 = LINE('',#1361,#1362);
#1361 = CARTESIAN_POINT('',(-1.75E-02,-0.4));
#1362 = VECTOR('',#1363,1.);
#1363 = DIRECTION('',(1.,2.2E-16));
#1364 = ( GEOMETRIC_REPRESENTATION_CONTEXT(2) 
PARAMETRIC_REPRESENTATION_CONTEXT() REPRESENTATION_CONTEXT('2D SPACE',''
  ) );
#1365 = ORIENTED_EDGE('',*,*,#1366,.T.);
#1366 = EDGE_CURVE('',#1339,#1367,#1369,.T.);
#1367 = VERTEX_POINT('',#1368);
#1368 = CARTESIAN_POINT('',(0.765,0.4,3.5E-02));
#1369 = SURFACE_CURVE('',#1370,(#1374,#1381),.PCURVE_S1.);
#1370 = LINE('',#1371,#1372);
#1371 = CARTESIAN_POINT('',(0.482,0.4,3.5E-02));
#1372 = VECTOR('',#1373,1.);
#1373 = DIRECTION('',(1.,-4.4E-16,-1.1E-16));
#1374 = PCURVE('',#1196,#1375);
#1375 = DEFINITIONAL_REPRESENTATION('',(#1376),#1380);
#1376 = LINE('',#1377,#1378);
#1377 = CARTESIAN_POINT('',(-0.1794175,-0.2155185));
#1378 = VECTOR('',#1379,1.);
#1379 = DIRECTION('',(-8.9E-16,1.));
#1380 = ( GEOMETRIC_REPRESENTATION_CONTEXT(2) 
PARAMETRIC_REPRESENTATION_CONTEXT() REPRESENTATION_CONTEXT('2D SPACE',''
  ) );
#1381 = PCURVE('',#1382,#1387);
#1382 = PLANE('',#1383);
#1383 = AXIS2_PLACEMENT_3D('',#1384,#1385,#1386);
#1384 = CARTESIAN_POINT('',(0.482,-0.4,3.5E-02));
#1385 = DIRECTION('',(7.8E-16,-1.1E-16,-1.));
#1386 = DIRECTION('',(-4.4E-16,1.,-1.1E-16));
#1387 = DEFINITIONAL_REPRESENTATION('',(#1388),#1392);
#1388 = LINE('',#1389,#1390);
#1389 = CARTESIAN_POINT('',(0.8,1.893309261245E-17));
#1390 = VECTOR('',#1391,1.);
#1391 = DIRECTION('',(-8.8E-16,1.));
#1392 = ( GEOMETRIC_REPRESENTATION_CONTEXT(2) 
PARAMETRIC_REPRESENTATION_CONTEXT() REPRESENTATION_CONTEXT('2D SPACE',''
  ) );
#1393 = ORIENTED_EDGE('',*,*,#1394,.T.);
#1394 = EDGE_CURVE('',#1367,#1395,#1397,.T.);
#1395 = VERTEX_POINT('',#1396);
#1396 = CARTESIAN_POINT('',(0.765,0.4,0.415));
#1397 = SURFACE_CURVE('',#1398,(#1402,#1409),.PCURVE_S1.);
#1398 = LINE('',#1399,#1400);
#1399 = CARTESIAN_POINT('',(0.765,0.4,1.7E-02));
#1400 = VECTOR('',#1401,1.);
#1401 = DIRECTION('',(-1.E-15,-5.6E-16,1.));
#1402 = PCURVE('',#1196,#1403);
#1403 = DEFINITIONAL_REPRESENTATION('',(#1404),#1408);
#1404 = LINE('',#1405,#1406);
#1405 = CARTESIAN_POINT('',(-0.1974175,6.74815E-02));
#1406 = VECTOR('',#1407,1.);
#1407 = DIRECTION('',(1.,-2.2E-16));
#1408 = ( GEOMETRIC_REPRESENTATION_CONTEXT(2) 
PARAMETRIC_REPRESENTATION_CONTEXT() REPRESENTATION_CONTEXT('2D SPACE',''
  ) );
#1409 = PCURVE('',#1410,#1415);
#1410 = PLANE('',#1411);
#1411 = AXIS2_PLACEMENT_3D('',#1412,#1413,#1414);
#1412 = CARTESIAN_POINT('',(0.765,-0.4,1.7E-02));
#1413 = DIRECTION('',(1.,-6.7E-16,1.1E-16));
#1414 = DIRECTION('',(6.7E-16,1.,-3.3E-16));
#1415 = DEFINITIONAL_REPRESENTATION('',(#1416),#1420);
#1416 = LINE('',#1417,#1418);
#1417 = CARTESIAN_POINT('',(0.8,3.791478603479E-18));
#1418 = VECTOR('',#1419,1.);
#1419 = DIRECTION('',(-8.9E-16,1.));
#1420 = ( GEOMETRIC_REPRESENTATION_CONTEXT(2) 
PARAMETRIC_REPRESENTATION_CONTEXT() REPRESENTATION_CONTEXT('2D SPACE',''
  ) );
#1421 = ORIENTED_EDGE('',*,*,#1422,.T.);
#1422 = EDGE_CURVE('',#1395,#1423,#1425,.T.);
#1423 = VERTEX_POINT('',#1424);
#1424 = CARTESIAN_POINT('',(0.533,0.4,0.415));
#1425 = SURFACE_CURVE('',#1426,(#1430,#1437),.PCURVE_S1.);
#1426 = LINE('',#1427,#1428);
#1427 = CARTESIAN_POINT('',(0.783,0.4,0.415));
#1428 = VECTOR('',#1429,1.);
#1429 = DIRECTION('',(-1.,4.4E-16,1.1E-16));
#1430 = PCURVE('',#1196,#1431);
#1431 = DEFINITIONAL_REPRESENTATION('',(#1432),#1436);
#1432 = LINE('',#1433,#1434);
#1433 = CARTESIAN_POINT('',(0.2005825,8.54815E-02));
#1434 = VECTOR('',#1435,1.);
#1435 = DIRECTION('',(8.9E-16,-1.));
#1436 = ( GEOMETRIC_REPRESENTATION_CONTEXT(2) 
PARAMETRIC_REPRESENTATION_CONTEXT() REPRESENTATION_CONTEXT('2D SPACE',''
  ) );
#1437 = PCURVE('',#1438,#1443);
#1438 = PLANE('',#1439);
#1439 = AXIS2_PLACEMENT_3D('',#1440,#1441,#1442);
#1440 = CARTESIAN_POINT('',(0.632731343284,-6.5E-16,0.415));
#1441 = DIRECTION('',(-3.62E-15,2.5E-16,-1.));
#1442 = DIRECTION('',(-1.,1.1E-16,3.62E-15));
#1443 = DEFINITIONAL_REPRESENTATION('',(#1444),#1448);
#1444 = LINE('',#1445,#1446);
#1445 = CARTESIAN_POINT('',(-0.150268656716,0.4));
#1446 = VECTOR('',#1447,1.);
#1447 = DIRECTION('',(1.,3.3E-16));
#1448 = ( GEOMETRIC_REPRESENTATION_CONTEXT(2) 
PARAMETRIC_REPRESENTATION_CONTEXT() REPRESENTATION_CONTEXT('2D SPACE',''
  ) );
#1449 = ORIENTED_EDGE('',*,*,#1450,.T.);
#1450 = EDGE_CURVE('',#1423,#1188,#1451,.T.);
#1451 = SURFACE_CURVE('',#1452,(#1456,#1463),.PCURVE_S1.);
#1452 = LINE('',#1453,#1454);
#1453 = CARTESIAN_POINT('',(0.533,0.4,0.415));
#1454 = VECTOR('',#1455,1.);
#1455 = DIRECTION('',(-1.22E-15,-6.8E-16,1.));
#1456 = PCURVE('',#1196,#1457);
#1457 = DEFINITIONAL_REPRESENTATION('',(#1458),#1462);
#1458 = LINE('',#1459,#1460);
#1459 = CARTESIAN_POINT('',(0.2005825,-0.1645185));
#1460 = VECTOR('',#1461,1.);
#1461 = DIRECTION('',(1.,-4.4E-16));
#1462 = ( GEOMETRIC_REPRESENTATION_CONTEXT(2) 
PARAMETRIC_REPRESENTATION_CONTEXT() REPRESENTATION_CONTEXT('2D SPACE',''
  ) );
#1463 = PCURVE('',#1464,#1469);
#1464 = PLANE('',#1465);
#1465 = AXIS2_PLACEMENT_3D('',#1466,#1467,#1468);
#1466 = CARTESIAN_POINT('',(0.533,-6.1E-16,0.4325));
#1467 = DIRECTION('',(1.,-5.E-16,2.93E-15));
#1468 = DIRECTION('',(-2.93E-15,-3.3E-16,1.));
#1469 = DEFINITIONAL_REPRESENTATION('',(#1470),#1474);
#1470 = LINE('',#1471,#1472);
#1471 = CARTESIAN_POINT('',(-1.75E-02,-0.4));
#1472 = VECTOR('',#1473,1.);
#1473 = DIRECTION('',(1.,3.5E-16));
#1474 = ( GEOMETRIC_REPRESENTATION_CONTEXT(2) 
PARAMETRIC_REPRESENTATION_CONTEXT() REPRESENTATION_CONTEXT('2D SPACE',''
  ) );
#1475 = ADVANCED_FACE('',(#1476),#1208,.T.);
#1476 = FACE_BOUND('',#1477,.T.);
#1477 = EDGE_LOOP('',(#1478,#1479,#1502,#1530,#1558,#1586,#1614,#1642));
#1478 = ORIENTED_EDGE('',*,*,#1185,.T.);
#1479 = ORIENTED_EDGE('',*,*,#1480,.T.);
#1480 = EDGE_CURVE('',#1188,#1481,#1483,.T.);
#1481 = VERTEX_POINT('',#1482);
#1482 = CARTESIAN_POINT('',(0.533,0.3,0.45));
#1483 = SURFACE_CURVE('',#1484,(#1488,#1495),.PCURVE_S1.);
#1484 = LINE('',#1485,#1486);
#1485 = CARTESIAN_POINT('',(0.533,0.4,0.45));
#1486 = VECTOR('',#1487,1.);
#1487 = DIRECTION('',(4.4E-16,-1.,-1.E-17));
#1488 = PCURVE('',#1208,#1489);
#1489 = DEFINITIONAL_REPRESENTATION('',(#1490),#1494);
#1490 = LINE('',#1491,#1492);
#1491 = CARTESIAN_POINT('',(-0.117113369467,0.4));
#1492 = VECTOR('',#1493,1.);
#1493 = DIRECTION('',(5.5E-16,-1.));
#1494 = ( GEOMETRIC_REPRESENTATION_CONTEXT(2) 
PARAMETRIC_REPRESENTATION_CONTEXT() REPRESENTATION_CONTEXT('2D SPACE',''
  ) );
#1495 = PCURVE('',#1464,#1496);
#1496 = DEFINITIONAL_REPRESENTATION('',(#1497),#1501);
#1497 = LINE('',#1498,#1499);
#1498 = CARTESIAN_POINT('',(1.75E-02,-0.4));
#1499 = VECTOR('',#1500,1.);
#1500 = DIRECTION('',(3.2E-16,1.));
#1501 = ( GEOMETRIC_REPRESENTATION_CONTEXT(2) 
PARAMETRIC_REPRESENTATION_CONTEXT() REPRESENTATION_CONTEXT('2D SPACE',''
  ) );
#1502 = ORIENTED_EDGE('',*,*,#1503,.T.);
#1503 = EDGE_CURVE('',#1481,#1504,#1506,.T.);
#1504 = VERTEX_POINT('',#1505);
#1505 = CARTESIAN_POINT('',(0.493,0.3,0.45));
#1506 = SURFACE_CURVE('',#1507,(#1511,#1518),.PCURVE_S1.);
#1507 = LINE('',#1508,#1509);
#1508 = CARTESIAN_POINT('',(0.533,0.3,0.45));
#1509 = VECTOR('',#1510,1.);
#1510 = DIRECTION('',(-1.,6.1E-16,-3.33E-15));
#1511 = PCURVE('',#1208,#1512);
#1512 = DEFINITIONAL_REPRESENTATION('',(#1513),#1517);
#1513 = LINE('',#1514,#1515);
#1514 = CARTESIAN_POINT('',(-0.117113369467,0.3));
#1515 = VECTOR('',#1516,1.);
#1516 = DIRECTION('',(-1.,5.E-16));
#1517 = ( GEOMETRIC_REPRESENTATION_CONTEXT(2) 
PARAMETRIC_REPRESENTATION_CONTEXT() REPRESENTATION_CONTEXT('2D SPACE',''
  ) );
#1518 = PCURVE('',#1519,#1524);
#1519 = PLANE('',#1520);
#1520 = AXIS2_PLACEMENT_3D('',#1521,#1522,#1523);
#1521 = CARTESIAN_POINT('',(0.533,0.3,0.415));
#1522 = DIRECTION('',(1.7E-16,1.,-4.4E-16));
#1523 = DIRECTION('',(-4.E-15,4.4E-16,1.));
#1524 = DEFINITIONAL_REPRESENTATION('',(#1525),#1529);
#1525 = LINE('',#1526,#1527);
#1526 = CARTESIAN_POINT('',(3.5E-02,2.897769753748E-17));
#1527 = VECTOR('',#1528,1.);
#1528 = DIRECTION('',(6.7E-16,-1.));
#1529 = ( GEOMETRIC_REPRESENTATION_CONTEXT(2) 
PARAMETRIC_REPRESENTATION_CONTEXT() REPRESENTATION_CONTEXT('2D SPACE',''
  ) );
#1530 = ORIENTED_EDGE('',*,*,#1531,.T.);
#1531 = EDGE_CURVE('',#1504,#1532,#1534,.T.);
#1532 = VERTEX_POINT('',#1533);
#1533 = CARTESIAN_POINT('',(0.493,-0.3,0.45));
#1534 = SURFACE_CURVE('',#1535,(#1539,#1546),.PCURVE_S1.);
#1535 = LINE('',#1536,#1537);
#1536 = CARTESIAN_POINT('',(0.493,0.3,0.45));
#1537 = VECTOR('',#1538,1.);
#1538 = DIRECTION('',(5.6E-16,-1.,3.4E-16));
#1539 = PCURVE('',#1208,#1540);
#1540 = DEFINITIONAL_REPRESENTATION('',(#1541),#1545);
#1541 = LINE('',#1542,#1543);
#1542 = CARTESIAN_POINT('',(-0.157113369467,0.3));
#1543 = VECTOR('',#1544,1.);
#1544 = DIRECTION('',(6.7E-16,-1.));
#1545 = ( GEOMETRIC_REPRESENTATION_CONTEXT(2) 
PARAMETRIC_REPRESENTATION_CONTEXT() REPRESENTATION_CONTEXT('2D SPACE',''
  ) );
#1546 = PCURVE('',#1547,#1552);
#1547 = PLANE('',#1548);
#1548 = AXIS2_PLACEMENT_3D('',#1549,#1550,#1551);
#1549 = CARTESIAN_POINT('',(0.493,-3.E-16,0.4325));
#1550 = DIRECTION('',(1.,-5.2E-16,2.95E-15));
#1551 = DIRECTION('',(-2.95E-15,-3.3E-16,1.));
#1552 = DEFINITIONAL_REPRESENTATION('',(#1553),#1557);
#1553 = LINE('',#1554,#1555);
#1554 = CARTESIAN_POINT('',(1.75E-02,-0.3));
#1555 = VECTOR('',#1556,1.);
#1556 = DIRECTION('',(6.7E-16,1.));
#1557 = ( GEOMETRIC_REPRESENTATION_CONTEXT(2) 
PARAMETRIC_REPRESENTATION_CONTEXT() REPRESENTATION_CONTEXT('2D SPACE',''
  ) );
#1558 = ORIENTED_EDGE('',*,*,#1559,.F.);
#1559 = EDGE_CURVE('',#1560,#1532,#1562,.T.);
#1560 = VERTEX_POINT('',#1561);
#1561 = CARTESIAN_POINT('',(0.533,-0.3,0.45));
#1562 = SURFACE_CURVE('',#1563,(#1567,#1574),.PCURVE_S1.);
#1563 = LINE('',#1564,#1565);
#1564 = CARTESIAN_POINT('',(0.533,-0.3,0.45));
#1565 = VECTOR('',#1566,1.);
#1566 = DIRECTION('',(-1.,6.1E-16,-3.33E-15));
#1567 = PCURVE('',#1208,#1568);
#1568 = DEFINITIONAL_REPRESENTATION('',(#1569),#1573);
#1569 = LINE('',#1570,#1571);
#1570 = CARTESIAN_POINT('',(-0.117113369467,-0.3));
#1571 = VECTOR('',#1572,1.);
#1572 = DIRECTION('',(-1.,5.E-16));
#1573 = ( GEOMETRIC_REPRESENTATION_CONTEXT(2) 
PARAMETRIC_REPRESENTATION_CONTEXT() REPRESENTATION_CONTEXT('2D SPACE',''
  ) );
#1574 = PCURVE('',#1575,#1580);
#1575 = PLANE('',#1576);
#1576 = AXIS2_PLACEMENT_3D('',#1577,#1578,#1579);
#1577 = CARTESIAN_POINT('',(0.533,-0.3,0.45));
#1578 = DIRECTION('',(-1.7E-16,-1.,4.4E-16));
#1579 = DIRECTION('',(4.E-15,-4.4E-16,-1.));
#1580 = DEFINITIONAL_REPRESENTATION('',(#1581),#1585);
#1581 = LINE('',#1582,#1583);
#1582 = CARTESIAN_POINT('',(0.,0.));
#1583 = VECTOR('',#1584,1.);
#1584 = DIRECTION('',(-6.7E-16,-1.));
#1585 = ( GEOMETRIC_REPRESENTATION_CONTEXT(2) 
PARAMETRIC_REPRESENTATION_CONTEXT() REPRESENTATION_CONTEXT('2D SPACE',''
  ) );
#1586 = ORIENTED_EDGE('',*,*,#1587,.T.);
#1587 = EDGE_CURVE('',#1560,#1588,#1590,.T.);
#1588 = VERTEX_POINT('',#1589);
#1589 = CARTESIAN_POINT('',(0.533,-0.4,0.45));
#1590 = SURFACE_CURVE('',#1591,(#1595,#1602),.PCURVE_S1.);
#1591 = LINE('',#1592,#1593);
#1592 = CARTESIAN_POINT('',(0.533,0.4,0.45));
#1593 = VECTOR('',#1594,1.);
#1594 = DIRECTION('',(4.4E-16,-1.,-1.E-17));
#1595 = PCURVE('',#1208,#1596);
#1596 = DEFINITIONAL_REPRESENTATION('',(#1597),#1601);
#1597 = LINE('',#1598,#1599);
#1598 = CARTESIAN_POINT('',(-0.117113369467,0.4));
#1599 = VECTOR('',#1600,1.);
#1600 = DIRECTION('',(5.5E-16,-1.));
#1601 = ( GEOMETRIC_REPRESENTATION_CONTEXT(2) 
PARAMETRIC_REPRESENTATION_CONTEXT() REPRESENTATION_CONTEXT('2D SPACE',''
  ) );
#1602 = PCURVE('',#1603,#1608);
#1603 = PLANE('',#1604);
#1604 = AXIS2_PLACEMENT_3D('',#1605,#1606,#1607);
#1605 = CARTESIAN_POINT('',(0.533,-6.1E-16,0.4325));
#1606 = DIRECTION('',(1.,-5.E-16,2.93E-15));
#1607 = DIRECTION('',(-2.93E-15,-3.3E-16,1.));
#1608 = DEFINITIONAL_REPRESENTATION('',(#1609),#1613);
#1609 = LINE('',#1610,#1611);
#1610 = CARTESIAN_POINT('',(1.75E-02,-0.4));
#1611 = VECTOR('',#1612,1.);
#1612 = DIRECTION('',(3.2E-16,1.));
#1613 = ( GEOMETRIC_REPRESENTATION_CONTEXT(2) 
PARAMETRIC_REPRESENTATION_CONTEXT() REPRESENTATION_CONTEXT('2D SPACE',''
  ) );
#1614 = ORIENTED_EDGE('',*,*,#1615,.F.);
#1615 = EDGE_CURVE('',#1616,#1588,#1618,.T.);
#1616 = VERTEX_POINT('',#1617);
#1617 = CARTESIAN_POINT('',(0.78,-0.4,0.45));
#1618 = SURFACE_CURVE('',#1619,(#1623,#1630),.PCURVE_S1.);
#1619 = LINE('',#1620,#1621);
#1620 = CARTESIAN_POINT('',(0.783,-0.4,0.45));
#1621 = VECTOR('',#1622,1.);
#1622 = DIRECTION('',(-1.,4.4E-16,1.1E-16));
#1623 = PCURVE('',#1208,#1624);
#1624 = DEFINITIONAL_REPRESENTATION('',(#1625),#1629);
#1625 = LINE('',#1626,#1627);
#1626 = CARTESIAN_POINT('',(0.132886630533,-0.4));
#1627 = VECTOR('',#1628,1.);
#1628 = DIRECTION('',(-1.,3.3E-16));
#1629 = ( GEOMETRIC_REPRESENTATION_CONTEXT(2) 
PARAMETRIC_REPRESENTATION_CONTEXT() REPRESENTATION_CONTEXT('2D SPACE',''
  ) );
#1630 = PCURVE('',#1631,#1636);
#1631 = PLANE('',#1632);
#1632 = AXIS2_PLACEMENT_3D('',#1633,#1634,#1635);
#1633 = CARTESIAN_POINT('',(0.6975185,-0.4,0.2144175));
#1634 = DIRECTION('',(6.E-16,-1.,2.9E-16));
#1635 = DIRECTION('',(7.8E-16,-2.9E-16,-1.));
#1636 = DEFINITIONAL_REPRESENTATION('',(#1637),#1641);
#1637 = LINE('',#1638,#1639);
#1638 = CARTESIAN_POINT('',(-0.2355825,8.54815E-02));
#1639 = VECTOR('',#1640,1.);
#1640 = DIRECTION('',(-8.9E-16,-1.));
#1641 = ( GEOMETRIC_REPRESENTATION_CONTEXT(2) 
PARAMETRIC_REPRESENTATION_CONTEXT() REPRESENTATION_CONTEXT('2D SPACE',''
  ) );
#1642 = ORIENTED_EDGE('',*,*,#1643,.F.);
#1643 = EDGE_CURVE('',#1186,#1616,#1644,.T.);
#1644 = SURFACE_CURVE('',#1645,(#1649,#1656),.PCURVE_S1.);
#1645 = LINE('',#1646,#1647);
#1646 = CARTESIAN_POINT('',(0.78,0.4,0.45));
#1647 = VECTOR('',#1648,1.);
#1648 = DIRECTION('',(-4.4E-16,-1.,2.1E-16));
#1649 = PCURVE('',#1208,#1650);
#1650 = DEFINITIONAL_REPRESENTATION('',(#1651),#1655);
#1651 = LINE('',#1652,#1653);
#1652 = CARTESIAN_POINT('',(0.129886630533,0.4));
#1653 = VECTOR('',#1654,1.);
#1654 = DIRECTION('',(-3.3E-16,-1.));
#1655 = ( GEOMETRIC_REPRESENTATION_CONTEXT(2) 
PARAMETRIC_REPRESENTATION_CONTEXT() REPRESENTATION_CONTEXT('2D SPACE',''
  ) );
#1656 = PCURVE('',#1237,#1657);
#1657 = DEFINITIONAL_REPRESENTATION('',(#1658),#1662);
#1658 = LINE('',#1659,#1660);
#1659 = CARTESIAN_POINT('',(-0.,0.));
#1660 = VECTOR('',#1661,1.);
#1661 = DIRECTION('',(-0.,1.));
#1662 = ( GEOMETRIC_REPRESENTATION_CONTEXT(2) 
PARAMETRIC_REPRESENTATION_CONTEXT() REPRESENTATION_CONTEXT('2D SPACE',''
  ) );
#1663 = ADVANCED_FACE('',(#1664),#1237,.T.);
#1664 = FACE_BOUND('',#1665,.F.);
#1665 = EDGE_LOOP('',(#1666,#1667,#1690,#1716));
#1666 = ORIENTED_EDGE('',*,*,#1220,.T.);
#1667 = ORIENTED_EDGE('',*,*,#1668,.T.);
#1668 = EDGE_CURVE('',#1221,#1669,#1671,.T.);
#1669 = VERTEX_POINT('',#1670);
#1670 = CARTESIAN_POINT('',(0.8,-0.4,0.43));
#1671 = SURFACE_CURVE('',#1672,(#1676,#1683),.PCURVE_S1.);
#1672 = LINE('',#1673,#1674);
#1673 = CARTESIAN_POINT('',(0.8,0.4,0.43));
#1674 = VECTOR('',#1675,1.);
#1675 = DIRECTION('',(-4.4E-16,-1.,2.1E-16));
#1676 = PCURVE('',#1237,#1677);
#1677 = DEFINITIONAL_REPRESENTATION('',(#1678),#1682);
#1678 = LINE('',#1679,#1680);
#1679 = CARTESIAN_POINT('',(-1.570796326795,0.));
#1680 = VECTOR('',#1681,1.);
#1681 = DIRECTION('',(-0.,1.));
#1682 = ( GEOMETRIC_REPRESENTATION_CONTEXT(2) 
PARAMETRIC_REPRESENTATION_CONTEXT() REPRESENTATION_CONTEXT('2D SPACE',''
  ) );
#1683 = PCURVE('',#1265,#1684);
#1684 = DEFINITIONAL_REPRESENTATION('',(#1685),#1689);
#1685 = LINE('',#1686,#1687);
#1686 = CARTESIAN_POINT('',(4.138457561563E-16,0.413));
#1687 = VECTOR('',#1688,1.);
#1688 = DIRECTION('',(1.,-1.2E-16));
#1689 = ( GEOMETRIC_REPRESENTATION_CONTEXT(2) 
PARAMETRIC_REPRESENTATION_CONTEXT() REPRESENTATION_CONTEXT('2D SPACE',''
  ) );
#1690 = ORIENTED_EDGE('',*,*,#1691,.F.);
#1691 = EDGE_CURVE('',#1616,#1669,#1692,.T.);
#1692 = SURFACE_CURVE('',#1693,(#1698,#1705),.PCURVE_S1.);
#1693 = CIRCLE('',#1694,2.E-02);
#1694 = AXIS2_PLACEMENT_3D('',#1695,#1696,#1697);
#1695 = CARTESIAN_POINT('',(0.78,-0.4,0.43));
#1696 = DIRECTION('',(4.4E-16,1.,-2.1E-16));
#1697 = DIRECTION('',(-1.,4.4E-16,-1.1E-16));
#1698 = PCURVE('',#1237,#1699);
#1699 = DEFINITIONAL_REPRESENTATION('',(#1700),#1704);
#1700 = LINE('',#1701,#1702);
#1701 = CARTESIAN_POINT('',(1.570796326795,0.8));
#1702 = VECTOR('',#1703,1.);
#1703 = DIRECTION('',(-1.,0.));
#1704 = ( GEOMETRIC_REPRESENTATION_CONTEXT(2) 
PARAMETRIC_REPRESENTATION_CONTEXT() REPRESENTATION_CONTEXT('2D SPACE',''
  ) );
#1705 = PCURVE('',#1631,#1706);
#1706 = DEFINITIONAL_REPRESENTATION('',(#1707),#1715);
#1707 = ( BOUNDED_CURVE() B_SPLINE_CURVE(2,(#1708,#1709,#1710,#1711,
#1712,#1713,#1714),.UNSPECIFIED.,.T.,.F.) B_SPLINE_CURVE_WITH_KNOTS((1,2
    ,2,2,2,1),(-2.094395102393,0.,2.094395102393,4.188790204786,
6.28318530718,8.377580409573),.UNSPECIFIED.) CURVE() 
GEOMETRIC_REPRESENTATION_ITEM() RATIONAL_B_SPLINE_CURVE((1.,0.5,1.,0.5,
1.,0.5,1.)) REPRESENTATION_ITEM('') );
#1708 = CARTESIAN_POINT('',(-0.2155825,6.24815E-02));
#1709 = CARTESIAN_POINT('',(-0.250223516151,6.24815E-02));
#1710 = CARTESIAN_POINT('',(-0.232903008076,9.24815E-02));
#1711 = CARTESIAN_POINT('',(-0.2155825,0.1224815));
#1712 = CARTESIAN_POINT('',(-0.198261991924,9.24815E-02));
#1713 = CARTESIAN_POINT('',(-0.180941483849,6.24815E-02));
#1714 = CARTESIAN_POINT('',(-0.2155825,6.24815E-02));
#1715 = ( GEOMETRIC_REPRESENTATION_CONTEXT(2) 
PARAMETRIC_REPRESENTATION_CONTEXT() REPRESENTATION_CONTEXT('2D SPACE',''
  ) );
#1716 = ORIENTED_EDGE('',*,*,#1643,.F.);
#1717 = ADVANCED_FACE('',(#1718),#1464,.F.);
#1718 = FACE_BOUND('',#1719,.F.);
#1719 = EDGE_LOOP('',(#1720,#1743,#1764,#1765));
#1720 = ORIENTED_EDGE('',*,*,#1721,.F.);
#1721 = EDGE_CURVE('',#1722,#1481,#1724,.T.);
#1722 = VERTEX_POINT('',#1723);
#1723 = CARTESIAN_POINT('',(0.533,0.3,0.415));
#1724 = SURFACE_CURVE('',#1725,(#1729,#1736),.PCURVE_S1.);
#1725 = LINE('',#1726,#1727);
#1726 = CARTESIAN_POINT('',(0.533,0.3,0.415));
#1727 = VECTOR('',#1728,1.);
#1728 = DIRECTION('',(-3.89E-15,-5.5E-16,1.));
#1729 = PCURVE('',#1464,#1730);
#1730 = DEFINITIONAL_REPRESENTATION('',(#1731),#1735);
#1731 = LINE('',#1732,#1733);
#1732 = CARTESIAN_POINT('',(-1.75E-02,-0.3));
#1733 = VECTOR('',#1734,1.);
#1734 = DIRECTION('',(1.,2.2E-16));
#1735 = ( GEOMETRIC_REPRESENTATION_CONTEXT(2) 
PARAMETRIC_REPRESENTATION_CONTEXT() REPRESENTATION_CONTEXT('2D SPACE',''
  ) );
#1736 = PCURVE('',#1519,#1737);
#1737 = DEFINITIONAL_REPRESENTATION('',(#1738),#1742);
#1738 = LINE('',#1739,#1740);
#1739 = CARTESIAN_POINT('',(1.110223024625E-16,3.330669073875E-16));
#1740 = VECTOR('',#1741,1.);
#1741 = DIRECTION('',(1.,1.1E-16));
#1742 = ( GEOMETRIC_REPRESENTATION_CONTEXT(2) 
PARAMETRIC_REPRESENTATION_CONTEXT() REPRESENTATION_CONTEXT('2D SPACE',''
  ) );
#1743 = ORIENTED_EDGE('',*,*,#1744,.T.);
#1744 = EDGE_CURVE('',#1722,#1423,#1745,.T.);
#1745 = SURFACE_CURVE('',#1746,(#1750,#1757),.PCURVE_S1.);
#1746 = LINE('',#1747,#1748);
#1747 = CARTESIAN_POINT('',(0.533,-0.4,0.415));
#1748 = VECTOR('',#1749,1.);
#1749 = DIRECTION('',(-4.4E-16,1.,1.E-17));
#1750 = PCURVE('',#1464,#1751);
#1751 = DEFINITIONAL_REPRESENTATION('',(#1752),#1756);
#1752 = LINE('',#1753,#1754);
#1753 = CARTESIAN_POINT('',(-1.75E-02,0.4));
#1754 = VECTOR('',#1755,1.);
#1755 = DIRECTION('',(-3.2E-16,-1.));
#1756 = ( GEOMETRIC_REPRESENTATION_CONTEXT(2) 
PARAMETRIC_REPRESENTATION_CONTEXT() REPRESENTATION_CONTEXT('2D SPACE',''
  ) );
#1757 = PCURVE('',#1438,#1758);
#1758 = DEFINITIONAL_REPRESENTATION('',(#1759),#1763);
#1759 = LINE('',#1760,#1761);
#1760 = CARTESIAN_POINT('',(9.973134328358E-02,-0.4));
#1761 = VECTOR('',#1762,1.);
#1762 = DIRECTION('',(5.5E-16,1.));
#1763 = ( GEOMETRIC_REPRESENTATION_CONTEXT(2) 
PARAMETRIC_REPRESENTATION_CONTEXT() REPRESENTATION_CONTEXT('2D SPACE',''
  ) );
#1764 = ORIENTED_EDGE('',*,*,#1450,.T.);
#1765 = ORIENTED_EDGE('',*,*,#1480,.T.);
#1766 = ADVANCED_FACE('',(#1767),#1265,.F.);
#1767 = FACE_BOUND('',#1768,.F.);
#1768 = EDGE_LOOP('',(#1769,#1770,#1793,#1814));
#1769 = ORIENTED_EDGE('',*,*,#1249,.F.);
#1770 = ORIENTED_EDGE('',*,*,#1771,.T.);
#1771 = EDGE_CURVE('',#1250,#1772,#1774,.T.);
#1772 = VERTEX_POINT('',#1773);
#1773 = CARTESIAN_POINT('',(0.8,-0.4,2.E-02));
#1774 = SURFACE_CURVE('',#1775,(#1779,#1786),.PCURVE_S1.);
#1775 = LINE('',#1776,#1777);
#1776 = CARTESIAN_POINT('',(0.8,0.4,2.E-02));
#1777 = VECTOR('',#1778,1.);
#1778 = DIRECTION('',(-4.4E-16,-1.,1.22E-15));
#1779 = PCURVE('',#1265,#1780);
#1780 = DEFINITIONAL_REPRESENTATION('',(#1781),#1785);
#1781 = LINE('',#1782,#1783);
#1782 = CARTESIAN_POINT('',(2.785457561563E-16,3.E-03));
#1783 = VECTOR('',#1784,1.);
#1784 = DIRECTION('',(1.,8.9E-16));
#1785 = ( GEOMETRIC_REPRESENTATION_CONTEXT(2) 
PARAMETRIC_REPRESENTATION_CONTEXT() REPRESENTATION_CONTEXT('2D SPACE',''
  ) );
#1786 = PCURVE('',#1298,#1787);
#1787 = DEFINITIONAL_REPRESENTATION('',(#1788),#1792);
#1788 = LINE('',#1789,#1790);
#1789 = CARTESIAN_POINT('',(1.570796326795,0.));
#1790 = VECTOR('',#1791,1.);
#1791 = DIRECTION('',(0.,1.));
#1792 = ( GEOMETRIC_REPRESENTATION_CONTEXT(2) 
PARAMETRIC_REPRESENTATION_CONTEXT() REPRESENTATION_CONTEXT('2D SPACE',''
  ) );
#1793 = ORIENTED_EDGE('',*,*,#1794,.T.);
#1794 = EDGE_CURVE('',#1772,#1669,#1795,.T.);
#1795 = SURFACE_CURVE('',#1796,(#1800,#1807),.PCURVE_S1.);
#1796 = LINE('',#1797,#1798);
#1797 = CARTESIAN_POINT('',(0.8,-0.4,1.7E-02));
#1798 = VECTOR('',#1799,1.);
#1799 = DIRECTION('',(-1.E-15,-5.6E-16,1.));
#1800 = PCURVE('',#1265,#1801);
#1801 = DEFINITIONAL_REPRESENTATION('',(#1802),#1806);
#1802 = LINE('',#1803,#1804);
#1803 = CARTESIAN_POINT('',(0.8,6.616862252382E-18));
#1804 = VECTOR('',#1805,1.);
#1805 = DIRECTION('',(8.9E-16,1.));
#1806 = ( GEOMETRIC_REPRESENTATION_CONTEXT(2) 
PARAMETRIC_REPRESENTATION_CONTEXT() REPRESENTATION_CONTEXT('2D SPACE',''
  ) );
#1807 = PCURVE('',#1631,#1808);
#1808 = DEFINITIONAL_REPRESENTATION('',(#1809),#1813);
#1809 = LINE('',#1810,#1811);
#1810 = CARTESIAN_POINT('',(0.1974175,0.1024815));
#1811 = VECTOR('',#1812,1.);
#1812 = DIRECTION('',(-1.,-2.2E-16));
#1813 = ( GEOMETRIC_REPRESENTATION_CONTEXT(2) 
PARAMETRIC_REPRESENTATION_CONTEXT() REPRESENTATION_CONTEXT('2D SPACE',''
  ) );
#1814 = ORIENTED_EDGE('',*,*,#1668,.F.);
#1815 = ADVANCED_FACE('',(#1816),#1438,.T.);
#1816 = FACE_BOUND('',#1817,.T.);
#1817 = EDGE_LOOP('',(#1818,#1841,#1864,#1887,#1910,#1938,#1959,#1960));
#1818 = ORIENTED_EDGE('',*,*,#1819,.T.);
#1819 = EDGE_CURVE('',#1395,#1820,#1822,.T.);
#1820 = VERTEX_POINT('',#1821);
#1821 = CARTESIAN_POINT('',(0.765,-0.4,0.415));
#1822 = SURFACE_CURVE('',#1823,(#1827,#1834),.PCURVE_S1.);
#1823 = LINE('',#1824,#1825);
#1824 = CARTESIAN_POINT('',(0.765,-0.4,0.415));
#1825 = VECTOR('',#1826,1.);
#1826 = DIRECTION('',(2.2E-16,-1.,-1.E-17));
#1827 = PCURVE('',#1438,#1828);
#1828 = DEFINITIONAL_REPRESENTATION('',(#1829),#1833);
#1829 = LINE('',#1830,#1831);
#1830 = CARTESIAN_POINT('',(-0.132268656716,-0.4));
#1831 = VECTOR('',#1832,1.);
#1832 = DIRECTION('',(-3.3E-16,-1.));
#1833 = ( GEOMETRIC_REPRESENTATION_CONTEXT(2) 
PARAMETRIC_REPRESENTATION_CONTEXT() REPRESENTATION_CONTEXT('2D SPACE',''
  ) );
#1834 = PCURVE('',#1410,#1835);
#1835 = DEFINITIONAL_REPRESENTATION('',(#1836),#1840);
#1836 = LINE('',#1837,#1838);
#1837 = CARTESIAN_POINT('',(-4.088957561563E-16,0.398));
#1838 = VECTOR('',#1839,1.);
#1839 = DIRECTION('',(-1.,-3.4E-16));
#1840 = ( GEOMETRIC_REPRESENTATION_CONTEXT(2) 
PARAMETRIC_REPRESENTATION_CONTEXT() REPRESENTATION_CONTEXT('2D SPACE',''
  ) );
#1841 = ORIENTED_EDGE('',*,*,#1842,.T.);
#1842 = EDGE_CURVE('',#1820,#1843,#1845,.T.);
#1843 = VERTEX_POINT('',#1844);
#1844 = CARTESIAN_POINT('',(0.533,-0.4,0.415));
#1845 = SURFACE_CURVE('',#1846,(#1850,#1857),.PCURVE_S1.);
#1846 = LINE('',#1847,#1848);
#1847 = CARTESIAN_POINT('',(0.783,-0.4,0.415));
#1848 = VECTOR('',#1849,1.);
#1849 = DIRECTION('',(-1.,4.4E-16,1.1E-16));
#1850 = PCURVE('',#1438,#1851);
#1851 = DEFINITIONAL_REPRESENTATION('',(#1852),#1856);
#1852 = LINE('',#1853,#1854);
#1853 = CARTESIAN_POINT('',(-0.150268656716,-0.4));
#1854 = VECTOR('',#1855,1.);
#1855 = DIRECTION('',(1.,3.3E-16));
#1856 = ( GEOMETRIC_REPRESENTATION_CONTEXT(2) 
PARAMETRIC_REPRESENTATION_CONTEXT() REPRESENTATION_CONTEXT('2D SPACE',''
  ) );
#1857 = PCURVE('',#1631,#1858);
#1858 = DEFINITIONAL_REPRESENTATION('',(#1859),#1863);
#1859 = LINE('',#1860,#1861);
#1860 = CARTESIAN_POINT('',(-0.2005825,8.54815E-02));
#1861 = VECTOR('',#1862,1.);
#1862 = DIRECTION('',(-8.9E-16,-1.));
#1863 = ( GEOMETRIC_REPRESENTATION_CONTEXT(2) 
PARAMETRIC_REPRESENTATION_CONTEXT() REPRESENTATION_CONTEXT('2D SPACE',''
  ) );
#1864 = ORIENTED_EDGE('',*,*,#1865,.T.);
#1865 = EDGE_CURVE('',#1843,#1866,#1868,.T.);
#1866 = VERTEX_POINT('',#1867);
#1867 = CARTESIAN_POINT('',(0.533,-0.3,0.415));
#1868 = SURFACE_CURVE('',#1869,(#1873,#1880),.PCURVE_S1.);
#1869 = LINE('',#1870,#1871);
#1870 = CARTESIAN_POINT('',(0.533,-0.4,0.415));
#1871 = VECTOR('',#1872,1.);
#1872 = DIRECTION('',(-4.4E-16,1.,1.E-17));
#1873 = PCURVE('',#1438,#1874);
#1874 = DEFINITIONAL_REPRESENTATION('',(#1875),#1879);
#1875 = LINE('',#1876,#1877);
#1876 = CARTESIAN_POINT('',(9.973134328358E-02,-0.4));
#1877 = VECTOR('',#1878,1.);
#1878 = DIRECTION('',(5.5E-16,1.));
#1879 = ( GEOMETRIC_REPRESENTATION_CONTEXT(2) 
PARAMETRIC_REPRESENTATION_CONTEXT() REPRESENTATION_CONTEXT('2D SPACE',''
  ) );
#1880 = PCURVE('',#1603,#1881);
#1881 = DEFINITIONAL_REPRESENTATION('',(#1882),#1886);
#1882 = LINE('',#1883,#1884);
#1883 = CARTESIAN_POINT('',(-1.75E-02,0.4));
#1884 = VECTOR('',#1885,1.);
#1885 = DIRECTION('',(-3.2E-16,-1.));
#1886 = ( GEOMETRIC_REPRESENTATION_CONTEXT(2) 
PARAMETRIC_REPRESENTATION_CONTEXT() REPRESENTATION_CONTEXT('2D SPACE',''
  ) );
#1887 = ORIENTED_EDGE('',*,*,#1888,.T.);
#1888 = EDGE_CURVE('',#1866,#1889,#1891,.T.);
#1889 = VERTEX_POINT('',#1890);
#1890 = CARTESIAN_POINT('',(0.512707259422,-0.3,0.415));
#1891 = SURFACE_CURVE('',#1892,(#1896,#1903),.PCURVE_S1.);
#1892 = LINE('',#1893,#1894);
#1893 = CARTESIAN_POINT('',(0.533,-0.3,0.415));
#1894 = VECTOR('',#1895,1.);
#1895 = DIRECTION('',(-1.,6.1E-16,-3.33E-15));
#1896 = PCURVE('',#1438,#1897);
#1897 = DEFINITIONAL_REPRESENTATION('',(#1898),#1902);
#1898 = LINE('',#1899,#1900);
#1899 = CARTESIAN_POINT('',(9.973134328358E-02,-0.3));
#1900 = VECTOR('',#1901,1.);
#1901 = DIRECTION('',(1.,5.E-16));
#1902 = ( GEOMETRIC_REPRESENTATION_CONTEXT(2) 
PARAMETRIC_REPRESENTATION_CONTEXT() REPRESENTATION_CONTEXT('2D SPACE',''
  ) );
#1903 = PCURVE('',#1575,#1904);
#1904 = DEFINITIONAL_REPRESENTATION('',(#1905),#1909);
#1905 = LINE('',#1906,#1907);
#1906 = CARTESIAN_POINT('',(3.5E-02,-2.897769753748E-17));
#1907 = VECTOR('',#1908,1.);
#1908 = DIRECTION('',(-6.7E-16,-1.));
#1909 = ( GEOMETRIC_REPRESENTATION_CONTEXT(2) 
PARAMETRIC_REPRESENTATION_CONTEXT() REPRESENTATION_CONTEXT('2D SPACE',''
  ) );
#1910 = ORIENTED_EDGE('',*,*,#1911,.F.);
#1911 = EDGE_CURVE('',#1912,#1889,#1914,.T.);
#1912 = VERTEX_POINT('',#1913);
#1913 = CARTESIAN_POINT('',(0.512707259422,0.3,0.415));
#1914 = SURFACE_CURVE('',#1915,(#1919,#1926),.PCURVE_S1.);
#1915 = LINE('',#1916,#1917);
#1916 = CARTESIAN_POINT('',(0.512707259422,0.3,0.415));
#1917 = VECTOR('',#1918,1.);
#1918 = DIRECTION('',(-2.2E-16,-1.,5.6E-16));
#1919 = PCURVE('',#1438,#1920);
#1920 = DEFINITIONAL_REPRESENTATION('',(#1921),#1925);
#1921 = LINE('',#1922,#1923);
#1922 = CARTESIAN_POINT('',(0.120024083862,0.3));
#1923 = VECTOR('',#1924,1.);
#1924 = DIRECTION('',(1.1E-16,-1.));
#1925 = ( GEOMETRIC_REPRESENTATION_CONTEXT(2) 
PARAMETRIC_REPRESENTATION_CONTEXT() REPRESENTATION_CONTEXT('2D SPACE',''
  ) );
#1926 = PCURVE('',#1927,#1932);
#1927 = PLANE('',#1928);
#1928 = AXIS2_PLACEMENT_3D('',#1929,#1930,#1931);
#1929 = CARTESIAN_POINT('',(0.512707259422,0.3,0.415));
#1930 = DIRECTION('',(0.866025403784,9.E-17,0.5));
#1931 = DIRECTION('',(-0.5,1.E-17,0.866025403784));
#1932 = DEFINITIONAL_REPRESENTATION('',(#1933),#1937);
#1933 = LINE('',#1934,#1935);
#1934 = CARTESIAN_POINT('',(0.,0.));
#1935 = VECTOR('',#1936,1.);
#1936 = DIRECTION('',(5.849742261193E-16,1.));
#1937 = ( GEOMETRIC_REPRESENTATION_CONTEXT(2) 
PARAMETRIC_REPRESENTATION_CONTEXT() REPRESENTATION_CONTEXT('2D SPACE',''
  ) );
#1938 = ORIENTED_EDGE('',*,*,#1939,.F.);
#1939 = EDGE_CURVE('',#1722,#1912,#1940,.T.);
#1940 = SURFACE_CURVE('',#1941,(#1945,#1952),.PCURVE_S1.);
#1941 = LINE('',#1942,#1943);
#1942 = CARTESIAN_POINT('',(0.533,0.3,0.415));
#1943 = VECTOR('',#1944,1.);
#1944 = DIRECTION('',(-1.,6.1E-16,-3.33E-15));
#1945 = PCURVE('',#1438,#1946);
#1946 = DEFINITIONAL_REPRESENTATION('',(#1947),#1951);
#1947 = LINE('',#1948,#1949);
#1948 = CARTESIAN_POINT('',(9.973134328358E-02,0.3));
#1949 = VECTOR('',#1950,1.);
#1950 = DIRECTION('',(1.,5.E-16));
#1951 = ( GEOMETRIC_REPRESENTATION_CONTEXT(2) 
PARAMETRIC_REPRESENTATION_CONTEXT() REPRESENTATION_CONTEXT('2D SPACE',''
  ) );
#1952 = PCURVE('',#1519,#1953);
#1953 = DEFINITIONAL_REPRESENTATION('',(#1954),#1958);
#1954 = LINE('',#1955,#1956);
#1955 = CARTESIAN_POINT('',(0.,0.));
#1956 = VECTOR('',#1957,1.);
#1957 = DIRECTION('',(6.7E-16,-1.));
#1958 = ( GEOMETRIC_REPRESENTATION_CONTEXT(2) 
PARAMETRIC_REPRESENTATION_CONTEXT() REPRESENTATION_CONTEXT('2D SPACE',''
  ) );
#1959 = ORIENTED_EDGE('',*,*,#1744,.T.);
#1960 = ORIENTED_EDGE('',*,*,#1422,.F.);
#1961 = ADVANCED_FACE('',(#1962),#1298,.T.);
#1962 = FACE_BOUND('',#1963,.T.);
#1963 = EDGE_LOOP('',(#1964,#1965,#1966,#1990));
#1964 = ORIENTED_EDGE('',*,*,#1277,.T.);
#1965 = ORIENTED_EDGE('',*,*,#1771,.T.);
#1966 = ORIENTED_EDGE('',*,*,#1967,.F.);
#1967 = EDGE_CURVE('',#1968,#1772,#1970,.T.);
#1968 = VERTEX_POINT('',#1969);
#1969 = CARTESIAN_POINT('',(0.78,-0.4,1.E-15));
#1970 = SURFACE_CURVE('',#1971,(#1976,#1983),.PCURVE_S1.);
#1971 = CIRCLE('',#1972,2.E-02);
#1972 = AXIS2_PLACEMENT_3D('',#1973,#1974,#1975);
#1973 = CARTESIAN_POINT('',(0.78,-0.4,2.E-02));
#1974 = DIRECTION('',(-4.4E-16,-1.,1.22E-15));
#1975 = DIRECTION('',(1.1E-16,-1.22E-15,-1.));
#1976 = PCURVE('',#1298,#1977);
#1977 = DEFINITIONAL_REPRESENTATION('',(#1978),#1982);
#1978 = LINE('',#1979,#1980);
#1979 = CARTESIAN_POINT('',(0.,0.8));
#1980 = VECTOR('',#1981,1.);
#1981 = DIRECTION('',(1.,0.));
#1982 = ( GEOMETRIC_REPRESENTATION_CONTEXT(2) 
PARAMETRIC_REPRESENTATION_CONTEXT() REPRESENTATION_CONTEXT('2D SPACE',''
  ) );
#1983 = PCURVE('',#1631,#1984);
#1984 = DEFINITIONAL_REPRESENTATION('',(#1985),#1989);
#1985 = CIRCLE('',#1986,2.E-02);
#1986 = AXIS2_PLACEMENT_2D('',#1987,#1988);
#1987 = CARTESIAN_POINT('',(0.1944175,8.24815E-02));
#1988 = DIRECTION('',(1.,-6.7E-16));
#1989 = ( GEOMETRIC_REPRESENTATION_CONTEXT(2) 
PARAMETRIC_REPRESENTATION_CONTEXT() REPRESENTATION_CONTEXT('2D SPACE',''
  ) );
#1990 = ORIENTED_EDGE('',*,*,#1991,.F.);
#1991 = EDGE_CURVE('',#1278,#1968,#1992,.T.);
#1992 = SURFACE_CURVE('',#1993,(#1997,#2004),.PCURVE_S1.);
#1993 = LINE('',#1994,#1995);
#1994 = CARTESIAN_POINT('',(0.78,0.4,2.E-17));
#1995 = VECTOR('',#1996,1.);
#1996 = DIRECTION('',(-4.4E-16,-1.,1.22E-15));
#1997 = PCURVE('',#1298,#1998);
#1998 = DEFINITIONAL_REPRESENTATION('',(#1999),#2003);
#1999 = LINE('',#2000,#2001);
#2000 = CARTESIAN_POINT('',(0.,0.));
#2001 = VECTOR('',#2002,1.);
#2002 = DIRECTION('',(0.,1.));
#2003 = ( GEOMETRIC_REPRESENTATION_CONTEXT(2) 
PARAMETRIC_REPRESENTATION_CONTEXT() REPRESENTATION_CONTEXT('2D SPACE',''
  ) );
#2004 = PCURVE('',#1326,#2005);
#2005 = DEFINITIONAL_REPRESENTATION('',(#2006),#2010);
#2006 = LINE('',#2007,#2008);
#2007 = CARTESIAN_POINT('',(5.196980586188E-16,0.298));
#2008 = VECTOR('',#2009,1.);
#2009 = DIRECTION('',(1.,-8.8E-16));
#2010 = ( GEOMETRIC_REPRESENTATION_CONTEXT(2) 
PARAMETRIC_REPRESENTATION_CONTEXT() REPRESENTATION_CONTEXT('2D SPACE',''
  ) );
#2011 = ADVANCED_FACE('',(#2012),#1410,.F.);
#2012 = FACE_BOUND('',#2013,.F.);
#2013 = EDGE_LOOP('',(#2014,#2037,#2058,#2059));
#2014 = ORIENTED_EDGE('',*,*,#2015,.F.);
#2015 = EDGE_CURVE('',#2016,#1820,#2018,.T.);
#2016 = VERTEX_POINT('',#2017);
#2017 = CARTESIAN_POINT('',(0.765,-0.4,3.5E-02));
#2018 = SURFACE_CURVE('',#2019,(#2023,#2030),.PCURVE_S1.);
#2019 = LINE('',#2020,#2021);
#2020 = CARTESIAN_POINT('',(0.765,-0.4,1.7E-02));
#2021 = VECTOR('',#2022,1.);
#2022 = DIRECTION('',(-1.E-15,-5.6E-16,1.));
#2023 = PCURVE('',#1410,#2024);
#2024 = DEFINITIONAL_REPRESENTATION('',(#2025),#2029);
#2025 = LINE('',#2026,#2027);
#2026 = CARTESIAN_POINT('',(0.,0.));
#2027 = VECTOR('',#2028,1.);
#2028 = DIRECTION('',(-8.9E-16,1.));
#2029 = ( GEOMETRIC_REPRESENTATION_CONTEXT(2) 
PARAMETRIC_REPRESENTATION_CONTEXT() REPRESENTATION_CONTEXT('2D SPACE',''
  ) );
#2030 = PCURVE('',#1631,#2031);
#2031 = DEFINITIONAL_REPRESENTATION('',(#2032),#2036);
#2032 = LINE('',#2033,#2034);
#2033 = CARTESIAN_POINT('',(0.1974175,6.74815E-02));
#2034 = VECTOR('',#2035,1.);
#2035 = DIRECTION('',(-1.,-2.2E-16));
#2036 = ( GEOMETRIC_REPRESENTATION_CONTEXT(2) 
PARAMETRIC_REPRESENTATION_CONTEXT() REPRESENTATION_CONTEXT('2D SPACE',''
  ) );
#2037 = ORIENTED_EDGE('',*,*,#2038,.F.);
#2038 = EDGE_CURVE('',#1367,#2016,#2039,.T.);
#2039 = SURFACE_CURVE('',#2040,(#2044,#2051),.PCURVE_S1.);
#2040 = LINE('',#2041,#2042);
#2041 = CARTESIAN_POINT('',(0.765,-0.4,3.5E-02));
#2042 = VECTOR('',#2043,1.);
#2043 = DIRECTION('',(2.2E-16,-1.,1.E-15));
#2044 = PCURVE('',#1410,#2045);
#2045 = DEFINITIONAL_REPRESENTATION('',(#2046),#2050);
#2046 = LINE('',#2047,#2048);
#2047 = CARTESIAN_POINT('',(-6.145115123126E-17,1.8E-02));
#2048 = VECTOR('',#2049,1.);
#2049 = DIRECTION('',(-1.,6.7E-16));
#2050 = ( GEOMETRIC_REPRESENTATION_CONTEXT(2) 
PARAMETRIC_REPRESENTATION_CONTEXT() REPRESENTATION_CONTEXT('2D SPACE',''
  ) );
#2051 = PCURVE('',#1382,#2052);
#2052 = DEFINITIONAL_REPRESENTATION('',(#2053),#2057);
#2053 = LINE('',#2054,#2055);
#2054 = CARTESIAN_POINT('',(-2.910534536938E-16,0.283));
#2055 = VECTOR('',#2056,1.);
#2056 = DIRECTION('',(-1.,-2.2E-16));
#2057 = ( GEOMETRIC_REPRESENTATION_CONTEXT(2) 
PARAMETRIC_REPRESENTATION_CONTEXT() REPRESENTATION_CONTEXT('2D SPACE',''
  ) );
#2058 = ORIENTED_EDGE('',*,*,#1394,.T.);
#2059 = ORIENTED_EDGE('',*,*,#1819,.T.);
#2060 = ADVANCED_FACE('',(#2061),#1326,.F.);
#2061 = FACE_BOUND('',#2062,.F.);
#2062 = EDGE_LOOP('',(#2063,#2064,#2087,#2108));
#2063 = ORIENTED_EDGE('',*,*,#1310,.F.);
#2064 = ORIENTED_EDGE('',*,*,#2065,.T.);
#2065 = EDGE_CURVE('',#1311,#2066,#2068,.T.);
#2066 = VERTEX_POINT('',#2067);
#2067 = CARTESIAN_POINT('',(0.482,-0.4,1.E-15));
#2068 = SURFACE_CURVE('',#2069,(#2073,#2080),.PCURVE_S1.);
#2069 = LINE('',#2070,#2071);
#2070 = CARTESIAN_POINT('',(0.482,0.4,-3.4E-16));
#2071 = VECTOR('',#2072,1.);
#2072 = DIRECTION('',(4.4E-16,-1.,1.E-15));
#2073 = PCURVE('',#1326,#2074);
#2074 = DEFINITIONAL_REPRESENTATION('',(#2075),#2079);
#2075 = LINE('',#2076,#2077);
#2076 = CARTESIAN_POINT('',(0.,0.));
#2077 = VECTOR('',#2078,1.);
#2078 = DIRECTION('',(1.,-1.280761315263E-32));
#2079 = ( GEOMETRIC_REPRESENTATION_CONTEXT(2) 
PARAMETRIC_REPRESENTATION_CONTEXT() REPRESENTATION_CONTEXT('2D SPACE',''
  ) );
#2080 = PCURVE('',#1354,#2081);
#2081 = DEFINITIONAL_REPRESENTATION('',(#2082),#2086);
#2082 = LINE('',#2083,#2084);
#2083 = CARTESIAN_POINT('',(1.75E-02,-0.4));
#2084 = VECTOR('',#2085,1.);
#2085 = DIRECTION('',(-1.33E-15,1.));
#2086 = ( GEOMETRIC_REPRESENTATION_CONTEXT(2) 
PARAMETRIC_REPRESENTATION_CONTEXT() REPRESENTATION_CONTEXT('2D SPACE',''
  ) );
#2087 = ORIENTED_EDGE('',*,*,#2088,.T.);
#2088 = EDGE_CURVE('',#2066,#1968,#2089,.T.);
#2089 = SURFACE_CURVE('',#2090,(#2094,#2101),.PCURVE_S1.);
#2090 = LINE('',#2091,#2092);
#2091 = CARTESIAN_POINT('',(0.482,-0.4,4.5E-16));
#2092 = VECTOR('',#2093,1.);
#2093 = DIRECTION('',(1.,-4.4E-16,-1.1E-16));
#2094 = PCURVE('',#1326,#2095);
#2095 = DEFINITIONAL_REPRESENTATION('',(#2096),#2100);
#2096 = LINE('',#2097,#2098);
#2097 = CARTESIAN_POINT('',(0.8,3.65780586188E-17));
#2098 = VECTOR('',#2099,1.);
#2099 = DIRECTION('',(8.8E-16,1.));
#2100 = ( GEOMETRIC_REPRESENTATION_CONTEXT(2) 
PARAMETRIC_REPRESENTATION_CONTEXT() REPRESENTATION_CONTEXT('2D SPACE',''
  ) );
#2101 = PCURVE('',#1631,#2102);
#2102 = DEFINITIONAL_REPRESENTATION('',(#2103),#2107);
#2103 = LINE('',#2104,#2105);
#2104 = CARTESIAN_POINT('',(0.2144175,-0.2155185));
#2105 = VECTOR('',#2106,1.);
#2106 = DIRECTION('',(8.9E-16,1.));
#2107 = ( GEOMETRIC_REPRESENTATION_CONTEXT(2) 
PARAMETRIC_REPRESENTATION_CONTEXT() REPRESENTATION_CONTEXT('2D SPACE',''
  ) );
#2108 = ORIENTED_EDGE('',*,*,#1991,.F.);
#2109 = ADVANCED_FACE('',(#2110),#1382,.F.);
#2110 = FACE_BOUND('',#2111,.F.);
#2111 = EDGE_LOOP('',(#2112,#2135,#2156,#2157));
#2112 = ORIENTED_EDGE('',*,*,#2113,.F.);
#2113 = EDGE_CURVE('',#2114,#2016,#2116,.T.);
#2114 = VERTEX_POINT('',#2115);
#2115 = CARTESIAN_POINT('',(0.482,-0.4,3.5E-02));
#2116 = SURFACE_CURVE('',#2117,(#2121,#2128),.PCURVE_S1.);
#2117 = LINE('',#2118,#2119);
#2118 = CARTESIAN_POINT('',(0.482,-0.4,3.5E-02));
#2119 = VECTOR('',#2120,1.);
#2120 = DIRECTION('',(1.,-4.4E-16,-1.1E-16));
#2121 = PCURVE('',#1382,#2122);
#2122 = DEFINITIONAL_REPRESENTATION('',(#2123),#2127);
#2123 = LINE('',#2124,#2125);
#2124 = CARTESIAN_POINT('',(0.,0.));
#2125 = VECTOR('',#2126,1.);
#2126 = DIRECTION('',(-8.8E-16,1.));
#2127 = ( GEOMETRIC_REPRESENTATION_CONTEXT(2) 
PARAMETRIC_REPRESENTATION_CONTEXT() REPRESENTATION_CONTEXT('2D SPACE',''
  ) );
#2128 = PCURVE('',#1631,#2129);
#2129 = DEFINITIONAL_REPRESENTATION('',(#2130),#2134);
#2130 = LINE('',#2131,#2132);
#2131 = CARTESIAN_POINT('',(0.1794175,-0.2155185));
#2132 = VECTOR('',#2133,1.);
#2133 = DIRECTION('',(8.9E-16,1.));
#2134 = ( GEOMETRIC_REPRESENTATION_CONTEXT(2) 
PARAMETRIC_REPRESENTATION_CONTEXT() REPRESENTATION_CONTEXT('2D SPACE',''
  ) );
#2135 = ORIENTED_EDGE('',*,*,#2136,.T.);
#2136 = EDGE_CURVE('',#2114,#1339,#2137,.T.);
#2137 = SURFACE_CURVE('',#2138,(#2142,#2149),.PCURVE_S1.);
#2138 = LINE('',#2139,#2140);
#2139 = CARTESIAN_POINT('',(0.482,-0.4,3.5E-02));
#2140 = VECTOR('',#2141,1.);
#2141 = DIRECTION('',(-4.4E-16,1.,-1.E-15));
#2142 = PCURVE('',#1382,#2143);
#2143 = DEFINITIONAL_REPRESENTATION('',(#2144),#2148);
#2144 = LINE('',#2145,#2146);
#2145 = CARTESIAN_POINT('',(0.,0.));
#2146 = VECTOR('',#2147,1.);
#2147 = DIRECTION('',(1.,1.280761315263E-32));
#2148 = ( GEOMETRIC_REPRESENTATION_CONTEXT(2) 
PARAMETRIC_REPRESENTATION_CONTEXT() REPRESENTATION_CONTEXT('2D SPACE',''
  ) );
#2149 = PCURVE('',#1354,#2150);
#2150 = DEFINITIONAL_REPRESENTATION('',(#2151),#2155);
#2151 = LINE('',#2152,#2153);
#2152 = CARTESIAN_POINT('',(-1.75E-02,0.4));
#2153 = VECTOR('',#2154,1.);
#2154 = DIRECTION('',(1.33E-15,-1.));
#2155 = ( GEOMETRIC_REPRESENTATION_CONTEXT(2) 
PARAMETRIC_REPRESENTATION_CONTEXT() REPRESENTATION_CONTEXT('2D SPACE',''
  ) );
#2156 = ORIENTED_EDGE('',*,*,#1366,.T.);
#2157 = ORIENTED_EDGE('',*,*,#2038,.T.);
#2158 = ADVANCED_FACE('',(#2159),#1354,.T.);
#2159 = FACE_BOUND('',#2160,.T.);
#2160 = EDGE_LOOP('',(#2161,#2162,#2163,#2164));
#2161 = ORIENTED_EDGE('',*,*,#2136,.T.);
#2162 = ORIENTED_EDGE('',*,*,#1338,.T.);
#2163 = ORIENTED_EDGE('',*,*,#2065,.T.);
#2164 = ORIENTED_EDGE('',*,*,#2165,.T.);
#2165 = EDGE_CURVE('',#2066,#2114,#2166,.T.);
#2166 = SURFACE_CURVE('',#2167,(#2171,#2178),.PCURVE_S1.);
#2167 = LINE('',#2168,#2169);
#2168 = CARTESIAN_POINT('',(0.482,-0.4,4.5E-16));
#2169 = VECTOR('',#2170,1.);
#2170 = DIRECTION('',(-1.22E-15,-1.1E-16,1.));
#2171 = PCURVE('',#1354,#2172);
#2172 = DEFINITIONAL_REPRESENTATION('',(#2173),#2177);
#2173 = LINE('',#2174,#2175);
#2174 = CARTESIAN_POINT('',(1.75E-02,0.4));
#2175 = VECTOR('',#2176,1.);
#2176 = DIRECTION('',(-1.,-2.2E-16));
#2177 = ( GEOMETRIC_REPRESENTATION_CONTEXT(2) 
PARAMETRIC_REPRESENTATION_CONTEXT() REPRESENTATION_CONTEXT('2D SPACE',''
  ) );
#2178 = PCURVE('',#1631,#2179);
#2179 = DEFINITIONAL_REPRESENTATION('',(#2180),#2184);
#2180 = LINE('',#2181,#2182);
#2181 = CARTESIAN_POINT('',(0.2144175,-0.2155185));
#2182 = VECTOR('',#2183,1.);
#2183 = DIRECTION('',(-1.,-4.4E-16));
#2184 = ( GEOMETRIC_REPRESENTATION_CONTEXT(2) 
PARAMETRIC_REPRESENTATION_CONTEXT() REPRESENTATION_CONTEXT('2D SPACE',''
  ) );
#2185 = ADVANCED_FACE('',(#2186),#1631,.T.);
#2186 = FACE_BOUND('',#2187,.T.);
#2187 = EDGE_LOOP('',(#2188,#2189,#2190,#2191,#2192,#2193,#2214,#2215,
    #2216,#2217));
#2188 = ORIENTED_EDGE('',*,*,#2088,.T.);
#2189 = ORIENTED_EDGE('',*,*,#1967,.T.);
#2190 = ORIENTED_EDGE('',*,*,#1794,.T.);
#2191 = ORIENTED_EDGE('',*,*,#1691,.F.);
#2192 = ORIENTED_EDGE('',*,*,#1615,.T.);
#2193 = ORIENTED_EDGE('',*,*,#2194,.T.);
#2194 = EDGE_CURVE('',#1588,#1843,#2195,.T.);
#2195 = SURFACE_CURVE('',#2196,(#2200,#2207),.PCURVE_S1.);
#2196 = LINE('',#2197,#2198);
#2197 = CARTESIAN_POINT('',(0.533,-0.4,0.45));
#2198 = VECTOR('',#2199,1.);
#2199 = DIRECTION('',(1.22E-15,6.8E-16,-1.));
#2200 = PCURVE('',#1631,#2201);
#2201 = DEFINITIONAL_REPRESENTATION('',(#2202),#2206);
#2202 = LINE('',#2203,#2204);
#2203 = CARTESIAN_POINT('',(-0.2355825,-0.1645185));
#2204 = VECTOR('',#2205,1.);
#2205 = DIRECTION('',(1.,4.4E-16));
#2206 = ( GEOMETRIC_REPRESENTATION_CONTEXT(2) 
PARAMETRIC_REPRESENTATION_CONTEXT() REPRESENTATION_CONTEXT('2D SPACE',''
  ) );
#2207 = PCURVE('',#1603,#2208);
#2208 = DEFINITIONAL_REPRESENTATION('',(#2209),#2213);
#2209 = LINE('',#2210,#2211);
#2210 = CARTESIAN_POINT('',(1.75E-02,0.4));
#2211 = VECTOR('',#2212,1.);
#2212 = DIRECTION('',(-1.,-3.5E-16));
#2213 = ( GEOMETRIC_REPRESENTATION_CONTEXT(2) 
PARAMETRIC_REPRESENTATION_CONTEXT() REPRESENTATION_CONTEXT('2D SPACE',''
  ) );
#2214 = ORIENTED_EDGE('',*,*,#1842,.F.);
#2215 = ORIENTED_EDGE('',*,*,#2015,.F.);
#2216 = ORIENTED_EDGE('',*,*,#2113,.F.);
#2217 = ORIENTED_EDGE('',*,*,#2165,.F.);
#2218 = ADVANCED_FACE('',(#2219),#1519,.T.);
#2219 = FACE_BOUND('',#2220,.T.);
#2220 = EDGE_LOOP('',(#2221,#2222,#2223,#2246,#2267));
#2221 = ORIENTED_EDGE('',*,*,#1721,.F.);
#2222 = ORIENTED_EDGE('',*,*,#1939,.T.);
#2223 = ORIENTED_EDGE('',*,*,#2224,.T.);
#2224 = EDGE_CURVE('',#1912,#2225,#2227,.T.);
#2225 = VERTEX_POINT('',#2226);
#2226 = CARTESIAN_POINT('',(0.493,0.3,0.449133974596));
#2227 = SURFACE_CURVE('',#2228,(#2232,#2239),.PCURVE_S1.);
#2228 = LINE('',#2229,#2230);
#2229 = CARTESIAN_POINT('',(0.512707259422,0.3,0.415));
#2230 = VECTOR('',#2231,1.);
#2231 = DIRECTION('',(-0.5,1.E-17,0.866025403784));
#2232 = PCURVE('',#1519,#2233);
#2233 = DEFINITIONAL_REPRESENTATION('',(#2234),#2238);
#2234 = LINE('',#2235,#2236);
#2235 = CARTESIAN_POINT('',(-1.639674725856E-15,-2.029274057836E-02));
#2236 = VECTOR('',#2237,1.);
#2237 = DIRECTION('',(0.866025403784,-0.5));
#2238 = ( GEOMETRIC_REPRESENTATION_CONTEXT(2) 
PARAMETRIC_REPRESENTATION_CONTEXT() REPRESENTATION_CONTEXT('2D SPACE',''
  ) );
#2239 = PCURVE('',#1927,#2240);
#2240 = DEFINITIONAL_REPRESENTATION('',(#2241),#2245);
#2241 = LINE('',#2242,#2243);
#2242 = CARTESIAN_POINT('',(0.,0.));
#2243 = VECTOR('',#2244,1.);
#2244 = DIRECTION('',(1.,-1.232595164408E-32));
#2245 = ( GEOMETRIC_REPRESENTATION_CONTEXT(2) 
PARAMETRIC_REPRESENTATION_CONTEXT() REPRESENTATION_CONTEXT('2D SPACE',''
  ) );
#2246 = ORIENTED_EDGE('',*,*,#2247,.T.);
#2247 = EDGE_CURVE('',#2225,#1504,#2248,.T.);
#2248 = SURFACE_CURVE('',#2249,(#2253,#2260),.PCURVE_S1.);
#2249 = LINE('',#2250,#2251);
#2250 = CARTESIAN_POINT('',(0.493,0.3,0.415));
#2251 = VECTOR('',#2252,1.);
#2252 = DIRECTION('',(-3.89E-15,-5.5E-16,1.));
#2253 = PCURVE('',#1519,#2254);
#2254 = DEFINITIONAL_REPRESENTATION('',(#2255),#2259);
#2255 = LINE('',#2256,#2257);
#2256 = CARTESIAN_POINT('',(1.6E-16,-4.E-02));
#2257 = VECTOR('',#2258,1.);
#2258 = DIRECTION('',(1.,1.1E-16));
#2259 = ( GEOMETRIC_REPRESENTATION_CONTEXT(2) 
PARAMETRIC_REPRESENTATION_CONTEXT() REPRESENTATION_CONTEXT('2D SPACE',''
  ) );
#2260 = PCURVE('',#1547,#2261);
#2261 = DEFINITIONAL_REPRESENTATION('',(#2262),#2266);
#2262 = LINE('',#2263,#2264);
#2263 = CARTESIAN_POINT('',(-1.75E-02,-0.3));
#2264 = VECTOR('',#2265,1.);
#2265 = DIRECTION('',(1.,2.2E-16));
#2266 = ( GEOMETRIC_REPRESENTATION_CONTEXT(2) 
PARAMETRIC_REPRESENTATION_CONTEXT() REPRESENTATION_CONTEXT('2D SPACE',''
  ) );
#2267 = ORIENTED_EDGE('',*,*,#1503,.F.);
#2268 = ADVANCED_FACE('',(#2269),#1603,.F.);
#2269 = FACE_BOUND('',#2270,.F.);
#2270 = EDGE_LOOP('',(#2271,#2272,#2273,#2294));
#2271 = ORIENTED_EDGE('',*,*,#2194,.T.);
#2272 = ORIENTED_EDGE('',*,*,#1865,.T.);
#2273 = ORIENTED_EDGE('',*,*,#2274,.F.);
#2274 = EDGE_CURVE('',#1560,#1866,#2275,.T.);
#2275 = SURFACE_CURVE('',#2276,(#2280,#2287),.PCURVE_S1.);
#2276 = LINE('',#2277,#2278);
#2277 = CARTESIAN_POINT('',(0.533,-0.3,0.45));
#2278 = VECTOR('',#2279,1.);
#2279 = DIRECTION('',(3.89E-15,5.5E-16,-1.));
#2280 = PCURVE('',#1603,#2281);
#2281 = DEFINITIONAL_REPRESENTATION('',(#2282),#2286);
#2282 = LINE('',#2283,#2284);
#2283 = CARTESIAN_POINT('',(1.75E-02,0.3));
#2284 = VECTOR('',#2285,1.);
#2285 = DIRECTION('',(-1.,-2.2E-16));
#2286 = ( GEOMETRIC_REPRESENTATION_CONTEXT(2) 
PARAMETRIC_REPRESENTATION_CONTEXT() REPRESENTATION_CONTEXT('2D SPACE',''
  ) );
#2287 = PCURVE('',#1575,#2288);
#2288 = DEFINITIONAL_REPRESENTATION('',(#2289),#2293);
#2289 = LINE('',#2290,#2291);
#2290 = CARTESIAN_POINT('',(1.665334536938E-16,5.551115123126E-16));
#2291 = VECTOR('',#2292,1.);
#2292 = DIRECTION('',(1.,-1.1E-16));
#2293 = ( GEOMETRIC_REPRESENTATION_CONTEXT(2) 
PARAMETRIC_REPRESENTATION_CONTEXT() REPRESENTATION_CONTEXT('2D SPACE',''
  ) );
#2294 = ORIENTED_EDGE('',*,*,#1587,.T.);
#2295 = ADVANCED_FACE('',(#2296),#1547,.F.);
#2296 = FACE_BOUND('',#2297,.F.);
#2297 = EDGE_LOOP('',(#2298,#2299,#2300,#2323));
#2298 = ORIENTED_EDGE('',*,*,#2247,.T.);
#2299 = ORIENTED_EDGE('',*,*,#1531,.T.);
#2300 = ORIENTED_EDGE('',*,*,#2301,.T.);
#2301 = EDGE_CURVE('',#1532,#2302,#2304,.T.);
#2302 = VERTEX_POINT('',#2303);
#2303 = CARTESIAN_POINT('',(0.493,-0.3,0.449133974596));
#2304 = SURFACE_CURVE('',#2305,(#2309,#2316),.PCURVE_S1.);
#2305 = LINE('',#2306,#2307);
#2306 = CARTESIAN_POINT('',(0.493,-0.3,0.45));
#2307 = VECTOR('',#2308,1.);
#2308 = DIRECTION('',(3.89E-15,5.5E-16,-1.));
#2309 = PCURVE('',#1547,#2310);
#2310 = DEFINITIONAL_REPRESENTATION('',(#2311),#2315);
#2311 = LINE('',#2312,#2313);
#2312 = CARTESIAN_POINT('',(1.75E-02,0.3));
#2313 = VECTOR('',#2314,1.);
#2314 = DIRECTION('',(-1.,-2.2E-16));
#2315 = ( GEOMETRIC_REPRESENTATION_CONTEXT(2) 
PARAMETRIC_REPRESENTATION_CONTEXT() REPRESENTATION_CONTEXT('2D SPACE',''
  ) );
#2316 = PCURVE('',#1575,#2317);
#2317 = DEFINITIONAL_REPRESENTATION('',(#2318),#2322);
#2318 = LINE('',#2319,#2320);
#2319 = CARTESIAN_POINT('',(1.175557561563E-16,-4.E-02));
#2320 = VECTOR('',#2321,1.);
#2321 = DIRECTION('',(1.,-1.1E-16));
#2322 = ( GEOMETRIC_REPRESENTATION_CONTEXT(2) 
PARAMETRIC_REPRESENTATION_CONTEXT() REPRESENTATION_CONTEXT('2D SPACE',''
  ) );
#2323 = ORIENTED_EDGE('',*,*,#2324,.F.);
#2324 = EDGE_CURVE('',#2225,#2302,#2325,.T.);
#2325 = SURFACE_CURVE('',#2326,(#2330,#2337),.PCURVE_S1.);
#2326 = LINE('',#2327,#2328);
#2327 = CARTESIAN_POINT('',(0.493,0.15,0.449133974596));
#2328 = VECTOR('',#2329,1.);
#2329 = DIRECTION('',(-6.3E-16,-1.,1.26E-15));
#2330 = PCURVE('',#1547,#2331);
#2331 = DEFINITIONAL_REPRESENTATION('',(#2332),#2336);
#2332 = LINE('',#2333,#2334);
#2333 = CARTESIAN_POINT('',(1.663397459621E-02,-0.15));
#2334 = VECTOR('',#2335,1.);
#2335 = DIRECTION('',(1.59E-15,1.));
#2336 = ( GEOMETRIC_REPRESENTATION_CONTEXT(2) 
PARAMETRIC_REPRESENTATION_CONTEXT() REPRESENTATION_CONTEXT('2D SPACE',''
  ) );
#2337 = PCURVE('',#1927,#2338);
#2338 = DEFINITIONAL_REPRESENTATION('',(#2339),#2343);
#2339 = LINE('',#2340,#2341);
#2340 = CARTESIAN_POINT('',(3.941451884327E-02,0.15));
#2341 = VECTOR('',#2342,1.);
#2342 = DIRECTION('',(1.396192008768E-15,1.));
#2343 = ( GEOMETRIC_REPRESENTATION_CONTEXT(2) 
PARAMETRIC_REPRESENTATION_CONTEXT() REPRESENTATION_CONTEXT('2D SPACE',''
  ) );
#2344 = ADVANCED_FACE('',(#2345),#1575,.T.);
#2345 = FACE_BOUND('',#2346,.T.);
#2346 = EDGE_LOOP('',(#2347,#2348,#2349,#2350,#2371));
#2347 = ORIENTED_EDGE('',*,*,#2274,.F.);
#2348 = ORIENTED_EDGE('',*,*,#1559,.T.);
#2349 = ORIENTED_EDGE('',*,*,#2301,.T.);
#2350 = ORIENTED_EDGE('',*,*,#2351,.F.);
#2351 = EDGE_CURVE('',#1889,#2302,#2352,.T.);
#2352 = SURFACE_CURVE('',#2353,(#2357,#2364),.PCURVE_S1.);
#2353 = LINE('',#2354,#2355);
#2354 = CARTESIAN_POINT('',(0.512707259422,-0.3,0.415));
#2355 = VECTOR('',#2356,1.);
#2356 = DIRECTION('',(-0.5,1.E-17,0.866025403784));
#2357 = PCURVE('',#1575,#2358);
#2358 = DEFINITIONAL_REPRESENTATION('',(#2359),#2363);
#2359 = LINE('',#2360,#2361);
#2360 = CARTESIAN_POINT('',(3.5E-02,-2.029274057836E-02));
#2361 = VECTOR('',#2362,1.);
#2362 = DIRECTION('',(-0.866025403784,-0.5));
#2363 = ( GEOMETRIC_REPRESENTATION_CONTEXT(2) 
PARAMETRIC_REPRESENTATION_CONTEXT() REPRESENTATION_CONTEXT('2D SPACE',''
  ) );
#2364 = PCURVE('',#1927,#2365);
#2365 = DEFINITIONAL_REPRESENTATION('',(#2366),#2370);
#2366 = LINE('',#2367,#2368);
#2367 = CARTESIAN_POINT('',(4.415407725796E-16,0.6));
#2368 = VECTOR('',#2369,1.);
#2369 = DIRECTION('',(1.,-1.232595164408E-32));
#2370 = ( GEOMETRIC_REPRESENTATION_CONTEXT(2) 
PARAMETRIC_REPRESENTATION_CONTEXT() REPRESENTATION_CONTEXT('2D SPACE',''
  ) );
#2371 = ORIENTED_EDGE('',*,*,#1888,.F.);
#2372 = ADVANCED_FACE('',(#2373),#1927,.F.);
#2373 = FACE_BOUND('',#2374,.F.);
#2374 = EDGE_LOOP('',(#2375,#2376,#2377,#2378));
#2375 = ORIENTED_EDGE('',*,*,#1911,.F.);
#2376 = ORIENTED_EDGE('',*,*,#2224,.T.);
#2377 = ORIENTED_EDGE('',*,*,#2324,.T.);
#2378 = ORIENTED_EDGE('',*,*,#2351,.F.);
#2379 = ( GEOMETRIC_REPRESENTATION_CONTEXT(3) 
GLOBAL_UNCERTAINTY_ASSIGNED_CONTEXT((#2383)) 
GLOBAL_UNIT_ASSIGNED_CONTEXT((#2380,#2381,#2382)) REPRESENTATION_CONTEXT
('Context #1','3D Context with UNIT and UNCERTAINTY') );
#2380 = ( LENGTH_UNIT() NAMED_UNIT(*) SI_UNIT(.MILLI.,.METRE.) );
#2381 = ( NAMED_UNIT(*) PLANE_ANGLE_UNIT() SI_UNIT($,.RADIAN.) );
#2382 = ( NAMED_UNIT(*) SI_UNIT($,.STERADIAN.) SOLID_ANGLE_UNIT() );
#2383 = UNCERTAINTY_MEASURE_WITH_UNIT(LENGTH_MEASURE(1.E-07),#2380,
  'distance_accuracy_value','confusion accuracy');
#2384 = SHAPE_DEFINITION_REPRESENTATION(#2385,#1178);
#2385 = PRODUCT_DEFINITION_SHAPE('','',#2386);
#2386 = PRODUCT_DEFINITION('design','',#2387,#2390);
#2387 = PRODUCT_DEFINITION_FORMATION('','',#2388);
#2388 = PRODUCT('Pin2Body','Pin2Body','',(#2389));
#2389 = PRODUCT_CONTEXT('',#2,'mechanical');
#2390 = PRODUCT_DEFINITION_CONTEXT('part definition',#2,'design');
#2391 = CONTEXT_DEPENDENT_SHAPE_REPRESENTATION(#2392,#2394);
#2392 = ( REPRESENTATION_RELATIONSHIP('','',#1178,#10) 
REPRESENTATION_RELATIONSHIP_WITH_TRANSFORMATION(#2393) 
SHAPE_REPRESENTATION_RELATIONSHIP() );
#2393 = ITEM_DEFINED_TRANSFORMATION('','',#11,#19);
#2394 = PRODUCT_DEFINITION_SHAPE('Placement','Placement of an item',
  #2395);
#2395 = NEXT_ASSEMBLY_USAGE_OCCURRENCE('2','Pin2Body','',#5,#2386,$);
#2396 = PRODUCT_RELATED_PRODUCT_CATEGORY('part',$,(#2388));
#2397 = ADVANCED_BREP_SHAPE_REPRESENTATION('',(#11,#2398),#2728);
#2398 = MANIFOLD_SOLID_BREP('',#2399);
#2399 = CLOSED_SHELL('',(#2400,#2520,#2596,#2667,#2714,#2721));
#2400 = ADVANCED_FACE('',(#2401),#2415,.T.);
#2401 = FACE_BOUND('',#2402,.T.);
#2402 = EDGE_LOOP('',(#2403,#2438,#2466,#2494));
#2403 = ORIENTED_EDGE('',*,*,#2404,.T.);
#2404 = EDGE_CURVE('',#2405,#2407,#2409,.T.);
#2405 = VERTEX_POINT('',#2406);
#2406 = CARTESIAN_POINT('',(-0.765,0.4,3.5E-02));
#2407 = VERTEX_POINT('',#2408);
#2408 = CARTESIAN_POINT('',(-0.765,0.4,0.415));
#2409 = SURFACE_CURVE('',#2410,(#2414,#2426),.PCURVE_S1.);
#2410 = LINE('',#2411,#2412);
#2411 = CARTESIAN_POINT('',(-0.765,0.4,3.5E-02));
#2412 = VECTOR('',#2413,1.);
#2413 = DIRECTION('',(0.,0.,1.));
#2414 = PCURVE('',#2415,#2420);
#2415 = PLANE('',#2416);
#2416 = AXIS2_PLACEMENT_3D('',#2417,#2418,#2419);
#2417 = CARTESIAN_POINT('',(-0.765,0.4,3.5E-02));
#2418 = DIRECTION('',(0.,1.,0.));
#2419 = DIRECTION('',(1.,0.,0.));
#2420 = DEFINITIONAL_REPRESENTATION('',(#2421),#2425);
#2421 = LINE('',#2422,#2423);
#2422 = CARTESIAN_POINT('',(0.,0.));
#2423 = VECTOR('',#2424,1.);
#2424 = DIRECTION('',(0.,-1.));
#2425 = ( GEOMETRIC_REPRESENTATION_CONTEXT(2) 
PARAMETRIC_REPRESENTATION_CONTEXT() REPRESENTATION_CONTEXT('2D SPACE',''
  ) );
#2426 = PCURVE('',#2427,#2432);
#2427 = PLANE('',#2428);
#2428 = AXIS2_PLACEMENT_3D('',#2429,#2430,#2431);
#2429 = CARTESIAN_POINT('',(-0.765,-0.4,3.5E-02));
#2430 = DIRECTION('',(-1.,0.,0.));
#2431 = DIRECTION('',(0.,1.,0.));
#2432 = DEFINITIONAL_REPRESENTATION('',(#2433),#2437);
#2433 = LINE('',#2434,#2435);
#2434 = CARTESIAN_POINT('',(0.8,0.));
#2435 = VECTOR('',#2436,1.);
#2436 = DIRECTION('',(0.,-1.));
#2437 = ( GEOMETRIC_REPRESENTATION_CONTEXT(2) 
PARAMETRIC_REPRESENTATION_CONTEXT() REPRESENTATION_CONTEXT('2D SPACE',''
  ) );
#2438 = ORIENTED_EDGE('',*,*,#2439,.T.);
#2439 = EDGE_CURVE('',#2407,#2440,#2442,.T.);
#2440 = VERTEX_POINT('',#2441);
#2441 = CARTESIAN_POINT('',(0.765,0.4,0.415));
#2442 = SURFACE_CURVE('',#2443,(#2447,#2454),.PCURVE_S1.);
#2443 = LINE('',#2444,#2445);
#2444 = CARTESIAN_POINT('',(-0.765,0.4,0.415));
#2445 = VECTOR('',#2446,1.);
#2446 = DIRECTION('',(1.,0.,0.));
#2447 = PCURVE('',#2415,#2448);
#2448 = DEFINITIONAL_REPRESENTATION('',(#2449),#2453);
#2449 = LINE('',#2450,#2451);
#2450 = CARTESIAN_POINT('',(0.,-0.38));
#2451 = VECTOR('',#2452,1.);
#2452 = DIRECTION('',(1.,0.));
#2453 = ( GEOMETRIC_REPRESENTATION_CONTEXT(2) 
PARAMETRIC_REPRESENTATION_CONTEXT() REPRESENTATION_CONTEXT('2D SPACE',''
  ) );
#2454 = PCURVE('',#2455,#2460);
#2455 = PLANE('',#2456);
#2456 = AXIS2_PLACEMENT_3D('',#2457,#2458,#2459);
#2457 = CARTESIAN_POINT('',(-2.E-17,0.,0.415));
#2458 = DIRECTION('',(-0.,-0.,-1.));
#2459 = DIRECTION('',(-1.,0.,0.));
#2460 = DEFINITIONAL_REPRESENTATION('',(#2461),#2465);
#2461 = LINE('',#2462,#2463);
#2462 = CARTESIAN_POINT('',(0.765,0.4));
#2463 = VECTOR('',#2464,1.);
#2464 = DIRECTION('',(-1.,0.));
#2465 = ( GEOMETRIC_REPRESENTATION_CONTEXT(2) 
PARAMETRIC_REPRESENTATION_CONTEXT() REPRESENTATION_CONTEXT('2D SPACE',''
  ) );
#2466 = ORIENTED_EDGE('',*,*,#2467,.F.);
#2467 = EDGE_CURVE('',#2468,#2440,#2470,.T.);
#2468 = VERTEX_POINT('',#2469);
#2469 = CARTESIAN_POINT('',(0.765,0.4,3.5E-02));
#2470 = SURFACE_CURVE('',#2471,(#2475,#2482),.PCURVE_S1.);
#2471 = LINE('',#2472,#2473);
#2472 = CARTESIAN_POINT('',(0.765,0.4,3.5E-02));
#2473 = VECTOR('',#2474,1.);
#2474 = DIRECTION('',(0.,0.,1.));
#2475 = PCURVE('',#2415,#2476);
#2476 = DEFINITIONAL_REPRESENTATION('',(#2477),#2481);
#2477 = LINE('',#2478,#2479);
#2478 = CARTESIAN_POINT('',(1.53,0.));
#2479 = VECTOR('',#2480,1.);
#2480 = DIRECTION('',(0.,-1.));
#2481 = ( GEOMETRIC_REPRESENTATION_CONTEXT(2) 
PARAMETRIC_REPRESENTATION_CONTEXT() REPRESENTATION_CONTEXT('2D SPACE',''
  ) );
#2482 = PCURVE('',#2483,#2488);
#2483 = PLANE('',#2484);
#2484 = AXIS2_PLACEMENT_3D('',#2485,#2486,#2487);
#2485 = CARTESIAN_POINT('',(0.765,0.4,3.5E-02));
#2486 = DIRECTION('',(1.,0.,0.));
#2487 = DIRECTION('',(0.,-1.,0.));
#2488 = DEFINITIONAL_REPRESENTATION('',(#2489),#2493);
#2489 = LINE('',#2490,#2491);
#2490 = CARTESIAN_POINT('',(0.,0.));
#2491 = VECTOR('',#2492,1.);
#2492 = DIRECTION('',(0.,-1.));
#2493 = ( GEOMETRIC_REPRESENTATION_CONTEXT(2) 
PARAMETRIC_REPRESENTATION_CONTEXT() REPRESENTATION_CONTEXT('2D SPACE',''
  ) );
#2494 = ORIENTED_EDGE('',*,*,#2495,.F.);
#2495 = EDGE_CURVE('',#2405,#2468,#2496,.T.);
#2496 = SURFACE_CURVE('',#2497,(#2501,#2508),.PCURVE_S1.);
#2497 = LINE('',#2498,#2499);
#2498 = CARTESIAN_POINT('',(-0.765,0.4,3.5E-02));
#2499 = VECTOR('',#2500,1.);
#2500 = DIRECTION('',(1.,0.,0.));
#2501 = PCURVE('',#2415,#2502);
#2502 = DEFINITIONAL_REPRESENTATION('',(#2503),#2507);
#2503 = LINE('',#2504,#2505);
#2504 = CARTESIAN_POINT('',(0.,0.));
#2505 = VECTOR('',#2506,1.);
#2506 = DIRECTION('',(1.,0.));
#2507 = ( GEOMETRIC_REPRESENTATION_CONTEXT(2) 
PARAMETRIC_REPRESENTATION_CONTEXT() REPRESENTATION_CONTEXT('2D SPACE',''
  ) );
#2508 = PCURVE('',#2509,#2514);
#2509 = PLANE('',#2510);
#2510 = AXIS2_PLACEMENT_3D('',#2511,#2512,#2513);
#2511 = CARTESIAN_POINT('',(-2.E-17,0.,3.5E-02));
#2512 = DIRECTION('',(-0.,-0.,-1.));
#2513 = DIRECTION('',(-1.,0.,0.));
#2514 = DEFINITIONAL_REPRESENTATION('',(#2515),#2519);
#2515 = LINE('',#2516,#2517);
#2516 = CARTESIAN_POINT('',(0.765,0.4));
#2517 = VECTOR('',#2518,1.);
#2518 = DIRECTION('',(-1.,0.));
#2519 = ( GEOMETRIC_REPRESENTATION_CONTEXT(2) 
PARAMETRIC_REPRESENTATION_CONTEXT() REPRESENTATION_CONTEXT('2D SPACE',''
  ) );
#2520 = ADVANCED_FACE('',(#2521),#2483,.T.);
#2521 = FACE_BOUND('',#2522,.T.);
#2522 = EDGE_LOOP('',(#2523,#2524,#2547,#2575));
#2523 = ORIENTED_EDGE('',*,*,#2467,.T.);
#2524 = ORIENTED_EDGE('',*,*,#2525,.T.);
#2525 = EDGE_CURVE('',#2440,#2526,#2528,.T.);
#2526 = VERTEX_POINT('',#2527);
#2527 = CARTESIAN_POINT('',(0.765,-0.4,0.415));
#2528 = SURFACE_CURVE('',#2529,(#2533,#2540),.PCURVE_S1.);
#2529 = LINE('',#2530,#2531);
#2530 = CARTESIAN_POINT('',(0.765,0.4,0.415));
#2531 = VECTOR('',#2532,1.);
#2532 = DIRECTION('',(0.,-1.,0.));
#2533 = PCURVE('',#2483,#2534);
#2534 = DEFINITIONAL_REPRESENTATION('',(#2535),#2539);
#2535 = LINE('',#2536,#2537);
#2536 = CARTESIAN_POINT('',(0.,-0.38));
#2537 = VECTOR('',#2538,1.);
#2538 = DIRECTION('',(1.,0.));
#2539 = ( GEOMETRIC_REPRESENTATION_CONTEXT(2) 
PARAMETRIC_REPRESENTATION_CONTEXT() REPRESENTATION_CONTEXT('2D SPACE',''
  ) );
#2540 = PCURVE('',#2455,#2541);
#2541 = DEFINITIONAL_REPRESENTATION('',(#2542),#2546);
#2542 = LINE('',#2543,#2544);
#2543 = CARTESIAN_POINT('',(-0.765,0.4));
#2544 = VECTOR('',#2545,1.);
#2545 = DIRECTION('',(0.,-1.));
#2546 = ( GEOMETRIC_REPRESENTATION_CONTEXT(2) 
PARAMETRIC_REPRESENTATION_CONTEXT() REPRESENTATION_CONTEXT('2D SPACE',''
  ) );
#2547 = ORIENTED_EDGE('',*,*,#2548,.F.);
#2548 = EDGE_CURVE('',#2549,#2526,#2551,.T.);
#2549 = VERTEX_POINT('',#2550);
#2550 = CARTESIAN_POINT('',(0.765,-0.4,3.5E-02));
#2551 = SURFACE_CURVE('',#2552,(#2556,#2563),.PCURVE_S1.);
#2552 = LINE('',#2553,#2554);
#2553 = CARTESIAN_POINT('',(0.765,-0.4,3.5E-02));
#2554 = VECTOR('',#2555,1.);
#2555 = DIRECTION('',(0.,0.,1.));
#2556 = PCURVE('',#2483,#2557);
#2557 = DEFINITIONAL_REPRESENTATION('',(#2558),#2562);
#2558 = LINE('',#2559,#2560);
#2559 = CARTESIAN_POINT('',(0.8,0.));
#2560 = VECTOR('',#2561,1.);
#2561 = DIRECTION('',(0.,-1.));
#2562 = ( GEOMETRIC_REPRESENTATION_CONTEXT(2) 
PARAMETRIC_REPRESENTATION_CONTEXT() REPRESENTATION_CONTEXT('2D SPACE',''
  ) );
#2563 = PCURVE('',#2564,#2569);
#2564 = PLANE('',#2565);
#2565 = AXIS2_PLACEMENT_3D('',#2566,#2567,#2568);
#2566 = CARTESIAN_POINT('',(0.765,-0.4,3.5E-02));
#2567 = DIRECTION('',(0.,-1.,0.));
#2568 = DIRECTION('',(-1.,0.,0.));
#2569 = DEFINITIONAL_REPRESENTATION('',(#2570),#2574);
#2570 = LINE('',#2571,#2572);
#2571 = CARTESIAN_POINT('',(0.,-0.));
#2572 = VECTOR('',#2573,1.);
#2573 = DIRECTION('',(0.,-1.));
#2574 = ( GEOMETRIC_REPRESENTATION_CONTEXT(2) 
PARAMETRIC_REPRESENTATION_CONTEXT() REPRESENTATION_CONTEXT('2D SPACE',''
  ) );
#2575 = ORIENTED_EDGE('',*,*,#2576,.F.);
#2576 = EDGE_CURVE('',#2468,#2549,#2577,.T.);
#2577 = SURFACE_CURVE('',#2578,(#2582,#2589),.PCURVE_S1.);
#2578 = LINE('',#2579,#2580);
#2579 = CARTESIAN_POINT('',(0.765,0.4,3.5E-02));
#2580 = VECTOR('',#2581,1.);
#2581 = DIRECTION('',(0.,-1.,0.));
#2582 = PCURVE('',#2483,#2583);
#2583 = DEFINITIONAL_REPRESENTATION('',(#2584),#2588);
#2584 = LINE('',#2585,#2586);
#2585 = CARTESIAN_POINT('',(0.,0.));
#2586 = VECTOR('',#2587,1.);
#2587 = DIRECTION('',(1.,0.));
#2588 = ( GEOMETRIC_REPRESENTATION_CONTEXT(2) 
PARAMETRIC_REPRESENTATION_CONTEXT() REPRESENTATION_CONTEXT('2D SPACE',''
  ) );
#2589 = PCURVE('',#2509,#2590);
#2590 = DEFINITIONAL_REPRESENTATION('',(#2591),#2595);
#2591 = LINE('',#2592,#2593);
#2592 = CARTESIAN_POINT('',(-0.765,0.4));
#2593 = VECTOR('',#2594,1.);
#2594 = DIRECTION('',(0.,-1.));
#2595 = ( GEOMETRIC_REPRESENTATION_CONTEXT(2) 
PARAMETRIC_REPRESENTATION_CONTEXT() REPRESENTATION_CONTEXT('2D SPACE',''
  ) );
#2596 = ADVANCED_FACE('',(#2597),#2564,.T.);
#2597 = FACE_BOUND('',#2598,.T.);
#2598 = EDGE_LOOP('',(#2599,#2600,#2623,#2646));
#2599 = ORIENTED_EDGE('',*,*,#2548,.T.);
#2600 = ORIENTED_EDGE('',*,*,#2601,.T.);
#2601 = EDGE_CURVE('',#2526,#2602,#2604,.T.);
#2602 = VERTEX_POINT('',#2603);
#2603 = CARTESIAN_POINT('',(-0.765,-0.4,0.415));
#2604 = SURFACE_CURVE('',#2605,(#2609,#2616),.PCURVE_S1.);
#2605 = LINE('',#2606,#2607);
#2606 = CARTESIAN_POINT('',(0.765,-0.4,0.415));
#2607 = VECTOR('',#2608,1.);
#2608 = DIRECTION('',(-1.,0.,0.));
#2609 = PCURVE('',#2564,#2610);
#2610 = DEFINITIONAL_REPRESENTATION('',(#2611),#2615);
#2611 = LINE('',#2612,#2613);
#2612 = CARTESIAN_POINT('',(0.,-0.38));
#2613 = VECTOR('',#2614,1.);
#2614 = DIRECTION('',(1.,0.));
#2615 = ( GEOMETRIC_REPRESENTATION_CONTEXT(2) 
PARAMETRIC_REPRESENTATION_CONTEXT() REPRESENTATION_CONTEXT('2D SPACE',''
  ) );
#2616 = PCURVE('',#2455,#2617);
#2617 = DEFINITIONAL_REPRESENTATION('',(#2618),#2622);
#2618 = LINE('',#2619,#2620);
#2619 = CARTESIAN_POINT('',(-0.765,-0.4));
#2620 = VECTOR('',#2621,1.);
#2621 = DIRECTION('',(1.,0.));
#2622 = ( GEOMETRIC_REPRESENTATION_CONTEXT(2) 
PARAMETRIC_REPRESENTATION_CONTEXT() REPRESENTATION_CONTEXT('2D SPACE',''
  ) );
#2623 = ORIENTED_EDGE('',*,*,#2624,.F.);
#2624 = EDGE_CURVE('',#2625,#2602,#2627,.T.);
#2625 = VERTEX_POINT('',#2626);
#2626 = CARTESIAN_POINT('',(-0.765,-0.4,3.5E-02));
#2627 = SURFACE_CURVE('',#2628,(#2632,#2639),.PCURVE_S1.);
#2628 = LINE('',#2629,#2630);
#2629 = CARTESIAN_POINT('',(-0.765,-0.4,3.5E-02));
#2630 = VECTOR('',#2631,1.);
#2631 = DIRECTION('',(0.,0.,1.));
#2632 = PCURVE('',#2564,#2633);
#2633 = DEFINITIONAL_REPRESENTATION('',(#2634),#2638);
#2634 = LINE('',#2635,#2636);
#2635 = CARTESIAN_POINT('',(1.53,0.));
#2636 = VECTOR('',#2637,1.);
#2637 = DIRECTION('',(0.,-1.));
#2638 = ( GEOMETRIC_REPRESENTATION_CONTEXT(2) 
PARAMETRIC_REPRESENTATION_CONTEXT() REPRESENTATION_CONTEXT('2D SPACE',''
  ) );
#2639 = PCURVE('',#2427,#2640);
#2640 = DEFINITIONAL_REPRESENTATION('',(#2641),#2645);
#2641 = LINE('',#2642,#2643);
#2642 = CARTESIAN_POINT('',(0.,0.));
#2643 = VECTOR('',#2644,1.);
#2644 = DIRECTION('',(0.,-1.));
#2645 = ( GEOMETRIC_REPRESENTATION_CONTEXT(2) 
PARAMETRIC_REPRESENTATION_CONTEXT() REPRESENTATION_CONTEXT('2D SPACE',''
  ) );
#2646 = ORIENTED_EDGE('',*,*,#2647,.F.);
#2647 = EDGE_CURVE('',#2549,#2625,#2648,.T.);
#2648 = SURFACE_CURVE('',#2649,(#2653,#2660),.PCURVE_S1.);
#2649 = LINE('',#2650,#2651);
#2650 = CARTESIAN_POINT('',(0.765,-0.4,3.5E-02));
#2651 = VECTOR('',#2652,1.);
#2652 = DIRECTION('',(-1.,0.,0.));
#2653 = PCURVE('',#2564,#2654);
#2654 = DEFINITIONAL_REPRESENTATION('',(#2655),#2659);
#2655 = LINE('',#2656,#2657);
#2656 = CARTESIAN_POINT('',(0.,-0.));
#2657 = VECTOR('',#2658,1.);
#2658 = DIRECTION('',(1.,0.));
#2659 = ( GEOMETRIC_REPRESENTATION_CONTEXT(2) 
PARAMETRIC_REPRESENTATION_CONTEXT() REPRESENTATION_CONTEXT('2D SPACE',''
  ) );
#2660 = PCURVE('',#2509,#2661);
#2661 = DEFINITIONAL_REPRESENTATION('',(#2662),#2666);
#2662 = LINE('',#2663,#2664);
#2663 = CARTESIAN_POINT('',(-0.765,-0.4));
#2664 = VECTOR('',#2665,1.);
#2665 = DIRECTION('',(1.,0.));
#2666 = ( GEOMETRIC_REPRESENTATION_CONTEXT(2) 
PARAMETRIC_REPRESENTATION_CONTEXT() REPRESENTATION_CONTEXT('2D SPACE',''
  ) );
#2667 = ADVANCED_FACE('',(#2668),#2427,.T.);
#2668 = FACE_BOUND('',#2669,.T.);
#2669 = EDGE_LOOP('',(#2670,#2671,#2692,#2693));
#2670 = ORIENTED_EDGE('',*,*,#2624,.T.);
#2671 = ORIENTED_EDGE('',*,*,#2672,.T.);
#2672 = EDGE_CURVE('',#2602,#2407,#2673,.T.);
#2673 = SURFACE_CURVE('',#2674,(#2678,#2685),.PCURVE_S1.);
#2674 = LINE('',#2675,#2676);
#2675 = CARTESIAN_POINT('',(-0.765,-0.4,0.415));
#2676 = VECTOR('',#2677,1.);
#2677 = DIRECTION('',(0.,1.,0.));
#2678 = PCURVE('',#2427,#2679);
#2679 = DEFINITIONAL_REPRESENTATION('',(#2680),#2684);
#2680 = LINE('',#2681,#2682);
#2681 = CARTESIAN_POINT('',(0.,-0.38));
#2682 = VECTOR('',#2683,1.);
#2683 = DIRECTION('',(1.,0.));
#2684 = ( GEOMETRIC_REPRESENTATION_CONTEXT(2) 
PARAMETRIC_REPRESENTATION_CONTEXT() REPRESENTATION_CONTEXT('2D SPACE',''
  ) );
#2685 = PCURVE('',#2455,#2686);
#2686 = DEFINITIONAL_REPRESENTATION('',(#2687),#2691);
#2687 = LINE('',#2688,#2689);
#2688 = CARTESIAN_POINT('',(0.765,-0.4));
#2689 = VECTOR('',#2690,1.);
#2690 = DIRECTION('',(0.,1.));
#2691 = ( GEOMETRIC_REPRESENTATION_CONTEXT(2) 
PARAMETRIC_REPRESENTATION_CONTEXT() REPRESENTATION_CONTEXT('2D SPACE',''
  ) );
#2692 = ORIENTED_EDGE('',*,*,#2404,.F.);
#2693 = ORIENTED_EDGE('',*,*,#2694,.F.);
#2694 = EDGE_CURVE('',#2625,#2405,#2695,.T.);
#2695 = SURFACE_CURVE('',#2696,(#2700,#2707),.PCURVE_S1.);
#2696 = LINE('',#2697,#2698);
#2697 = CARTESIAN_POINT('',(-0.765,-0.4,3.5E-02));
#2698 = VECTOR('',#2699,1.);
#2699 = DIRECTION('',(0.,1.,0.));
#2700 = PCURVE('',#2427,#2701);
#2701 = DEFINITIONAL_REPRESENTATION('',(#2702),#2706);
#2702 = LINE('',#2703,#2704);
#2703 = CARTESIAN_POINT('',(0.,0.));
#2704 = VECTOR('',#2705,1.);
#2705 = DIRECTION('',(1.,0.));
#2706 = ( GEOMETRIC_REPRESENTATION_CONTEXT(2) 
PARAMETRIC_REPRESENTATION_CONTEXT() REPRESENTATION_CONTEXT('2D SPACE',''
  ) );
#2707 = PCURVE('',#2509,#2708);
#2708 = DEFINITIONAL_REPRESENTATION('',(#2709),#2713);
#2709 = LINE('',#2710,#2711);
#2710 = CARTESIAN_POINT('',(0.765,-0.4));
#2711 = VECTOR('',#2712,1.);
#2712 = DIRECTION('',(0.,1.));
#2713 = ( GEOMETRIC_REPRESENTATION_CONTEXT(2) 
PARAMETRIC_REPRESENTATION_CONTEXT() REPRESENTATION_CONTEXT('2D SPACE',''
  ) );
#2714 = ADVANCED_FACE('',(#2715),#2509,.T.);
#2715 = FACE_BOUND('',#2716,.T.);
#2716 = EDGE_LOOP('',(#2717,#2718,#2719,#2720));
#2717 = ORIENTED_EDGE('',*,*,#2495,.T.);
#2718 = ORIENTED_EDGE('',*,*,#2576,.T.);
#2719 = ORIENTED_EDGE('',*,*,#2647,.T.);
#2720 = ORIENTED_EDGE('',*,*,#2694,.T.);
#2721 = ADVANCED_FACE('',(#2722),#2455,.F.);
#2722 = FACE_BOUND('',#2723,.F.);
#2723 = EDGE_LOOP('',(#2724,#2725,#2726,#2727));
#2724 = ORIENTED_EDGE('',*,*,#2439,.T.);
#2725 = ORIENTED_EDGE('',*,*,#2525,.T.);
#2726 = ORIENTED_EDGE('',*,*,#2601,.T.);
#2727 = ORIENTED_EDGE('',*,*,#2672,.T.);
#2728 = ( GEOMETRIC_REPRESENTATION_CONTEXT(3) 
GLOBAL_UNCERTAINTY_ASSIGNED_CONTEXT((#2732)) 
GLOBAL_UNIT_ASSIGNED_CONTEXT((#2729,#2730,#2731)) REPRESENTATION_CONTEXT
('Context #1','3D Context with UNIT and UNCERTAINTY') );
#2729 = ( LENGTH_UNIT() NAMED_UNIT(*) SI_UNIT(.MILLI.,.METRE.) );
#2730 = ( NAMED_UNIT(*) PLANE_ANGLE_UNIT() SI_UNIT($,.RADIAN.) );
#2731 = ( NAMED_UNIT(*) SI_UNIT($,.STERADIAN.) SOLID_ANGLE_UNIT() );
#2732 = UNCERTAINTY_MEASURE_WITH_UNIT(LENGTH_MEASURE(1.E-07),#2729,
  'distance_accuracy_value','confusion accuracy');
#2733 = SHAPE_DEFINITION_REPRESENTATION(#2734,#2397);
#2734 = PRODUCT_DEFINITION_SHAPE('','',#2735);
#2735 = PRODUCT_DEFINITION('design','',#2736,#2739);
#2736 = PRODUCT_DEFINITION_FORMATION('','',#2737);
#2737 = PRODUCT('CeramicBody','CeramicBody','',(#2738));
#2738 = PRODUCT_CONTEXT('',#2,'mechanical');
#2739 = PRODUCT_DEFINITION_CONTEXT('part definition',#2,'design');
#2740 = CONTEXT_DEPENDENT_SHAPE_REPRESENTATION(#2741,#2743);
#2741 = ( REPRESENTATION_RELATIONSHIP('','',#2397,#10) 
REPRESENTATION_RELATIONSHIP_WITH_TRANSFORMATION(#2742) 
SHAPE_REPRESENTATION_RELATIONSHIP() );
#2742 = ITEM_DEFINED_TRANSFORMATION('','',#11,#23);
#2743 = PRODUCT_DEFINITION_SHAPE('Placement','Placement of an item',
  #2744);
#2744 = NEXT_ASSEMBLY_USAGE_OCCURRENCE('3','CeramicBody','',#5,#2735,$);
#2745 = PRODUCT_RELATED_PRODUCT_CATEGORY('part',$,(#2737));
#2746 = ADVANCED_BREP_SHAPE_REPRESENTATION('',(#11,#2747),#3077);
#2747 = MANIFOLD_SOLID_BREP('',#2748);
#2748 = CLOSED_SHELL('',(#2749,#2869,#2945,#3016,#3043,#3070));
#2749 = ADVANCED_FACE('',(#2750),#2764,.F.);
#2750 = FACE_BOUND('',#2751,.F.);
#2751 = EDGE_LOOP('',(#2752,#2787,#2815,#2843));
#2752 = ORIENTED_EDGE('',*,*,#2753,.T.);
#2753 = EDGE_CURVE('',#2754,#2756,#2758,.T.);
#2754 = VERTEX_POINT('',#2755);
#2755 = CARTESIAN_POINT('',(-0.512707259422,-0.4,0.4075));
#2756 = VERTEX_POINT('',#2757);
#2757 = CARTESIAN_POINT('',(-0.4925,-0.4,0.4425));
#2758 = SURFACE_CURVE('',#2759,(#2763,#2775),.PCURVE_S1.);
#2759 = LINE('',#2760,#2761);
#2760 = CARTESIAN_POINT('',(-0.512707259422,-0.4,0.4075));
#2761 = VECTOR('',#2762,1.);
#2762 = DIRECTION('',(0.5,-1.922962686384E-16,0.866025403784));
#2763 = PCURVE('',#2764,#2769);
#2764 = PLANE('',#2765);
#2765 = AXIS2_PLACEMENT_3D('',#2766,#2767,#2768);
#2766 = CARTESIAN_POINT('',(2.654456534148E-17,-0.4,0.424661802148));
#2767 = DIRECTION('',(-2.562006220046E-33,1.,1.745567404952E-15));
#2768 = DIRECTION('',(0.,1.745567404952E-15,-1.));
#2769 = DEFINITIONAL_REPRESENTATION('',(#2770),#2774);
#2770 = LINE('',#2771,#2772);
#2771 = CARTESIAN_POINT('',(1.716180214756E-02,0.512707259422));
#2772 = VECTOR('',#2773,1.);
#2773 = DIRECTION('',(-0.866025403784,-0.5));
#2774 = ( GEOMETRIC_REPRESENTATION_CONTEXT(2) 
PARAMETRIC_REPRESENTATION_CONTEXT() REPRESENTATION_CONTEXT('2D SPACE',''
  ) );
#2775 = PCURVE('',#2776,#2781);
#2776 = PLANE('',#2777);
#2777 = AXIS2_PLACEMENT_3D('',#2778,#2779,#2780);
#2778 = CARTESIAN_POINT('',(-0.512707259422,-0.4,0.4075));
#2779 = DIRECTION('',(-0.866025403784,3.033185711009E-16,0.5));
#2780 = DIRECTION('',(0.5,-1.922962686384E-16,0.866025403784));
#2781 = DEFINITIONAL_REPRESENTATION('',(#2782),#2786);
#2782 = LINE('',#2783,#2784);
#2783 = CARTESIAN_POINT('',(0.,0.));
#2784 = VECTOR('',#2785,1.);
#2785 = DIRECTION('',(1.,-6.162975822039E-33));
#2786 = ( GEOMETRIC_REPRESENTATION_CONTEXT(2) 
PARAMETRIC_REPRESENTATION_CONTEXT() REPRESENTATION_CONTEXT('2D SPACE',''
  ) );
#2787 = ORIENTED_EDGE('',*,*,#2788,.T.);
#2788 = EDGE_CURVE('',#2756,#2789,#2791,.T.);
#2789 = VERTEX_POINT('',#2790);
#2790 = CARTESIAN_POINT('',(0.4925,-0.4,0.4425));
#2791 = SURFACE_CURVE('',#2792,(#2796,#2803),.PCURVE_S1.);
#2792 = LINE('',#2793,#2794);
#2793 = CARTESIAN_POINT('',(-0.4925,-0.4,0.4425));
#2794 = VECTOR('',#2795,1.);
#2795 = DIRECTION('',(1.,0.,0.));
#2796 = PCURVE('',#2764,#2797);
#2797 = DEFINITIONAL_REPRESENTATION('',(#2798),#2802);
#2798 = LINE('',#2799,#2800);
#2799 = CARTESIAN_POINT('',(-1.783819785244E-02,0.4925));
#2800 = VECTOR('',#2801,1.);
#2801 = DIRECTION('',(0.,-1.));
#2802 = ( GEOMETRIC_REPRESENTATION_CONTEXT(2) 
PARAMETRIC_REPRESENTATION_CONTEXT() REPRESENTATION_CONTEXT('2D SPACE',''
  ) );
#2803 = PCURVE('',#2804,#2809);
#2804 = PLANE('',#2805);
#2805 = AXIS2_PLACEMENT_3D('',#2806,#2807,#2808);
#2806 = CARTESIAN_POINT('',(-0.4925,-0.4,0.4425));
#2807 = DIRECTION('',(0.,2.22044604925E-16,1.));
#2808 = DIRECTION('',(1.,0.,0.));
#2809 = DEFINITIONAL_REPRESENTATION('',(#2810),#2814);
#2810 = LINE('',#2811,#2812);
#2811 = CARTESIAN_POINT('',(0.,0.));
#2812 = VECTOR('',#2813,1.);
#2813 = DIRECTION('',(1.,0.));
#2814 = ( GEOMETRIC_REPRESENTATION_CONTEXT(2) 
PARAMETRIC_REPRESENTATION_CONTEXT() REPRESENTATION_CONTEXT('2D SPACE',''
  ) );
#2815 = ORIENTED_EDGE('',*,*,#2816,.F.);
#2816 = EDGE_CURVE('',#2817,#2789,#2819,.T.);
#2817 = VERTEX_POINT('',#2818);
#2818 = CARTESIAN_POINT('',(0.512707259422,-0.4,0.4075));
#2819 = SURFACE_CURVE('',#2820,(#2824,#2831),.PCURVE_S1.);
#2820 = LINE('',#2821,#2822);
#2821 = CARTESIAN_POINT('',(0.512707259422,-0.4,0.4075));
#2822 = VECTOR('',#2823,1.);
#2823 = DIRECTION('',(-0.5,-1.922962686384E-16,0.866025403784));
#2824 = PCURVE('',#2764,#2825);
#2825 = DEFINITIONAL_REPRESENTATION('',(#2826),#2830);
#2826 = LINE('',#2827,#2828);
#2827 = CARTESIAN_POINT('',(1.716180214756E-02,-0.512707259422));
#2828 = VECTOR('',#2829,1.);
#2829 = DIRECTION('',(-0.866025403784,0.5));
#2830 = ( GEOMETRIC_REPRESENTATION_CONTEXT(2) 
PARAMETRIC_REPRESENTATION_CONTEXT() REPRESENTATION_CONTEXT('2D SPACE',''
  ) );
#2831 = PCURVE('',#2832,#2837);
#2832 = PLANE('',#2833);
#2833 = AXIS2_PLACEMENT_3D('',#2834,#2835,#2836);
#2834 = CARTESIAN_POINT('',(0.512707259422,-0.4,0.4075));
#2835 = DIRECTION('',(0.866025403784,-8.127396617584E-17,0.5));
#2836 = DIRECTION('',(0.5,1.922962686384E-16,-0.866025403784));
#2837 = DEFINITIONAL_REPRESENTATION('',(#2838),#2842);
#2838 = LINE('',#2839,#2840);
#2839 = CARTESIAN_POINT('',(0.,0.));
#2840 = VECTOR('',#2841,1.);
#2841 = DIRECTION('',(-1.,0.));
#2842 = ( GEOMETRIC_REPRESENTATION_CONTEXT(2) 
PARAMETRIC_REPRESENTATION_CONTEXT() REPRESENTATION_CONTEXT('2D SPACE',''
  ) );
#2843 = ORIENTED_EDGE('',*,*,#2844,.F.);
#2844 = EDGE_CURVE('',#2754,#2817,#2845,.T.);
#2845 = SURFACE_CURVE('',#2846,(#2850,#2857),.PCURVE_S1.);
#2846 = LINE('',#2847,#2848);
#2847 = CARTESIAN_POINT('',(-0.512707259422,-0.4,0.4075));
#2848 = VECTOR('',#2849,1.);
#2849 = DIRECTION('',(1.,0.,0.));
#2850 = PCURVE('',#2764,#2851);
#2851 = DEFINITIONAL_REPRESENTATION('',(#2852),#2856);
#2852 = LINE('',#2853,#2854);
#2853 = CARTESIAN_POINT('',(1.716180214756E-02,0.512707259422));
#2854 = VECTOR('',#2855,1.);
#2855 = DIRECTION('',(0.,-1.));
#2856 = ( GEOMETRIC_REPRESENTATION_CONTEXT(2) 
PARAMETRIC_REPRESENTATION_CONTEXT() REPRESENTATION_CONTEXT('2D SPACE',''
  ) );
#2857 = PCURVE('',#2858,#2863);
#2858 = PLANE('',#2859);
#2859 = AXIS2_PLACEMENT_3D('',#2860,#2861,#2862);
#2860 = CARTESIAN_POINT('',(-0.512707259422,-0.4,0.4075));
#2861 = DIRECTION('',(0.,-2.22044604925E-16,-1.));
#2862 = DIRECTION('',(-1.,-0.,0.));
#2863 = DEFINITIONAL_REPRESENTATION('',(#2864),#2868);
#2864 = LINE('',#2865,#2866);
#2865 = CARTESIAN_POINT('',(0.,0.));
#2866 = VECTOR('',#2867,1.);
#2867 = DIRECTION('',(-1.,0.));
#2868 = ( GEOMETRIC_REPRESENTATION_CONTEXT(2) 
PARAMETRIC_REPRESENTATION_CONTEXT() REPRESENTATION_CONTEXT('2D SPACE',''
  ) );
#2869 = ADVANCED_FACE('',(#2870),#2776,.T.);
#2870 = FACE_BOUND('',#2871,.T.);
#2871 = EDGE_LOOP('',(#2872,#2895,#2896,#2919));
#2872 = ORIENTED_EDGE('',*,*,#2873,.F.);
#2873 = EDGE_CURVE('',#2754,#2874,#2876,.T.);
#2874 = VERTEX_POINT('',#2875);
#2875 = CARTESIAN_POINT('',(-0.512707259422,0.4,0.4075));
#2876 = SURFACE_CURVE('',#2877,(#2881,#2888),.PCURVE_S1.);
#2877 = LINE('',#2878,#2879);
#2878 = CARTESIAN_POINT('',(-0.512707259422,-0.4,0.4075));
#2879 = VECTOR('',#2880,1.);
#2880 = DIRECTION('',(3.588297223321E-16,1.,1.487416814334E-17));
#2881 = PCURVE('',#2776,#2882);
#2882 = DEFINITIONAL_REPRESENTATION('',(#2883),#2887);
#2883 = LINE('',#2884,#2885);
#2884 = CARTESIAN_POINT('',(0.,0.));
#2885 = VECTOR('',#2886,1.);
#2886 = DIRECTION('',(-6.162975822039E-33,1.));
#2887 = ( GEOMETRIC_REPRESENTATION_CONTEXT(2) 
PARAMETRIC_REPRESENTATION_CONTEXT() REPRESENTATION_CONTEXT('2D SPACE',''
  ) );
#2888 = PCURVE('',#2858,#2889);
#2889 = DEFINITIONAL_REPRESENTATION('',(#2890),#2894);
#2890 = LINE('',#2891,#2892);
#2891 = CARTESIAN_POINT('',(0.,0.));
#2892 = VECTOR('',#2893,1.);
#2893 = DIRECTION('',(-3.588297223321E-16,1.));
#2894 = ( GEOMETRIC_REPRESENTATION_CONTEXT(2) 
PARAMETRIC_REPRESENTATION_CONTEXT() REPRESENTATION_CONTEXT('2D SPACE',''
  ) );
#2895 = ORIENTED_EDGE('',*,*,#2753,.T.);
#2896 = ORIENTED_EDGE('',*,*,#2897,.T.);
#2897 = EDGE_CURVE('',#2756,#2898,#2900,.T.);
#2898 = VERTEX_POINT('',#2899);
#2899 = CARTESIAN_POINT('',(-0.4925,0.4,0.4425));
#2900 = SURFACE_CURVE('',#2901,(#2905,#2912),.PCURVE_S1.);
#2901 = LINE('',#2902,#2903);
#2902 = CARTESIAN_POINT('',(-0.4925,-0.4,0.4425));
#2903 = VECTOR('',#2904,1.);
#2904 = DIRECTION('',(3.588297223321E-16,1.,1.487416814334E-17));
#2905 = PCURVE('',#2776,#2906);
#2906 = DEFINITIONAL_REPRESENTATION('',(#2907),#2911);
#2907 = LINE('',#2908,#2909);
#2908 = CARTESIAN_POINT('',(4.041451884327E-02,7.771561172376E-18));
#2909 = VECTOR('',#2910,1.);
#2910 = DIRECTION('',(-6.162975822039E-33,1.));
#2911 = ( GEOMETRIC_REPRESENTATION_CONTEXT(2) 
PARAMETRIC_REPRESENTATION_CONTEXT() REPRESENTATION_CONTEXT('2D SPACE',''
  ) );
#2912 = PCURVE('',#2804,#2913);
#2913 = DEFINITIONAL_REPRESENTATION('',(#2914),#2918);
#2914 = LINE('',#2915,#2916);
#2915 = CARTESIAN_POINT('',(-5.551115123126E-17,5.551115123126E-17));
#2916 = VECTOR('',#2917,1.);
#2917 = DIRECTION('',(3.588297223321E-16,1.));
#2918 = ( GEOMETRIC_REPRESENTATION_CONTEXT(2) 
PARAMETRIC_REPRESENTATION_CONTEXT() REPRESENTATION_CONTEXT('2D SPACE',''
  ) );
#2919 = ORIENTED_EDGE('',*,*,#2920,.F.);
#2920 = EDGE_CURVE('',#2874,#2898,#2921,.T.);
#2921 = SURFACE_CURVE('',#2922,(#2926,#2933),.PCURVE_S1.);
#2922 = LINE('',#2923,#2924);
#2923 = CARTESIAN_POINT('',(-0.512707259422,0.4,0.4075));
#2924 = VECTOR('',#2925,1.);
#2925 = DIRECTION('',(0.5,-1.922962686384E-16,0.866025403784));
#2926 = PCURVE('',#2776,#2927);
#2927 = DEFINITIONAL_REPRESENTATION('',(#2928),#2932);
#2928 = LINE('',#2929,#2930);
#2929 = CARTESIAN_POINT('',(-1.389628467673E-16,0.8));
#2930 = VECTOR('',#2931,1.);
#2931 = DIRECTION('',(1.,-6.162975822039E-33));
#2932 = ( GEOMETRIC_REPRESENTATION_CONTEXT(2) 
PARAMETRIC_REPRESENTATION_CONTEXT() REPRESENTATION_CONTEXT('2D SPACE',''
  ) );
#2933 = PCURVE('',#2934,#2939);
#2934 = PLANE('',#2935);
#2935 = AXIS2_PLACEMENT_3D('',#2936,#2937,#2938);
#2936 = CARTESIAN_POINT('',(2.123565227319E-16,0.4,0.424661802148));
#2937 = DIRECTION('',(0.,1.,1.745567404952E-15));
#2938 = DIRECTION('',(0.,1.745567404952E-15,-1.));
#2939 = DEFINITIONAL_REPRESENTATION('',(#2940),#2944);
#2940 = LINE('',#2941,#2942);
#2941 = CARTESIAN_POINT('',(1.716180214756E-02,0.512707259422));
#2942 = VECTOR('',#2943,1.);
#2943 = DIRECTION('',(-0.866025403784,-0.5));
#2944 = ( GEOMETRIC_REPRESENTATION_CONTEXT(2) 
PARAMETRIC_REPRESENTATION_CONTEXT() REPRESENTATION_CONTEXT('2D SPACE',''
  ) );
#2945 = ADVANCED_FACE('',(#2946),#2934,.T.);
#2946 = FACE_BOUND('',#2947,.T.);
#2947 = EDGE_LOOP('',(#2948,#2949,#2972,#2995));
#2948 = ORIENTED_EDGE('',*,*,#2920,.T.);
#2949 = ORIENTED_EDGE('',*,*,#2950,.T.);
#2950 = EDGE_CURVE('',#2898,#2951,#2953,.T.);
#2951 = VERTEX_POINT('',#2952);
#2952 = CARTESIAN_POINT('',(0.4925,0.4,0.4425));
#2953 = SURFACE_CURVE('',#2954,(#2958,#2965),.PCURVE_S1.);
#2954 = LINE('',#2955,#2956);
#2955 = CARTESIAN_POINT('',(-0.4925,0.4,0.4425));
#2956 = VECTOR('',#2957,1.);
#2957 = DIRECTION('',(1.,0.,0.));
#2958 = PCURVE('',#2934,#2959);
#2959 = DEFINITIONAL_REPRESENTATION('',(#2960),#2964);
#2960 = LINE('',#2961,#2962);
#2961 = CARTESIAN_POINT('',(-1.783819785244E-02,0.4925));
#2962 = VECTOR('',#2963,1.);
#2963 = DIRECTION('',(0.,-1.));
#2964 = ( GEOMETRIC_REPRESENTATION_CONTEXT(2) 
PARAMETRIC_REPRESENTATION_CONTEXT() REPRESENTATION_CONTEXT('2D SPACE',''
  ) );
#2965 = PCURVE('',#2804,#2966);
#2966 = DEFINITIONAL_REPRESENTATION('',(#2967),#2971);
#2967 = LINE('',#2968,#2969);
#2968 = CARTESIAN_POINT('',(1.665334536938E-16,0.8));
#2969 = VECTOR('',#2970,1.);
#2970 = DIRECTION('',(1.,0.));
#2971 = ( GEOMETRIC_REPRESENTATION_CONTEXT(2) 
PARAMETRIC_REPRESENTATION_CONTEXT() REPRESENTATION_CONTEXT('2D SPACE',''
  ) );
#2972 = ORIENTED_EDGE('',*,*,#2973,.F.);
#2973 = EDGE_CURVE('',#2974,#2951,#2976,.T.);
#2974 = VERTEX_POINT('',#2975);
#2975 = CARTESIAN_POINT('',(0.512707259422,0.4,0.4075));
#2976 = SURFACE_CURVE('',#2977,(#2981,#2988),.PCURVE_S1.);
#2977 = LINE('',#2978,#2979);
#2978 = CARTESIAN_POINT('',(0.512707259422,0.4,0.4075));
#2979 = VECTOR('',#2980,1.);
#2980 = DIRECTION('',(-0.5,-1.922962686384E-16,0.866025403784));
#2981 = PCURVE('',#2934,#2982);
#2982 = DEFINITIONAL_REPRESENTATION('',(#2983),#2987);
#2983 = LINE('',#2984,#2985);
#2984 = CARTESIAN_POINT('',(1.716180214756E-02,-0.512707259422));
#2985 = VECTOR('',#2986,1.);
#2986 = DIRECTION('',(-0.866025403784,0.5));
#2987 = ( GEOMETRIC_REPRESENTATION_CONTEXT(2) 
PARAMETRIC_REPRESENTATION_CONTEXT() REPRESENTATION_CONTEXT('2D SPACE',''
  ) );
#2988 = PCURVE('',#2832,#2989);
#2989 = DEFINITIONAL_REPRESENTATION('',(#2990),#2994);
#2990 = LINE('',#2991,#2992);
#2991 = CARTESIAN_POINT('',(3.535703676207E-16,0.8));
#2992 = VECTOR('',#2993,1.);
#2993 = DIRECTION('',(-1.,0.));
#2994 = ( GEOMETRIC_REPRESENTATION_CONTEXT(2) 
PARAMETRIC_REPRESENTATION_CONTEXT() REPRESENTATION_CONTEXT('2D SPACE',''
  ) );
#2995 = ORIENTED_EDGE('',*,*,#2996,.F.);
#2996 = EDGE_CURVE('',#2874,#2974,#2997,.T.);
#2997 = SURFACE_CURVE('',#2998,(#3002,#3009),.PCURVE_S1.);
#2998 = LINE('',#2999,#3000);
#2999 = CARTESIAN_POINT('',(-0.512707259422,0.4,0.4075));
#3000 = VECTOR('',#3001,1.);
#3001 = DIRECTION('',(1.,0.,0.));
#3002 = PCURVE('',#2934,#3003);
#3003 = DEFINITIONAL_REPRESENTATION('',(#3004),#3008);
#3004 = LINE('',#3005,#3006);
#3005 = CARTESIAN_POINT('',(1.716180214756E-02,0.512707259422));
#3006 = VECTOR('',#3007,1.);
#3007 = DIRECTION('',(0.,-1.));
#3008 = ( GEOMETRIC_REPRESENTATION_CONTEXT(2) 
PARAMETRIC_REPRESENTATION_CONTEXT() REPRESENTATION_CONTEXT('2D SPACE',''
  ) );
#3009 = PCURVE('',#2858,#3010);
#3010 = DEFINITIONAL_REPRESENTATION('',(#3011),#3015);
#3011 = LINE('',#3012,#3013);
#3012 = CARTESIAN_POINT('',(-2.22044604925E-16,0.8));
#3013 = VECTOR('',#3014,1.);
#3014 = DIRECTION('',(-1.,0.));
#3015 = ( GEOMETRIC_REPRESENTATION_CONTEXT(2) 
PARAMETRIC_REPRESENTATION_CONTEXT() REPRESENTATION_CONTEXT('2D SPACE',''
  ) );
#3016 = ADVANCED_FACE('',(#3017),#2804,.T.);
#3017 = FACE_BOUND('',#3018,.T.);
#3018 = EDGE_LOOP('',(#3019,#3020,#3021,#3042));
#3019 = ORIENTED_EDGE('',*,*,#2897,.F.);
#3020 = ORIENTED_EDGE('',*,*,#2788,.T.);
#3021 = ORIENTED_EDGE('',*,*,#3022,.T.);
#3022 = EDGE_CURVE('',#2789,#2951,#3023,.T.);
#3023 = SURFACE_CURVE('',#3024,(#3028,#3035),.PCURVE_S1.);
#3024 = LINE('',#3025,#3026);
#3025 = CARTESIAN_POINT('',(0.4925,-0.4,0.4425));
#3026 = VECTOR('',#3027,1.);
#3027 = DIRECTION('',(0.,1.,-2.22044604925E-16));
#3028 = PCURVE('',#2804,#3029);
#3029 = DEFINITIONAL_REPRESENTATION('',(#3030),#3034);
#3030 = LINE('',#3031,#3032);
#3031 = CARTESIAN_POINT('',(0.985,0.));
#3032 = VECTOR('',#3033,1.);
#3033 = DIRECTION('',(0.,1.));
#3034 = ( GEOMETRIC_REPRESENTATION_CONTEXT(2) 
PARAMETRIC_REPRESENTATION_CONTEXT() REPRESENTATION_CONTEXT('2D SPACE',''
  ) );
#3035 = PCURVE('',#2832,#3036);
#3036 = DEFINITIONAL_REPRESENTATION('',(#3037),#3041);
#3037 = LINE('',#3038,#3039);
#3038 = CARTESIAN_POINT('',(-4.041451884327E-02,-4.773959005888E-17));
#3039 = VECTOR('',#3040,1.);
#3040 = DIRECTION('',(3.845925372767E-16,1.));
#3041 = ( GEOMETRIC_REPRESENTATION_CONTEXT(2) 
PARAMETRIC_REPRESENTATION_CONTEXT() REPRESENTATION_CONTEXT('2D SPACE',''
  ) );
#3042 = ORIENTED_EDGE('',*,*,#2950,.F.);
#3043 = ADVANCED_FACE('',(#3044),#2832,.T.);
#3044 = FACE_BOUND('',#3045,.T.);
#3045 = EDGE_LOOP('',(#3046,#3047,#3048,#3069));
#3046 = ORIENTED_EDGE('',*,*,#3022,.F.);
#3047 = ORIENTED_EDGE('',*,*,#2816,.F.);
#3048 = ORIENTED_EDGE('',*,*,#3049,.T.);
#3049 = EDGE_CURVE('',#2817,#2974,#3050,.T.);
#3050 = SURFACE_CURVE('',#3051,(#3055,#3062),.PCURVE_S1.);
#3051 = LINE('',#3052,#3053);
#3052 = CARTESIAN_POINT('',(0.512707259422,-0.4,0.4075));
#3053 = VECTOR('',#3054,1.);
#3054 = DIRECTION('',(-2.576281494458E-17,1.,2.071704367817E-16));
#3055 = PCURVE('',#2832,#3056);
#3056 = DEFINITIONAL_REPRESENTATION('',(#3057),#3061);
#3057 = LINE('',#3058,#3059);
#3058 = CARTESIAN_POINT('',(0.,0.));
#3059 = VECTOR('',#3060,1.);
#3060 = DIRECTION('',(0.,1.));
#3061 = ( GEOMETRIC_REPRESENTATION_CONTEXT(2) 
PARAMETRIC_REPRESENTATION_CONTEXT() REPRESENTATION_CONTEXT('2D SPACE',''
  ) );
#3062 = PCURVE('',#2858,#3063);
#3063 = DEFINITIONAL_REPRESENTATION('',(#3064),#3068);
#3064 = LINE('',#3065,#3066);
#3065 = CARTESIAN_POINT('',(-1.025414518843,0.));
#3066 = VECTOR('',#3067,1.);
#3067 = DIRECTION('',(2.576281494458E-17,1.));
#3068 = ( GEOMETRIC_REPRESENTATION_CONTEXT(2) 
PARAMETRIC_REPRESENTATION_CONTEXT() REPRESENTATION_CONTEXT('2D SPACE',''
  ) );
#3069 = ORIENTED_EDGE('',*,*,#2973,.T.);
#3070 = ADVANCED_FACE('',(#3071),#2858,.T.);
#3071 = FACE_BOUND('',#3072,.T.);
#3072 = EDGE_LOOP('',(#3073,#3074,#3075,#3076));
#3073 = ORIENTED_EDGE('',*,*,#3049,.F.);
#3074 = ORIENTED_EDGE('',*,*,#2844,.F.);
#3075 = ORIENTED_EDGE('',*,*,#2873,.T.);
#3076 = ORIENTED_EDGE('',*,*,#2996,.T.);
#3077 = ( GEOMETRIC_REPRESENTATION_CONTEXT(3) 
GLOBAL_UNCERTAINTY_ASSIGNED_CONTEXT((#3081)) 
GLOBAL_UNIT_ASSIGNED_CONTEXT((#3078,#3079,#3080)) REPRESENTATION_CONTEXT
('Context #1','3D Context with UNIT and UNCERTAINTY') );
#3078 = ( LENGTH_UNIT() NAMED_UNIT(*) SI_UNIT(.MILLI.,.METRE.) );
#3079 = ( NAMED_UNIT(*) PLANE_ANGLE_UNIT() SI_UNIT($,.RADIAN.) );
#3080 = ( NAMED_UNIT(*) SI_UNIT($,.STERADIAN.) SOLID_ANGLE_UNIT() );
#3081 = UNCERTAINTY_MEASURE_WITH_UNIT(LENGTH_MEASURE(1.E-07),#3078,
  'distance_accuracy_value','confusion accuracy');
#3082 = SHAPE_DEFINITION_REPRESENTATION(#3083,#2746);
#3083 = PRODUCT_DEFINITION_SHAPE('','',#3084);
#3084 = PRODUCT_DEFINITION('design','',#3085,#3088);
#3085 = PRODUCT_DEFINITION_FORMATION('','',#3086);
#3086 = PRODUCT('CoatingBody','CoatingBody','',(#3087));
#3087 = PRODUCT_CONTEXT('',#2,'mechanical');
#3088 = PRODUCT_DEFINITION_CONTEXT('part definition',#2,'design');
#3089 = CONTEXT_DEPENDENT_SHAPE_REPRESENTATION(#3090,#3092);
#3090 = ( REPRESENTATION_RELATIONSHIP('','',#2746,#10) 
REPRESENTATION_RELATIONSHIP_WITH_TRANSFORMATION(#3091) 
SHAPE_REPRESENTATION_RELATIONSHIP() );
#3091 = ITEM_DEFINED_TRANSFORMATION('','',#11,#27);
#3092 = PRODUCT_DEFINITION_SHAPE('Placement','Placement of an item',
  #3093);
#3093 = NEXT_ASSEMBLY_USAGE_OCCURRENCE('4','CoatingBody','',#5,#3084,$);
#3094 = PRODUCT_RELATED_PRODUCT_CATEGORY('part',$,(#3086));
#3095 = MECHANICAL_DESIGN_GEOMETRIC_PRESENTATION_REPRESENTATION('',(
    #3096),#3077);
#3096 = STYLED_ITEM('color',(#3097),#2747);
#3097 = PRESENTATION_STYLE_ASSIGNMENT((#3098,#3104));
#3098 = SURFACE_STYLE_USAGE(.BOTH.,#3099);
#3099 = SURFACE_SIDE_STYLE('',(#3100));
#3100 = SURFACE_STYLE_FILL_AREA(#3101);
#3101 = FILL_AREA_STYLE('',(#3102));
#3102 = FILL_AREA_STYLE_COLOUR('',#3103);
#3103 = DRAUGHTING_PRE_DEFINED_COLOUR('black');
#3104 = CURVE_STYLE('',#3105,POSITIVE_LENGTH_MEASURE(0.1),#3106);
#3105 = DRAUGHTING_PRE_DEFINED_CURVE_FONT('continuous');
#3106 = COLOUR_RGB('',0.345868924627,0.345868924627,0.345868924627);
#3107 = MECHANICAL_DESIGN_GEOMETRIC_PRESENTATION_REPRESENTATION('',(
    #3108),#2379);
#3108 = STYLED_ITEM('color',(#3109),#1179);
#3109 = PRESENTATION_STYLE_ASSIGNMENT((#3110,#3116));
#3110 = SURFACE_STYLE_USAGE(.BOTH.,#3111);
#3111 = SURFACE_SIDE_STYLE('',(#3112));
#3112 = SURFACE_STYLE_FILL_AREA(#3113);
#3113 = FILL_AREA_STYLE('',(#3114));
#3114 = FILL_AREA_STYLE_COLOUR('',#3115);
#3115 = COLOUR_RGB('',0.906331759313,0.906331759313,0.906331759313);
#3116 = CURVE_STYLE('',#3117,POSITIVE_LENGTH_MEASURE(0.1),#3106);
#3117 = DRAUGHTING_PRE_DEFINED_CURVE_FONT('continuous');
#3118 = MECHANICAL_DESIGN_GEOMETRIC_PRESENTATION_REPRESENTATION('',(
    #3119),#1160);
#3119 = STYLED_ITEM('color',(#3120),#38);
#3120 = PRESENTATION_STYLE_ASSIGNMENT((#3121,#3126));
#3121 = SURFACE_STYLE_USAGE(.BOTH.,#3122);
#3122 = SURFACE_SIDE_STYLE('',(#3123));
#3123 = SURFACE_STYLE_FILL_AREA(#3124);
#3124 = FILL_AREA_STYLE('',(#3125));
#3125 = FILL_AREA_STYLE_COLOUR('',#3115);
#3126 = CURVE_STYLE('',#3127,POSITIVE_LENGTH_MEASURE(0.1),#3106);
#3127 = DRAUGHTING_PRE_DEFINED_CURVE_FONT('continuous');
#3128 = MECHANICAL_DESIGN_GEOMETRIC_PRESENTATION_REPRESENTATION('',(
    #3129),#2728);
#3129 = STYLED_ITEM('color',(#3130),#2398);
#3130 = PRESENTATION_STYLE_ASSIGNMENT((#3131,#3137));
#3131 = SURFACE_STYLE_USAGE(.BOTH.,#3132);
#3132 = SURFACE_SIDE_STYLE('',(#3133));
#3133 = SURFACE_STYLE_FILL_AREA(#3134);
#3134 = FILL_AREA_STYLE('',(#3135));
#3135 = FILL_AREA_STYLE_COLOUR('',#3136);
#3136 = DRAUGHTING_PRE_DEFINED_COLOUR('white');
#3137 = CURVE_STYLE('',#3138,POSITIVE_LENGTH_MEASURE(0.1),#3106);
#3138 = DRAUGHTING_PRE_DEFINED_CURVE_FONT('continuous');
ENDSEC;
END-ISO-10303-21;
